Sample_new,Bplasma_AtM_Blood,Bplasma_AtM_DUSP4,Bplasma_B_HSP,Bplasma_B_ISG15,Bplasma_Bcycling,Bplasma_Bgc_RGS13,Bplasma_Bm_ITGB1,Bplasma_Bm_NR4A2,Bplasma_Bm_TXNIP,Bplasma_Bn_NR4A2,Bplasma_Bn_TCL1A,Bplasma_Plasma_CD52,Bplasma_Plasma_IGHA1,Bplasma_Plasma_IGHG1,Bplasma_Plasma_MT1X,Bplasma_Plasmablast,CD4_ISG,CD4_Mix,CD4_Tem,CD4_Temra,CD4_Tfh,CD4_TfhTh1,CD4_Th17,CD4_Tm,CD4_Tn,CD4_Treg,CD8_IEL,CD8_ISG,CD8_MAIT,CD8_Tem,CD8_Temra,CD8_Tex,CD8_Tk,CD8_Tm,CD8_Tn,CD8_Tprolif,CD8_Trm,CD8_gdT,Endo_Endo_arteries_CLU,Endo_Endo_arteries_COL1A1,Endo_Endo_arteries_DNAJB1,Endo_Endo_capillaries_FABP4,Endo_Endo_capillaries_RGCC,Endo_Endo_lymphatics_PROX1,Endo_Endo_tips_ATP5F1E,Endo_Endo_tips_CXCR4,Endo_Endo_tips_DNAJB1,Endo_Endo_tips_KDR,Endo_Endo_veins_CLU,Endo_Endo_veins_COL4A1,Endo_Endo_veins_IGFBP5,Endo_Endo_veins_SELE,Epithelial/Tumor cells,Fib_ADAMDEC1+ Fib,Fib_ADH1B+ Fib,Fib_CCL19 Fib,Fib_CD74+ Fib,Fib_CTNNB1+ Fib,Fib_Fib-SOX6+,Fib_Fib-like-SMC,Fib_HOPX Fib,Fib_HSPA6 Fib,Fib_IL6+ Fib,Fib_LRRC15+ Fib,Fib_MMP1+ Fib,Fib_MYH11+ SMC,Fib_PI16+ Fib,Fib_Pericyte,Fib_PvC,Fib_SFRP2+ Fib,Fib_SFRP4+ Fib,Fib_SOX6+Fib,Fib_STMN1+ proliferative Fib,ILC_ILC3,ILC_NK-CD16hi-MKI67,ILC_NK-CD16hiCD56hi,ILC_NK-CD16hi_CREM,ILC_NK-CD16hi_DNAJB1,ILC_NK-CD16hi_GZMK,ILC_NK-CD16hi_NFKBIA,ILC_NK-CD16lo-GZMK,ILC_NK-CD16lo-IL7R,ILC_NK-CD16loCD56lo,ILC_NK-ISG15,ILC_NK-MT1X,ILC_NK_CD16hi_FGFBP2,ILC_NK_CD16hi_NR4A3,ILC_NK_CD16lo_CREM,ILC_Unknown,Myeloid_Macro_CLEC10A,Myeloid_Macro_CXCL9,Myeloid_Macro_IL1B,Myeloid_Macro_ISG15,Myeloid_Macro_LIPA,Myeloid_Macro_LYVE1,Myeloid_Macro_MKI67,Myeloid_Macro_NLRP3,Myeloid_Macro_PPARG,Myeloid_Macro_SPP1,Myeloid_Mast,Myeloid_Mono_CD14,Myeloid_Mono_CD14|FCGR3A,Myeloid_Mono_FCGR3A,Myeloid_Neutrophils,Myeloid_cDC_CD1C,Myeloid_cDC_CD207,Myeloid_cDC_CLEC9A,Myeloid_cDC_LAMP3,Myeloid_pDC,NA
0_Post,22,0,0,0,0,0,15,0,38,1,141,0,0,0,0,0,3,33,29,63,3,1,44,321,612,44,0,8,216,254,1050,6,1,136,3471,5,10,7,0,0,0,0,0,0,0,0,0,0,0,0,0,0,0,0,0,0,0,0,0,0,0,0,0,0,0,0,0,0,0,0,0,0,0,0,0,68,0,0,63,2,1,34,0,1,0,742,2,0,0,5,0,0,0,1,0,0,0,2,0,0,620,3,179,43,39,1,1,0,2,2096
0_Pre,6,0,0,0,0,0,8,0,24,0,107,0,0,0,0,0,4,63,46,94,4,0,59,404,691,69,5,17,345,553,1215,0,0,237,4857,5,25,17,0,0,0,0,0,0,0,0,0,0,0,0,0,0,0,0,0,0,0,0,0,0,0,0,0,0,0,0,0,0,0,0,0,0,0,0,3,19,0,0,17,3,0,8,0,0,0,327,0,0,0,3,0,0,0,3,1,0,0,0,0,0,856,3,235,33,19,1,0,0,1,1733
12-153_Post,0,0,0,0,0,0,0,0,0,0,0,0,0,0,0,0,1,10,14,24,0,0,0,38,28,0,4,86,40,814,1680,0,0,431,4755,8,113,19,0,0,0,0,0,0,0,0,0,0,0,0,0,0,0,0,0,0,0,0,0,0,0,0,0,0,0,0,0,0,0,0,0,0,0,0,0,0,0,0,0,0,0,0,0,0,0,0,0,0,0,0,0,0,0,0,0,0,0,0,0,0,0,0,0,0,0,0,0,0,0,11
12-153_Pre,0,0,0,0,0,0,0,0,0,0,0,0,0,0,0,0,0,1,4,3,0,0,0,9,7,0,3,8,21,353,248,0,0,134,1831,2,16,13,0,0,0,0,0,0,0,0,0,0,0,0,0,0,0,0,0,0,0,0,0,0,0,0,0,0,0,0,0,0,0,0,0,0,0,0,0,0,0,0,0,0,0,0,0,0,0,0,0,0,0,0,0,0,0,0,0,0,0,0,0,0,0,0,0,0,0,0,0,0,0,1
12-211_Post,0,0,0,0,0,0,0,0,0,0,0,0,0,0,0,0,1,0,2,2,0,0,0,4,6,0,2,15,0,67,204,1,0,39,571,0,5,2,0,0,0,0,0,0,0,0,0,0,0,0,0,0,0,0,0,0,0,0,0,0,0,0,0,0,0,0,0,0,0,0,0,0,0,0,0,0,0,0,0,0,0,0,0,0,0,0,0,0,0,0,0,0,0,0,0,0,0,0,0,0,0,0,0,0,0,0,0,0,0,4
12-267_Post,0,0,0,0,0,0,0,0,0,0,0,0,0,0,0,0,0,1,11,36,0,0,0,15,10,0,1,47,22,367,1997,0,0,168,1320,5,82,21,0,0,0,0,0,0,0,0,0,0,0,0,0,0,0,0,0,0,0,0,0,0,0,0,0,0,0,0,0,0,0,0,0,0,0,0,0,0,0,0,0,0,0,0,0,0,0,0,0,0,0,0,0,0,0,0,0,0,0,0,0,0,0,0,0,0,0,0,0,0,0,2
12-267_Pre,0,0,0,0,0,0,0,0,0,0,0,0,0,0,0,0,0,0,0,3,0,0,0,0,1,0,0,4,0,39,376,0,0,32,204,1,10,2,0,0,0,0,0,0,0,0,0,0,0,0,0,0,0,0,0,0,0,0,0,0,0,0,0,0,0,0,0,0,0,0,0,0,0,0,0,0,0,0,0,0,0,0,0,0,0,0,0,0,0,0,0,0,0,0,0,0,0,0,0,0,0,0,0,0,0,0,0,0,0,0
13-344_Post,0,0,0,0,0,0,0,0,0,0,0,0,0,0,0,0,0,2,15,12,0,0,0,12,15,0,14,142,13,935,1197,1,0,336,1576,1,46,83,0,0,0,0,0,0,0,0,0,0,0,0,0,0,0,0,0,0,0,0,0,0,0,0,0,0,0,0,0,0,0,0,0,0,0,0,0,0,0,0,0,0,0,0,0,0,0,0,0,0,0,0,0,0,0,0,0,0,0,0,0,0,0,0,0,0,0,0,0,0,0,30
13-344_Pre,0,0,0,0,0,0,0,0,0,0,0,0,0,0,0,0,0,0,6,11,0,0,0,5,4,0,4,16,5,359,444,0,0,199,563,2,8,10,0,0,0,0,0,0,0,0,0,0,0,0,0,0,0,0,0,0,0,0,0,0,0,0,0,0,0,0,0,0,0,0,0,0,0,0,0,0,0,0,0,0,0,0,0,0,0,0,0,0,0,0,0,0,0,0,0,0,0,0,0,0,0,0,0,0,0,0,0,0,0,0
13-348_Post,0,0,0,0,0,0,0,0,0,0,0,0,0,0,0,0,0,0,14,22,0,0,2,32,16,0,3,21,6,783,894,0,0,230,2734,0,16,9,0,0,0,0,0,0,0,0,0,0,0,0,0,0,0,0,0,0,0,0,0,0,0,0,0,0,0,0,0,0,0,0,0,0,0,0,0,0,0,0,0,0,0,0,0,0,0,0,0,0,0,0,0,0,0,0,0,0,0,0,0,0,0,0,0,0,0,0,0,0,0,49
13-348_Pre,0,0,0,0,0,0,0,0,0,0,0,0,0,0,0,0,0,0,7,1,0,0,1,10,2,0,0,8,2,511,385,1,0,74,1005,0,15,3,0,0,0,0,0,0,0,0,0,0,0,0,0,0,0,0,0,0,0,0,0,0,0,0,0,0,0,0,0,0,0,0,0,0,0,0,0,0,0,0,0,0,0,0,0,0,0,0,0,0,0,0,0,0,0,0,0,0,0,0,0,0,0,0,0,0,0,0,0,0,0,5
13-349_Post,0,0,0,0,0,0,0,0,0,0,0,0,0,0,0,0,2,1,2,12,0,0,0,5,15,1,2,10,7,79,531,0,0,66,1000,5,13,13,0,0,0,0,0,0,0,0,0,0,0,0,0,0,0,0,0,0,0,0,0,0,0,0,0,0,0,0,0,0,0,0,0,0,0,0,0,0,0,0,0,0,0,0,0,0,0,0,0,0,0,0,0,0,0,0,0,0,0,0,0,0,0,0,0,0,0,0,0,0,0,4
13-349_Pre,0,0,0,0,0,0,0,0,0,0,0,0,0,0,0,0,0,0,0,3,0,0,0,1,1,0,0,5,1,4,154,0,0,8,144,1,0,0,0,0,0,0,0,0,0,0,0,0,0,0,0,0,0,0,0,0,0,0,0,0,0,0,0,0,0,0,0,0,0,0,0,0,0,0,0,0,0,0,0,0,0,0,0,0,0,0,0,0,0,0,0,0,0,0,0,0,0,0,0,0,0,0,0,0,0,0,0,0,0,1
13-447_Post,0,0,0,0,0,0,0,0,0,0,0,0,0,0,0,0,0,2,10,30,0,0,0,11,11,0,1,21,10,337,1178,0,0,112,832,2,5,8,0,0,0,0,0,0,0,0,0,0,0,0,0,0,0,0,0,0,0,0,0,0,0,0,0,0,0,0,0,0,0,0,0,0,0,0,0,0,0,0,0,0,0,0,0,0,0,0,0,0,0,0,0,0,0,0,0,0,0,0,0,0,0,0,0,0,0,0,0,0,0,5
13-447_Pre,0,0,0,0,0,0,0,0,0,0,0,0,0,0,0,0,0,0,6,14,0,0,0,6,9,0,0,9,4,263,575,0,0,110,544,1,1,5,0,0,0,0,0,0,0,0,0,0,0,0,0,0,0,0,0,0,0,0,0,0,0,0,0,0,0,0,0,0,0,0,0,0,0,0,0,0,0,0,0,0,0,0,0,0,0,0,0,0,0,0,0,0,0,0,0,0,0,0,0,0,0,0,0,0,0,0,0,0,0,1
13-471_Post,0,0,0,0,0,0,0,0,0,0,0,0,0,0,0,0,0,1,7,19,0,0,2,6,3,0,0,42,14,398,1404,0,0,102,600,9,26,20,0,0,0,0,0,0,0,0,0,0,0,0,0,0,0,0,0,0,0,0,0,0,0,0,0,0,0,0,0,0,0,0,0,0,0,0,0,0,0,0,0,0,0,0,0,0,0,0,0,0,0,0,0,0,0,0,0,0,0,0,0,0,0,0,0,0,0,0,0,0,0,1
13-508_Post,0,0,0,0,0,0,0,0,0,0,0,0,0,0,0,0,0,0,9,34,0,0,0,3,1,0,2,63,3,407,2344,0,0,154,455,3,52,12,0,0,0,0,0,0,0,0,0,0,0,0,0,0,0,0,0,0,0,0,0,0,0,0,0,0,0,0,0,0,0,0,0,0,0,0,0,0,0,0,0,0,0,0,0,0,0,0,0,0,0,0,0,0,0,0,0,0,0,0,0,0,0,0,0,0,0,0,0,0,0,1
13-588_Post,0,0,0,0,0,0,0,0,0,0,0,0,0,0,0,0,1,1,9,49,0,0,0,32,36,0,24,584,10,530,3048,2,0,394,3928,12,47,63,0,0,0,0,0,0,0,0,0,0,0,0,0,0,0,0,0,0,0,0,0,0,0,0,0,0,0,0,0,0,0,0,0,0,0,0,0,0,0,0,0,0,0,0,0,0,0,0,0,0,0,0,0,0,0,0,0,0,0,0,0,0,0,0,0,0,0,0,0,0,0,121
13-588_Pre,0,0,0,0,0,0,0,0,0,0,0,0,0,0,0,0,0,0,5,3,0,0,0,8,6,0,2,20,1,96,338,0,0,53,668,0,7,12,0,0,0,0,0,0,0,0,0,0,0,0,0,0,0,0,0,0,0,0,0,0,0,0,0,0,0,0,0,0,0,0,0,0,0,0,0,0,0,0,0,0,0,0,0,0,0,0,0,0,0,0,0,0,0,0,0,0,0,0,0,0,0,0,0,0,0,0,0,0,0,15
13-660_Post,0,0,0,0,0,0,0,0,0,0,0,0,0,0,0,0,0,3,6,35,0,0,0,18,38,0,0,30,16,272,1230,1,0,126,2627,6,38,28,0,0,0,0,0,0,0,0,0,0,0,0,0,0,0,0,0,0,0,0,0,0,0,0,0,0,0,0,0,0,0,0,0,0,0,0,0,0,0,0,0,0,0,0,0,0,0,0,0,0,0,0,0,0,0,0,0,0,0,0,0,0,0,0,0,0,0,0,0,0,0,20
13-660_Pre,0,0,0,0,0,0,0,0,0,0,0,0,0,0,0,0,1,1,7,11,0,0,0,8,23,0,1,18,9,91,429,0,0,38,696,1,4,2,0,0,0,0,0,0,0,0,0,0,0,0,0,0,0,0,0,0,0,0,0,0,0,0,0,0,0,0,0,0,0,0,0,0,0,0,0,0,0,0,0,0,0,0,0,0,0,0,0,0,0,0,0,0,0,0,0,0,0,0,0,0,0,0,0,0,0,0,0,0,0,4
13-687_Post,0,0,0,0,0,0,0,0,0,0,0,0,0,0,0,0,0,0,8,34,0,0,0,29,18,0,1,79,5,687,2154,1,0,303,2352,5,48,25,0,0,0,0,0,0,0,0,0,0,0,0,0,0,0,0,0,0,0,0,0,0,0,0,0,0,0,0,0,0,0,0,0,0,0,0,0,0,0,0,0,0,0,0,0,0,0,0,0,0,0,0,0,0,0,0,0,0,0,0,0,0,0,0,0,0,0,0,0,0,0,63
13-687_Pre,0,0,0,0,0,0,0,0,0,0,0,0,0,0,0,0,0,0,1,14,0,0,0,8,9,0,0,8,2,284,725,0,0,72,733,1,10,10,0,0,0,0,0,0,0,0,0,0,0,0,0,0,0,0,0,0,0,0,0,0,0,0,0,0,0,0,0,0,0,0,0,0,0,0,0,0,0,0,0,0,0,0,0,0,0,0,0,0,0,0,0,0,0,0,0,0,0,0,0,0,0,0,0,0,0,0,0,0,0,0
13-689_Post,0,0,0,0,0,0,0,0,0,0,0,0,0,0,0,0,0,0,3,12,0,0,2,16,12,0,144,1013,2,1082,2909,9,0,719,4856,11,111,411,0,0,0,0,0,0,0,0,0,0,0,0,0,0,0,0,0,0,0,0,0,0,0,0,0,0,0,0,0,0,0,0,0,0,0,0,0,0,0,0,0,0,0,0,0,0,0,0,0,0,0,0,0,0,0,0,0,0,0,0,0,0,0,0,0,0,0,0,0,0,0,1433
13-689_Pre,0,0,0,0,0,0,0,0,0,0,0,0,0,0,0,0,2,0,3,3,0,0,0,34,6,0,34,444,3,599,508,6,5,806,1801,2,67,58,0,0,0,0,0,0,0,0,0,0,0,0,0,0,0,0,0,0,0,0,0,0,0,0,0,0,0,0,0,0,0,0,0,0,0,0,0,0,0,0,0,0,0,0,0,0,0,0,0,0,0,0,0,0,0,0,0,0,0,0,0,0,0,0,0,0,0,0,0,0,0,1855
14-1063_Post,0,0,0,0,0,0,0,0,0,0,0,0,0,0,0,0,1,0,4,12,0,0,0,10,46,1,5,34,1,149,535,1,0,30,2199,4,6,31,0,0,0,0,0,0,0,0,0,0,0,0,0,0,0,0,0,0,0,0,0,0,0,0,0,0,0,0,0,0,0,0,0,0,0,0,0,0,0,0,0,0,0,0,0,0,0,0,0,0,0,0,0,0,0,0,0,0,0,0,0,0,0,0,0,0,0,0,0,0,0,18
14-1063_Pre,0,0,0,0,0,0,0,0,0,0,0,0,0,0,0,0,0,0,0,1,0,0,1,12,24,0,1,3,3,130,217,0,0,12,1409,1,4,23,0,0,0,0,0,0,0,0,0,0,0,0,0,0,0,0,0,0,0,0,0,0,0,0,0,0,0,0,0,0,0,0,0,0,0,0,0,0,0,0,0,0,0,0,0,0,0,0,0,0,0,0,0,0,0,0,0,0,0,0,0,0,0,0,0,0,0,0,0,0,0,1
14-1128_Post,0,0,0,0,0,0,0,0,0,0,0,0,0,0,0,0,0,2,46,117,0,0,2,9,12,0,4,82,0,1402,6066,0,0,173,795,30,90,283,0,0,0,0,0,0,0,0,0,0,0,0,0,0,0,0,0,0,0,0,0,0,0,0,0,0,0,0,0,0,0,0,0,0,0,0,0,0,0,0,0,0,0,0,0,0,0,0,0,0,0,0,0,0,0,0,0,0,0,0,0,0,0,0,0,0,0,0,0,0,0,47
14-1128_Pre,0,0,0,0,0,0,0,0,0,0,0,0,0,0,0,0,0,0,20,29,0,0,0,2,2,0,1,44,0,647,2018,0,0,61,215,11,60,70,0,0,0,0,0,0,0,0,0,0,0,0,0,0,0,0,0,0,0,0,0,0,0,0,0,0,0,0,0,0,0,0,0,0,0,0,0,0,0,0,0,0,0,0,0,0,0,0,0,0,0,0,0,0,0,0,0,0,0,0,0,0,0,0,0,0,0,0,0,0,0,27
14-1138_Post,0,0,0,0,0,0,0,0,0,0,0,0,0,0,0,0,1,0,4,3,0,0,0,3,5,0,1,62,0,247,245,0,0,27,631,1,3,7,0,0,0,0,0,0,0,0,0,0,0,0,0,0,0,0,0,0,0,0,0,0,0,0,0,0,0,0,0,0,0,0,0,0,0,0,0,0,0,0,0,0,0,0,0,0,0,0,0,0,0,0,0,0,0,0,0,0,0,0,0,0,0,0,0,0,0,0,0,0,0,23
14-1138_Pre,0,0,0,0,0,0,0,0,0,0,0,0,0,0,0,0,0,0,1,0,0,0,0,2,1,0,0,21,0,54,48,0,0,16,192,0,0,3,0,0,0,0,0,0,0,0,0,0,0,0,0,0,0,0,0,0,0,0,0,0,0,0,0,0,0,0,0,0,0,0,0,0,0,0,0,0,0,0,0,0,0,0,0,0,0,0,0,0,0,0,0,0,0,0,0,0,0,0,0,0,0,0,0,0,0,0,0,0,0,2
14-1189_aCTLA-4_Post,0,0,0,0,0,0,0,0,0,0,0,0,0,0,0,0,1,0,24,68,2,0,0,26,11,0,29,483,16,1651,5967,0,1,818,2830,17,65,127,0,0,0,0,0,0,0,0,0,0,0,0,0,0,0,0,0,0,0,0,0,0,0,0,0,0,0,0,0,0,0,0,0,0,0,0,0,0,0,0,0,0,0,0,0,0,0,0,0,0,0,0,0,0,0,0,0,0,0,0,0,0,0,0,0,0,0,0,0,0,0,154
14-1189_aCTLA-4_Pre,0,0,0,0,0,0,0,0,0,0,0,0,0,0,0,0,0,0,2,1,0,0,0,9,1,0,1,11,0,176,43,0,0,118,547,0,5,2,0,0,0,0,0,0,0,0,0,0,0,0,0,0,0,0,0,0,0,0,0,0,0,0,0,0,0,0,0,0,0,0,0,0,0,0,0,0,0,0,0,0,0,0,0,0,0,0,0,0,0,0,0,0,0,0,0,0,0,0,0,0,0,0,0,0,0,0,0,0,0,62
14-1189_aPD1_Post,0,0,0,0,0,0,0,0,0,0,0,0,0,0,0,0,1,0,55,130,0,0,3,56,13,0,37,35,39,2670,7185,0,0,802,2827,4,272,265,0,0,0,0,0,0,0,0,0,0,0,0,0,0,0,0,0,0,0,0,0,0,0,0,0,0,0,0,0,0,0,0,0,0,0,0,0,0,0,0,0,0,0,0,0,0,0,0,0,0,0,0,0,0,0,0,0,0,0,0,0,0,0,0,0,0,0,0,0,0,0,16
14-1189_aPD1_Pre,0,0,0,0,0,0,0,0,0,0,0,0,0,0,0,0,0,0,10,19,0,0,1,12,4,0,9,12,5,631,1613,0,0,263,781,1,94,60,0,0,0,0,0,0,0,0,0,0,0,0,0,0,0,0,0,0,0,0,0,0,0,0,0,0,0,0,0,0,0,0,0,0,0,0,0,0,0,0,0,0,0,0,0,0,0,0,0,0,0,0,0,0,0,0,0,0,0,0,0,0,0,0,0,0,0,0,0,0,0,0
14-1319_Post,0,0,0,0,0,0,0,0,0,0,0,0,0,0,0,0,0,0,9,24,0,0,0,4,9,0,10,80,3,502,1340,0,0,63,807,1,19,14,0,0,0,0,0,0,0,0,0,0,0,0,0,0,0,0,0,0,0,0,0,0,0,0,0,0,0,0,0,0,0,0,0,0,0,0,0,0,0,0,0,0,0,0,0,0,0,0,0,0,0,0,0,0,0,0,0,0,0,0,0,0,0,0,0,0,0,0,0,0,0,25
14-745_Post,0,0,0,0,0,0,0,0,0,0,0,0,0,0,0,0,0,0,2,7,0,0,1,11,5,0,1,11,6,104,271,0,0,69,1090,0,6,2,0,0,0,0,0,0,0,0,0,0,0,0,0,0,0,0,0,0,0,0,0,0,0,0,0,0,0,0,0,0,0,0,0,0,0,0,0,0,0,0,0,0,0,0,0,0,0,0,0,0,0,0,0,0,0,0,0,0,0,0,0,0,0,0,0,0,0,0,0,0,0,3
14-745_Pre,0,0,0,0,0,0,0,0,0,0,0,0,0,0,0,0,0,0,0,2,0,0,0,6,2,0,0,0,3,46,102,0,0,35,384,0,1,2,0,0,0,0,0,0,0,0,0,0,0,0,0,0,0,0,0,0,0,0,0,0,0,0,0,0,0,0,0,0,0,0,0,0,0,0,0,0,0,0,0,0,0,0,0,0,0,0,0,0,0,0,0,0,0,0,0,0,0,0,0,0,0,0,0,0,0,0,0,0,0,0
14-835_Post,0,0,0,0,0,0,0,0,0,0,0,0,0,0,0,0,0,1,2,0,0,0,0,2,3,0,7,121,6,1584,326,9,0,354,3127,4,199,67,0,0,0,0,0,0,0,0,0,0,0,0,0,0,0,0,0,0,0,0,0,0,0,0,0,0,0,0,0,0,0,0,0,0,0,0,0,0,0,0,0,0,0,0,0,0,0,0,0,0,0,0,0,0,0,0,0,0,0,0,0,0,0,0,0,0,0,0,0,0,0,162
14-835_Pre,0,0,0,0,0,0,0,0,0,0,0,0,0,0,0,0,0,0,1,0,0,0,0,1,1,0,4,23,0,633,47,1,0,139,760,0,1,13,0,0,0,0,0,0,0,0,0,0,0,0,0,0,0,0,0,0,0,0,0,0,0,0,0,0,0,0,0,0,0,0,0,0,0,0,0,0,0,0,0,0,0,0,0,0,0,0,0,0,0,0,0,0,0,0,0,0,0,0,0,0,0,0,0,0,0,0,0,0,0,86
14-839_Post,0,0,0,0,0,0,0,0,0,0,0,0,0,0,0,0,1,10,24,133,0,0,1,67,72,3,16,19,4,311,3176,1,0,154,1807,4,32,165,0,0,0,0,0,0,0,0,0,0,0,0,0,0,0,0,0,0,0,0,0,0,0,0,0,0,0,0,0,0,0,0,0,0,0,0,0,0,0,0,0,0,0,0,0,0,0,0,0,0,0,0,0,0,0,0,0,0,0,0,0,0,0,0,0,0,0,0,0,0,0,14
14-839_Pre,0,0,0,0,0,0,0,0,0,0,0,0,0,0,0,0,2,1,3,21,0,0,0,14,8,0,4,91,1,94,520,1,0,50,523,8,29,51,0,0,0,0,0,0,0,0,0,0,0,0,0,0,0,0,0,0,0,0,0,0,0,0,0,0,0,0,0,0,0,0,0,0,0,0,0,0,0,0,0,0,0,0,0,0,0,0,0,0,0,0,0,0,0,0,0,0,0,0,0,0,0,0,0,0,0,0,0,0,0,14
14-970_Post,0,0,0,0,0,0,0,0,0,0,0,0,0,0,0,0,1,0,27,52,0,0,1,35,26,1,4,188,1,958,2042,1,0,213,1891,8,35,42,0,0,0,0,0,0,0,0,0,0,0,0,0,0,0,0,0,0,0,0,0,0,0,0,0,0,0,0,0,0,0,0,0,0,0,0,0,0,0,0,0,0,0,0,0,0,0,0,0,0,0,0,0,0,0,0,0,0,0,0,0,0,0,0,0,0,0,0,0,0,0,34
14-970_Pre,0,0,0,0,0,0,0,0,0,0,0,0,0,0,0,0,0,0,7,7,0,0,0,4,5,0,0,32,1,251,370,1,0,67,383,3,12,5,0,0,0,0,0,0,0,0,0,0,0,0,0,0,0,0,0,0,0,0,0,0,0,0,0,0,0,0,0,0,0,0,0,0,0,0,0,0,0,0,0,0,0,0,0,0,0,0,0,0,0,0,0,0,0,0,0,0,0,0,0,0,0,0,0,0,0,0,0,0,0,13
14-998_Post,0,0,0,0,0,0,0,0,0,0,0,0,0,0,0,0,0,0,5,4,0,0,0,9,7,0,1,203,6,141,161,7,0,114,805,3,14,2,0,0,0,0,0,0,0,0,0,0,0,0,0,0,0,0,0,0,0,0,0,0,0,0,0,0,0,0,0,0,0,0,0,0,0,0,0,0,0,0,0,0,0,0,0,0,0,0,0,0,0,0,0,0,0,0,0,0,0,0,0,0,0,0,0,0,0,0,0,0,0,14
14-998_Pre,0,0,0,0,0,0,0,0,0,0,0,0,0,0,0,0,0,0,2,2,0,0,0,10,7,0,0,29,5,117,71,1,0,37,397,1,4,1,0,0,0,0,0,0,0,0,0,0,0,0,0,0,0,0,0,0,0,0,0,0,0,0,0,0,0,0,0,0,0,0,0,0,0,0,0,0,0,0,0,0,0,0,0,0,0,0,0,0,0,0,0,0,0,0,0,0,0,0,0,0,0,0,0,0,0,0,0,0,0,10
15-1471_Post,0,0,0,0,0,0,0,0,0,0,0,0,0,0,0,0,0,1,0,16,0,0,0,0,2,0,105,1150,47,1066,19365,9,0,1489,847,24,227,55,0,0,0,0,0,0,0,0,0,0,0,0,0,0,0,0,0,0,0,0,0,0,0,0,0,0,0,0,0,0,0,0,0,0,0,0,0,0,0,0,0,0,0,0,0,0,0,0,0,0,0,0,0,0,0,0,0,0,0,0,0,0,0,0,0,0,0,0,0,0,0,281
15-1471_Pre,0,0,0,0,0,0,0,0,0,0,0,0,0,0,0,0,0,0,0,0,0,0,0,0,0,0,6,40,2,30,344,0,0,56,37,0,1,0,0,0,0,0,0,0,0,0,0,0,0,0,0,0,0,0,0,0,0,0,0,0,0,0,0,0,0,0,0,0,0,0,0,0,0,0,0,0,0,0,0,0,0,0,0,0,0,0,0,0,0,0,0,0,0,0,0,0,0,0,0,0,0,0,0,0,0,0,0,0,0,9
16-2006_Post,0,0,0,0,0,0,0,0,0,0,0,0,0,0,0,0,4,0,20,69,0,0,1,40,11,0,39,320,14,1915,8814,12,0,346,2353,15,100,1422,0,0,0,0,0,0,0,0,0,0,0,0,0,0,0,0,0,0,0,0,0,0,0,0,0,0,0,0,0,0,0,0,0,0,0,0,0,0,0,0,0,0,0,0,0,0,0,0,0,0,0,0,0,0,0,0,0,0,0,0,0,0,0,0,0,0,0,0,0,0,0,730
16-2006_Pre,0,0,0,0,0,0,0,0,0,0,0,0,0,0,0,0,0,0,3,0,0,0,0,3,0,0,14,97,0,801,1309,1,0,173,516,0,8,305,0,0,0,0,0,0,0,0,0,0,0,0,0,0,0,0,0,0,0,0,0,0,0,0,0,0,0,0,0,0,0,0,0,0,0,0,0,0,0,0,0,0,0,0,0,0,0,0,0,0,0,0,0,0,0,0,0,0,0,0,0,0,0,0,0,0,0,0,0,0,0,296
17-2631_Post,0,0,0,0,0,0,0,0,0,0,0,0,0,0,0,0,1,0,18,17,0,0,2,16,28,0,6,45,1,353,715,2,0,124,1529,4,137,63,0,0,0,0,0,0,0,0,0,0,0,0,0,0,0,0,0,0,0,0,0,0,0,0,0,0,0,0,0,0,0,0,0,0,0,0,0,0,0,0,0,0,0,0,0,0,0,0,0,0,0,0,0,0,0,0,0,0,0,0,0,0,0,0,0,0,0,0,0,0,0,8
17-2631_Pre,0,0,0,0,0,0,0,0,0,0,0,0,0,0,0,0,0,0,3,1,0,0,1,0,12,0,0,6,9,116,174,0,0,50,756,0,7,19,0,0,0,0,0,0,0,0,0,0,0,0,0,0,0,0,0,0,0,0,0,0,0,0,0,0,0,0,0,0,0,0,0,0,0,0,0,0,0,0,0,0,0,0,0,0,0,0,0,0,0,0,0,0,0,0,0,0,0,0,0,0,0,0,0,0,0,0,0,0,0,2
17-2796_Post,0,0,0,0,0,0,0,0,0,0,0,0,0,0,0,0,4,1,44,43,0,0,0,82,44,0,6,977,6,2105,1977,3,0,736,5411,15,152,66,0,0,0,0,0,0,0,0,0,0,0,0,0,0,0,0,0,0,0,0,0,0,0,0,0,0,0,0,0,0,0,0,0,0,0,0,0,0,0,0,0,0,0,0,0,0,0,0,0,0,0,0,0,0,0,0,0,0,0,0,0,0,0,0,0,0,0,0,0,0,0,127
17-2796_Pre,0,0,0,0,0,0,0,0,0,0,0,0,0,0,0,0,7,0,8,5,0,0,0,17,12,0,2,273,1,189,80,0,0,108,595,0,1,8,0,0,0,0,0,0,0,0,0,0,0,0,0,0,0,0,0,0,0,0,0,0,0,0,0,0,0,0,0,0,0,0,0,0,0,0,0,0,0,0,0,0,0,0,0,0,0,0,0,0,0,0,0,0,0,0,0,0,0,0,0,0,0,0,0,0,0,0,0,0,0,36
17-2864_Post,0,0,0,0,0,0,0,0,0,0,0,0,0,0,0,0,0,0,5,9,0,0,0,5,9,0,19,32,4,239,1016,1,0,27,643,2,49,23,0,0,0,0,0,0,0,0,0,0,0,0,0,0,0,0,0,0,0,0,0,0,0,0,0,0,0,0,0,0,0,0,0,0,0,0,0,0,0,0,0,0,0,0,0,0,0,0,0,0,0,0,0,0,0,0,0,0,0,0,0,0,0,0,0,0,0,0,0,0,0,2
17-2864_Pre,0,0,0,0,0,0,0,0,0,0,0,0,0,0,0,0,0,0,2,6,0,0,0,4,2,1,21,5,1,250,497,0,0,58,406,0,0,14,0,0,0,0,0,0,0,0,0,0,0,0,0,0,0,0,0,0,0,0,0,0,0,0,0,0,0,0,0,0,0,0,0,0,0,0,0,0,0,0,0,0,0,0,0,0,0,0,0,0,0,0,0,0,0,0,0,0,0,0,0,0,0,0,0,0,0,0,0,0,0,1
17-2865_Post,0,0,0,0,0,0,0,0,0,0,0,0,0,0,0,0,0,1,15,17,0,0,0,9,12,0,1,27,3,667,801,0,0,82,990,2,62,37,0,0,0,0,0,0,0,0,0,0,0,0,0,0,0,0,0,0,0,0,0,0,0,0,0,0,0,0,0,0,0,0,0,0,0,0,0,0,0,0,0,0,0,0,0,0,0,0,0,0,0,0,0,0,0,0,0,0,0,0,0,0,0,0,0,0,0,0,0,0,0,9
17-2865_Pre,0,0,0,0,0,0,0,0,0,0,0,0,0,0,0,0,0,0,1,1,0,0,0,1,1,0,1,45,0,86,99,0,0,12,164,0,0,5,0,0,0,0,0,0,0,0,0,0,0,0,0,0,0,0,0,0,0,0,0,0,0,0,0,0,0,0,0,0,0,0,0,0,0,0,0,0,0,0,0,0,0,0,0,0,0,0,0,0,0,0,0,0,0,0,0,0,0,0,0,0,0,0,0,0,0,0,0,0,0,10
17-3017_Post,0,0,0,0,0,0,0,0,0,0,0,0,0,0,0,0,1,1,26,12,0,0,0,23,12,0,5,114,4,1799,754,8,0,101,1485,4,102,98,0,0,0,0,0,0,0,0,0,0,0,0,0,0,0,0,0,0,0,0,0,0,0,0,0,0,0,0,0,0,0,0,0,0,0,0,0,0,0,0,0,0,0,0,0,0,0,0,0,0,0,0,0,0,0,0,0,0,0,0,0,0,0,0,0,0,0,0,0,0,0,84
17-3017_Pre,0,0,0,0,0,0,0,0,0,0,0,0,0,0,0,0,0,0,0,0,0,0,0,3,4,0,1,2,0,68,58,0,0,6,151,0,5,0,0,0,0,0,0,0,0,0,0,0,0,0,0,0,0,0,0,0,0,0,0,0,0,0,0,0,0,0,0,0,0,0,0,0,0,0,0,0,0,0,0,0,0,0,0,0,0,0,0,0,0,0,0,0,0,0,0,0,0,0,0,0,0,0,0,0,0,0,0,0,0,19
17-3041_Post,0,0,0,0,0,0,0,0,0,0,0,0,0,0,0,0,0,0,1,10,0,0,0,1,5,0,0,103,1,162,544,0,0,47,422,0,23,10,0,0,0,0,0,0,0,0,0,0,0,0,0,0,0,0,0,0,0,0,0,0,0,0,0,0,0,0,0,0,0,0,0,0,0,0,0,0,0,0,0,0,0,0,0,0,0,0,0,0,0,0,0,0,0,0,0,0,0,0,0,0,0,0,0,0,0,0,0,0,0,11
17-3041_Pre,0,0,0,0,0,0,0,0,0,0,0,0,0,0,0,0,0,0,1,0,0,0,0,5,3,0,0,55,0,74,189,0,0,25,188,0,3,4,0,0,0,0,0,0,0,0,0,0,0,0,0,0,0,0,0,0,0,0,0,0,0,0,0,0,0,0,0,0,0,0,0,0,0,0,0,0,0,0,0,0,0,0,0,0,0,0,0,0,0,0,0,0,0,0,0,0,0,0,0,0,0,0,0,0,0,0,0,0,0,21
18-3253_Post,0,0,0,0,0,0,0,0,0,0,0,0,0,0,0,0,0,1,14,48,0,0,0,4,8,0,0,131,10,1033,3790,1,0,95,1153,45,148,21,0,0,0,0,0,0,0,0,0,0,0,0,0,0,0,0,0,0,0,0,0,0,0,0,0,0,0,0,0,0,0,0,0,0,0,0,0,0,0,0,0,0,0,0,0,0,0,0,0,0,0,0,0,0,0,0,0,0,0,0,0,0,0,0,0,0,0,0,0,0,0,39
18-3253_Pre,0,0,0,0,0,0,0,0,0,0,0,0,0,0,0,0,0,0,1,3,0,0,0,3,1,0,3,5,2,221,341,1,0,29,506,1,3,11,0,0,0,0,0,0,0,0,0,0,0,0,0,0,0,0,0,0,0,0,0,0,0,0,0,0,0,0,0,0,0,0,0,0,0,0,0,0,0,0,0,0,0,0,0,0,0,0,0,0,0,0,0,0,0,0,0,0,0,0,0,0,0,0,0,0,0,0,0,0,0,6
18-3282_Post,0,0,0,0,0,0,0,0,0,0,0,0,0,0,0,0,2,1,4,31,0,0,0,20,14,0,43,1197,10,2451,5058,12,1,295,2283,29,87,283,0,0,0,0,0,0,0,0,0,0,0,0,0,0,0,0,0,0,0,0,0,0,0,0,0,0,0,0,0,0,0,0,0,0,0,0,0,0,0,0,0,0,0,0,0,0,0,0,0,0,0,0,0,0,0,0,0,0,0,0,0,0,0,0,0,0,0,0,0,0,0,510
18-3282_Pre,0,0,0,0,0,0,0,0,0,0,0,0,0,0,0,0,0,0,0,1,0,0,0,0,1,0,3,74,0,96,208,3,0,11,61,1,6,22,0,0,0,0,0,0,0,0,0,0,0,0,0,0,0,0,0,0,0,0,0,0,0,0,0,0,0,0,0,0,0,0,0,0,0,0,0,0,0,0,0,0,0,0,0,0,0,0,0,0,0,0,0,0,0,0,0,0,0,0,0,0,0,0,0,0,0,0,0,0,0,85
18-3313_Post,0,0,0,0,0,0,0,0,0,0,0,0,0,0,0,0,0,0,14,67,0,0,0,7,4,0,4,140,17,751,4713,0,0,115,670,12,121,50,0,0,0,0,0,0,0,0,0,0,0,0,0,0,0,0,0,0,0,0,0,0,0,0,0,0,0,0,0,0,0,0,0,0,0,0,0,0,0,0,0,0,0,0,0,0,0,0,0,0,0,0,0,0,0,0,0,0,0,0,0,0,0,0,0,0,0,0,0,0,0,4
18-3313_Pre,0,0,0,0,0,0,0,0,0,0,0,0,0,0,0,0,0,0,0,12,0,0,0,5,4,0,0,77,0,103,518,0,0,13,369,3,12,16,0,0,0,0,0,0,0,0,0,0,0,0,0,0,0,0,0,0,0,0,0,0,0,0,0,0,0,0,0,0,0,0,0,0,0,0,0,0,0,0,0,0,0,0,0,0,0,0,0,0,0,0,0,0,0,0,0,0,0,0,0,0,0,0,0,0,0,0,0,0,0,2
1_Post,10,0,0,1,0,0,2,0,10,0,316,2,0,0,0,0,11,77,45,110,7,5,18,213,312,70,6,21,70,295,1663,9,0,98,2071,6,43,14,0,0,0,0,0,0,0,0,0,0,0,0,0,0,0,0,0,0,0,0,0,0,0,0,0,0,0,0,0,0,0,0,0,0,0,0,2,63,1,0,5,0,0,5,0,0,0,239,1,0,0,5,0,0,1,0,0,0,0,0,0,0,314,8,185,26,6,1,0,0,1,1387
1_Pre,6,0,0,0,0,0,3,1,15,0,284,4,0,0,0,0,12,72,34,73,2,0,47,419,454,90,1,13,56,152,1274,5,0,74,2451,18,56,7,0,0,0,0,0,0,0,0,0,0,0,0,0,0,0,0,0,0,0,0,0,0,0,0,0,0,0,0,0,0,0,0,0,0,0,0,1,22,1,0,3,1,0,1,0,0,0,136,1,0,0,10,1,0,0,0,1,0,1,0,0,0,530,35,186,95,15,2,0,0,6,867
2_Post,16,0,0,0,0,0,19,0,14,0,7,1,0,0,0,0,2,25,4,23,2,2,20,142,251,31,0,3,50,56,167,2,0,40,1344,0,6,8,0,0,0,0,0,0,0,0,0,0,0,0,0,0,0,0,0,0,0,0,0,0,0,0,0,0,0,0,0,0,0,0,0,0,0,0,0,16,0,0,2,0,0,2,0,0,0,74,1,0,0,3,0,0,0,1,0,0,1,0,0,0,307,3,87,7,9,1,0,0,0,445
2_Pre,12,0,0,0,0,0,13,0,18,0,39,10,0,0,0,0,35,114,14,42,2,9,64,489,391,112,0,25,155,243,935,4,0,99,3060,6,32,31,0,0,0,0,0,0,0,0,0,0,0,0,0,0,0,0,0,0,0,0,0,0,0,0,0,0,0,0,0,0,0,0,0,0,0,0,1,72,2,0,3,0,0,2,0,0,0,396,1,0,0,5,1,0,2,0,1,0,1,0,0,0,1064,43,173,70,13,0,0,0,9,1361
3_Post,0,0,0,0,0,0,4,1,3,0,9,4,0,1,0,0,7,65,10,88,2,0,25,145,131,45,0,8,41,250,1783,6,0,59,1380,2,23,8,0,0,0,0,0,0,0,0,0,0,0,0,0,0,0,0,0,0,0,0,0,0,0,0,0,0,0,0,0,0,0,0,0,0,0,0,0,35,0,0,5,0,0,1,0,0,0,102,0,0,0,4,0,0,1,0,1,0,0,0,1,0,1065,22,201,100,28,6,3,0,3,1052
3_Pre,15,0,0,0,0,0,1,1,44,0,43,6,0,0,0,0,6,35,23,16,1,0,43,340,561,55,0,10,103,222,439,2,0,126,2527,2,5,18,0,0,0,0,0,0,0,0,0,0,0,0,0,0,0,0,0,0,0,0,0,0,0,0,0,0,0,0,0,0,0,0,0,0,0,0,3,35,1,1,29,2,1,7,0,0,0,262,1,0,0,8,0,0,1,0,0,0,1,0,0,0,777,36,125,181,25,3,0,0,7,1115
4_Post,2,0,0,0,0,0,0,0,16,0,23,0,0,0,0,0,6,20,3,4,0,2,17,82,58,16,0,1,54,42,42,0,0,25,363,3,2,7,0,0,0,0,0,0,0,0,0,0,0,0,0,0,0,0,0,0,0,0,0,0,0,0,0,0,0,0,0,0,0,0,0,0,0,0,0,0,0,0,0,0,0,0,0,0,0,2,0,0,0,0,0,0,0,0,0,0,0,0,0,0,57,0,14,0,0,1,0,0,1,109
4_Pre,10,0,0,0,0,0,4,0,13,0,43,2,0,0,0,0,4,26,4,6,2,1,20,100,129,20,0,3,66,52,67,1,0,30,693,1,1,0,0,0,0,0,0,0,0,0,0,0,0,0,0,0,0,0,0,0,0,0,0,0,0,0,0,0,0,0,0,0,0,0,0,0,0,0,0,13,0,0,2,0,0,0,0,0,0,121,0,0,0,1,0,0,0,0,1,0,0,0,0,0,288,5,40,24,1,0,0,0,4,411
5_Post,4,0,0,0,0,0,8,0,16,0,94,1,0,0,0,0,0,28,7,30,1,1,7,95,234,22,0,2,22,85,701,0,0,38,929,2,9,1,0,0,0,0,0,0,0,0,0,0,0,0,0,0,0,0,0,0,0,0,0,0,0,0,0,0,0,0,0,0,0,0,0,0,0,0,0,12,0,0,4,0,0,1,0,0,0,52,0,0,0,1,0,0,0,0,1,0,1,0,0,0,121,8,45,8,7,0,0,0,1,339
5_Pre,22,2,0,0,0,0,7,0,17,0,141,0,0,0,0,0,1,20,15,25,1,0,22,107,378,30,0,10,22,124,1005,3,0,52,1545,3,6,7,0,0,0,0,0,0,0,0,0,0,0,0,0,0,0,0,0,0,0,0,0,0,0,0,0,0,0,0,0,0,0,0,0,0,0,0,0,12,0,0,0,0,0,5,0,0,0,126,0,0,0,1,0,0,0,1,1,0,0,0,0,0,166,6,50,8,14,3,0,0,0,505
608_Post,0,0,0,0,0,0,0,0,0,0,0,0,0,0,0,0,0,0,11,6,0,0,0,9,9,0,9,63,1,532,609,5,0,359,1925,1,23,19,0,0,0,0,0,0,0,0,0,0,0,0,0,0,0,0,0,0,0,0,0,0,0,0,0,0,0,0,0,0,0,0,0,0,0,0,0,0,0,0,0,0,0,0,0,0,0,0,0,0,0,0,0,0,0,0,0,0,0,0,0,0,0,0,0,0,0,0,0,0,0,70
608_Pre,0,0,0,0,0,0,0,0,0,0,0,0,0,0,0,0,0,0,0,7,0,0,0,9,6,0,2,8,0,353,494,0,0,111,1088,0,44,8,0,0,0,0,0,0,0,0,0,0,0,0,0,0,0,0,0,0,0,0,0,0,0,0,0,0,0,0,0,0,0,0,0,0,0,0,0,0,0,0,0,0,0,0,0,0,0,0,0,0,0,0,0,0,0,0,0,0,0,0,0,0,0,0,0,0,0,0,0,0,0,4
6_Post,3,0,0,0,0,0,2,0,11,1,73,1,0,0,0,0,4,60,14,81,5,0,26,178,478,67,1,6,106,103,1004,1,0,41,1743,4,18,12,0,0,0,0,0,0,0,0,0,0,0,0,0,0,0,0,0,0,0,0,0,0,0,0,0,0,0,0,0,0,0,0,0,0,0,0,1,7,0,0,1,0,1,2,0,0,0,470,0,0,0,4,0,0,0,0,2,0,0,1,0,0,998,11,193,40,23,0,0,0,1,990
6_Pre,9,0,0,0,0,0,2,0,12,11,162,0,0,0,0,0,11,40,10,174,3,0,44,161,203,49,0,20,100,111,3419,2,0,66,1062,14,30,77,0,0,0,0,0,0,0,0,0,0,0,0,0,0,0,0,0,0,0,0,0,0,0,0,0,0,0,0,0,0,0,0,0,0,0,1,1,3,3,0,6,4,0,3,0,0,0,111,0,0,0,1,0,0,0,0,1,0,2,0,0,0,148,131,71,79,0,0,0,0,1,516
7_Post,15,0,0,0,0,0,3,0,54,0,81,2,0,0,0,0,3,40,7,83,3,1,36,217,420,61,0,5,38,87,768,1,0,49,1428,4,7,10,0,0,0,0,0,0,0,0,0,0,0,0,0,0,0,0,0,0,0,0,0,0,0,0,0,0,0,0,0,0,0,0,0,0,0,0,0,3,0,0,14,1,0,0,0,0,0,242,0,0,0,14,0,0,0,0,0,0,10,0,0,0,411,69,144,129,16,0,0,0,3,510
7_Pre,16,0,0,0,0,0,12,0,32,0,118,0,0,0,0,0,12,34,22,128,5,1,57,418,475,71,0,5,94,207,1138,1,0,94,2605,5,11,24,0,0,0,0,0,0,0,0,0,0,0,0,0,0,0,0,0,0,0,0,0,0,0,0,0,0,0,0,0,0,0,0,0,0,0,0,4,5,0,0,1,3,0,2,0,0,0,287,0,0,0,14,0,0,0,0,0,0,2,0,0,0,776,68,102,105,6,1,0,0,3,689
8_Post,3,0,0,0,0,0,2,0,3,1,68,0,0,0,0,0,8,31,31,92,6,2,32,337,226,65,0,5,19,290,728,2,0,55,1258,0,15,8,0,0,0,0,0,0,0,0,0,0,0,0,0,0,0,0,0,0,0,0,0,0,0,0,0,0,0,0,0,0,0,0,0,0,0,0,0,56,0,1,8,0,0,2,0,1,0,266,3,0,0,5,0,0,0,0,0,0,0,0,0,0,405,3,29,52,2,1,0,0,2,518
8_Pre,0,0,0,0,0,0,0,0,10,2,97,0,0,0,0,0,0,12,0,38,2,1,11,58,375,21,0,1,9,4,296,0,0,2,931,1,0,0,0,0,0,0,0,0,0,0,0,0,0,0,0,0,0,0,0,0,0,0,0,0,0,0,0,0,0,0,0,0,0,0,0,0,0,0,1,19,0,0,1,1,0,0,0,0,0,69,0,0,0,2,0,0,0,0,0,0,3,0,0,0,217,15,27,34,2,0,0,0,2,336
9_Pre,14,0,0,0,0,0,1,0,11,1,43,1,0,0,0,0,8,16,7,27,6,0,35,241,379,32,0,4,39,64,453,1,0,23,1228,0,2,14,0,0,0,0,0,0,0,0,0,0,0,0,0,0,0,0,0,0,0,0,0,0,0,0,0,0,0,0,0,0,0,0,0,0,0,0,0,18,5,0,4,0,2,8,0,0,0,193,0,0,0,4,0,0,0,0,0,0,1,0,0,0,548,24,27,59,2,0,0,0,2,275
C25_Post,0,0,0,0,0,0,0,0,0,0,0,0,2,0,0,0,0,0,0,0,0,0,0,0,1,2,0,0,0,1,1,0,0,0,2,0,1,0,0,0,3,0,0,8,4,0,0,0,0,0,2,0,86,0,0,0,0,0,0,1,0,0,0,9,0,0,0,0,0,0,0,0,0,0,0,0,1,0,0,0,0,0,0,0,0,0,0,0,0,0,0,0,0,0,0,0,0,0,0,0,1,0,0,0,0,0,0,0,0,4
C26a_Pre,0,1,0,0,0,0,0,1,0,2,0,0,0,0,0,0,0,0,0,0,0,0,0,0,0,0,0,0,0,0,0,0,0,0,0,0,1,0,0,0,0,0,0,0,0,0,0,0,0,0,0,0,290,0,0,0,0,0,0,0,0,0,0,0,0,0,0,0,0,0,0,0,0,0,0,0,0,0,0,0,0,0,0,0,0,0,0,0,0,1,0,4,2,7,0,10,2,0,4,0,0,2,1,1,2,19,0,0,0,74
C29_Post,0,0,1,0,0,0,0,0,0,1,0,0,0,0,0,0,0,0,0,1,1,0,1,11,21,2,12,1,49,71,13,2,0,93,159,8,3,11,1,11,4,15,1,46,6,0,13,18,21,39,62,10,63,24,7,4,6,0,0,1,0,0,0,4,0,1,0,0,0,0,0,0,0,0,0,0,0,0,0,0,0,0,1,0,0,0,0,0,0,0,0,0,0,0,0,0,0,0,0,0,0,0,0,0,1,0,0,0,1,83
C35_Post,0,0,0,0,0,0,0,1,0,0,0,0,1,1,0,0,0,0,0,0,0,2,0,2,2,1,0,2,10,10,1,4,0,9,14,1,2,1,0,2,0,0,0,13,0,0,1,0,0,1,5,0,5,0,0,0,0,3,0,1,0,0,0,9,0,0,0,0,0,0,2,0,0,0,0,0,0,0,0,0,0,0,0,0,0,0,0,0,0,0,0,0,0,5,0,0,0,0,0,0,0,0,0,0,0,0,1,0,0,9
C39_Post,0,5,5,2,0,1,0,4,1,9,6,0,1,6,0,0,0,5,0,0,1,0,0,1,12,7,2,7,28,4,2,15,0,12,118,5,4,0,0,0,0,0,0,2,1,0,0,1,0,1,3,0,21,0,0,5,0,0,0,0,0,0,0,3,0,0,0,0,0,0,0,0,0,0,0,0,0,0,0,0,0,1,0,0,0,0,0,0,0,0,7,0,2,3,0,1,0,0,1,0,0,1,1,0,1,0,2,2,0,75
C42_Post,0,2,0,0,0,0,0,3,0,6,1,0,45,138,14,4,0,2,0,0,3,1,0,0,1,5,0,0,4,5,0,38,0,5,23,32,5,0,3,0,0,0,0,0,12,0,0,3,1,1,3,0,33,0,0,0,0,0,0,0,0,0,3,4,0,0,0,0,0,0,0,0,0,0,0,0,0,0,0,0,0,0,0,0,0,0,0,0,0,4,8,0,0,6,4,5,2,0,0,0,0,0,0,0,4,0,1,0,0,65
C46a_Pre,0,0,0,0,0,0,0,0,0,0,0,0,0,0,0,0,0,0,0,0,0,0,0,0,0,0,0,0,0,1,0,0,0,0,1,0,0,0,0,0,0,0,0,0,0,0,0,0,0,0,0,0,7,0,0,0,0,0,0,0,0,0,0,0,0,0,0,0,0,0,0,0,0,0,0,0,0,0,0,0,0,0,0,0,0,0,0,0,0,0,0,0,0,0,0,0,0,0,0,0,0,0,0,0,0,0,0,0,0,3
C52_Post,0,0,0,0,0,0,0,0,0,0,0,0,0,0,0,0,0,0,0,0,0,0,0,0,0,0,0,3,1,0,1,0,0,2,1,0,0,0,0,0,0,0,0,0,0,0,0,0,2,0,0,0,2,0,0,0,0,0,0,0,0,0,0,0,0,0,0,0,0,0,0,0,0,0,0,0,0,0,0,0,0,0,0,0,0,0,0,0,0,0,0,0,0,0,0,0,0,0,0,0,0,0,0,0,0,0,0,0,0,5
C56_Post,0,0,0,0,0,0,0,0,0,0,0,0,0,0,0,0,0,0,0,0,0,0,0,1,0,0,0,0,6,3,3,2,0,4,7,1,6,0,0,0,1,0,1,0,0,0,0,0,0,0,0,0,92,0,0,0,0,0,0,0,0,0,0,0,0,0,0,0,0,0,0,0,0,0,0,0,0,0,0,0,0,0,0,0,0,0,0,0,0,0,0,1,0,0,0,0,0,0,0,0,0,0,0,0,1,0,0,0,0,8
C60_Post,0,2,7,1,0,0,0,33,0,25,2,0,0,1,0,0,0,1,0,0,0,0,0,1,14,3,1,7,21,13,2,41,0,39,745,39,25,1,0,0,0,0,0,0,0,0,0,0,1,0,0,1,46,0,0,0,0,1,0,0,0,0,0,1,0,0,0,0,0,0,0,0,0,0,0,0,0,0,0,0,0,2,0,0,0,0,0,0,0,0,0,0,0,1,0,0,0,0,0,0,1,1,0,0,4,1,0,0,0,350
C66_Post,0,0,0,0,0,0,0,0,0,0,0,0,8,11,0,0,0,0,0,0,0,1,0,0,0,1,1,0,2,0,1,0,0,6,3,47,1,0,1,14,2,0,2,11,33,3,1,26,16,56,10,3,894,2,17,1,18,85,1,0,0,1,9,9,1,0,0,3,0,0,0,1,4,0,0,0,0,0,0,0,0,0,1,0,0,0,0,0,0,1,0,0,0,2,0,2,0,1,0,0,0,0,0,0,0,1,1,0,0,71
C76_Post,0,0,0,0,0,0,0,0,0,0,0,0,0,0,0,0,0,0,2,0,1,0,0,4,3,0,0,0,3,15,0,1,0,22,16,1,14,0,0,0,1,0,1,2,3,0,4,1,0,0,7,0,20,0,0,0,2,0,0,0,0,0,0,11,0,0,0,0,0,0,0,0,0,0,0,0,0,0,0,0,0,0,0,0,0,1,0,0,0,0,0,0,1,6,0,0,0,0,0,0,0,0,0,0,1,0,0,0,0,30
GSE166181_NR T0-Mela11 rep1_Pre,0,0,0,0,0,0,0,0,0,0,0,0,0,0,0,0,0,0,0,0,0,0,0,0,0,0,0,0,4,7,11,0,0,4,184,0,1,0,0,0,0,0,0,0,0,0,0,0,0,0,0,0,0,0,0,0,0,0,0,0,0,0,0,0,0,0,0,0,0,0,0,0,0,0,0,0,0,0,0,0,0,0,0,0,0,0,0,0,0,0,0,0,0,0,0,0,0,0,0,0,0,0,0,0,0,0,0,0,0,177
GSE166181_NR T0-Mela11 rep2_Pre,0,0,0,0,0,0,0,0,0,0,0,0,0,0,0,0,0,0,0,0,0,0,0,0,0,0,0,0,6,6,3,0,0,3,179,0,0,0,0,0,0,0,0,0,0,0,0,0,0,0,0,0,0,0,0,0,0,0,0,0,0,0,0,0,0,0,0,0,0,0,0,0,0,0,0,0,0,0,0,0,0,0,0,0,0,0,0,0,0,0,0,0,0,0,0,0,0,0,0,0,0,0,0,0,0,0,0,0,0,235
GSE166181_NR T0-Mela11 rep3_Pre,0,0,0,0,0,0,0,0,0,0,0,0,0,0,0,0,0,0,0,0,0,0,0,0,0,0,0,0,6,11,3,0,0,1,179,0,0,0,0,0,0,0,0,0,0,0,0,0,0,0,0,0,0,0,0,0,0,0,0,0,0,0,0,0,0,0,0,0,0,0,0,0,0,0,0,0,0,0,0,0,0,0,0,0,0,0,0,0,0,0,0,0,0,0,0,0,0,0,0,0,0,0,0,0,0,0,0,0,0,159
GSE166181_NR T0-Mela11 rep4_Pre,0,0,0,0,0,0,0,0,0,0,0,0,0,0,0,0,0,0,0,0,0,0,0,0,0,0,0,0,9,8,4,0,0,2,221,0,0,1,0,0,0,0,0,0,0,0,0,0,0,0,0,0,0,0,0,0,0,0,0,0,0,0,0,0,0,0,0,0,0,0,0,0,0,0,0,0,0,0,0,0,0,0,0,0,0,0,0,0,0,0,0,0,0,0,0,0,0,0,0,0,0,0,0,0,0,0,0,0,0,177
GSE166181_NR T0-Mela17 rep1_Pre,0,0,0,0,0,0,0,0,0,0,0,0,0,0,0,0,0,0,0,0,0,0,0,0,0,0,0,0,17,18,37,0,0,18,105,1,0,0,0,0,0,0,0,0,0,0,0,0,0,0,0,0,0,0,0,0,0,0,0,0,0,0,0,0,0,0,0,0,0,0,0,0,0,0,0,0,0,0,0,0,0,0,0,0,0,0,0,0,0,0,0,0,0,0,0,0,0,0,0,0,0,0,0,0,0,0,0,0,0,193
GSE166181_NR T0-Mela17 rep3_Pre,0,0,0,0,0,0,0,0,0,0,0,0,0,0,0,0,0,0,0,0,0,0,0,0,0,0,1,0,15,28,55,0,0,11,143,1,0,0,0,0,0,0,0,0,0,0,0,0,0,0,0,0,0,0,0,0,0,0,0,0,0,0,0,0,0,0,0,0,0,0,0,0,0,0,0,0,0,0,0,0,0,0,0,0,0,0,0,0,0,0,0,0,0,0,0,0,0,0,0,0,0,0,0,0,0,0,0,0,0,190
GSE166181_NR T0-Mela17 rep4_Pre,0,0,0,0,0,0,0,0,0,0,0,0,0,0,0,0,0,0,0,0,0,0,0,0,0,0,1,0,5,20,39,0,0,16,92,1,0,0,0,0,0,0,0,0,0,0,0,0,0,0,0,0,0,0,0,0,0,0,0,0,0,0,0,0,0,0,0,0,0,0,0,0,0,0,0,0,0,0,0,0,0,0,0,0,0,0,0,0,0,0,0,0,0,0,0,0,0,0,0,0,0,0,0,0,0,0,0,0,0,219
GSE166181_NR T0-Mela21 rep1_Pre,0,0,0,0,0,0,0,0,0,0,0,0,0,0,0,0,0,0,0,0,0,0,0,0,0,0,0,1,2,12,94,0,0,9,19,0,1,0,0,0,0,0,0,0,0,0,0,0,0,0,0,0,0,0,0,0,0,0,0,0,0,0,0,0,0,0,0,0,0,0,0,0,0,0,0,0,0,0,0,0,0,0,0,0,0,0,0,0,0,0,0,0,0,0,0,0,0,0,0,0,0,0,0,0,0,0,0,0,0,145
GSE166181_NR T0-Mela21 rep2_Pre,0,0,0,0,0,0,0,0,0,0,0,0,0,0,0,0,0,0,0,0,0,0,0,0,1,0,0,0,2,13,129,0,0,10,24,2,1,0,0,0,0,0,0,0,0,0,0,0,0,0,0,0,0,0,0,0,0,0,0,0,0,0,0,0,0,0,0,0,0,0,0,0,0,0,0,0,0,0,0,0,0,0,0,0,0,0,0,0,0,0,0,0,0,0,0,0,0,0,0,0,0,0,0,0,0,0,0,0,0,133
GSE166181_NR T0-Mela21 rep3_Pre,0,0,0,0,0,0,0,0,0,0,0,0,0,0,0,0,0,0,0,0,0,0,0,0,1,0,0,0,3,12,158,0,0,5,20,1,0,0,0,0,0,0,0,0,0,0,0,0,0,0,0,0,0,0,0,0,0,0,0,0,0,0,0,0,0,0,0,0,0,0,0,0,0,0,0,0,0,0,0,0,0,0,0,0,0,0,0,0,0,0,0,0,0,0,0,0,0,0,0,0,0,0,0,0,0,0,0,0,0,101
GSE166181_NR T0-Mela21 rep4_Pre,0,0,0,0,0,0,0,0,0,0,0,0,0,0,0,0,0,0,0,0,0,0,0,0,0,0,0,0,4,16,129,0,0,5,16,1,1,0,0,0,0,0,0,0,0,0,0,0,0,0,0,0,0,0,0,0,0,0,0,0,0,0,0,0,0,0,0,0,0,0,0,0,0,0,0,0,0,0,0,0,0,0,0,0,0,0,0,0,0,0,0,0,0,0,0,0,0,0,0,0,0,0,0,0,0,0,0,0,0,86
GSE166181_NR T0-Mela25 rep1_Pre,0,0,0,0,0,0,0,0,0,0,0,0,0,0,0,0,0,0,0,0,0,0,0,0,0,0,0,0,7,12,48,0,0,7,57,0,1,0,0,0,0,0,0,0,0,0,0,0,0,0,0,0,0,0,0,0,0,0,0,0,0,0,0,0,0,0,0,0,0,0,0,0,0,0,0,0,0,0,0,0,0,0,0,0,0,0,0,0,0,0,0,0,0,0,0,0,0,0,0,0,0,0,0,0,0,0,0,0,0,156
GSE166181_NR T0-Mela25 rep2_Pre,0,0,0,0,0,0,0,0,0,0,0,0,0,0,0,0,0,0,0,0,0,0,0,0,0,0,0,0,2,16,75,0,0,13,52,1,0,0,0,0,0,0,0,0,0,0,0,0,0,0,0,0,0,0,0,0,0,0,0,0,0,0,0,0,0,0,0,0,0,0,0,0,0,0,0,0,0,0,0,0,0,0,0,0,0,0,0,0,0,0,0,0,0,0,0,0,0,0,0,0,0,0,0,0,0,0,0,0,0,184
GSE166181_NR T0-Mela25 rep3_Pre,0,0,0,0,0,0,0,0,0,0,0,0,0,0,0,0,0,0,0,0,0,0,0,0,0,0,0,1,1,14,59,1,0,6,55,0,1,0,0,0,0,0,0,0,0,0,0,0,0,0,0,0,0,0,0,0,0,0,0,0,0,0,0,0,0,0,0,0,0,0,0,0,0,0,0,0,0,0,0,0,0,0,0,0,0,0,0,0,0,0,0,0,0,0,0,0,0,0,0,0,0,0,0,0,0,0,0,0,0,118
GSE166181_NR T0-Mela25 rep4_Pre,0,0,0,0,0,0,0,0,0,0,0,0,0,0,0,0,0,0,0,0,0,0,0,0,0,0,1,0,4,14,61,0,0,7,53,1,2,0,0,0,0,0,0,0,0,0,0,0,0,0,0,0,0,0,0,0,0,0,0,0,0,0,0,0,0,0,0,0,0,0,0,0,0,0,0,0,0,0,0,0,0,0,0,0,0,0,0,0,0,0,0,0,0,0,0,0,0,0,0,0,0,0,0,0,0,0,0,0,0,140
GSE166181_NR T0-Mela27 rep1_Pre,0,0,0,0,0,0,0,0,0,0,0,0,0,0,0,0,0,0,0,0,0,0,0,0,0,0,0,2,7,48,92,0,0,14,59,0,3,0,0,0,0,0,0,0,0,0,0,0,0,0,0,0,0,0,0,0,0,0,0,0,0,0,0,0,0,0,0,0,0,0,0,0,0,0,0,0,0,0,0,0,0,0,0,0,0,0,0,0,0,0,0,0,0,0,0,0,0,0,0,0,0,0,0,0,0,0,0,0,0,122
GSE166181_NR T0-Mela27 rep2_Pre,0,0,0,0,0,0,0,0,0,0,0,0,0,0,0,0,0,0,0,0,0,0,0,0,0,0,0,1,5,40,96,0,0,8,53,1,1,0,0,0,0,0,0,0,0,0,0,0,0,0,0,0,0,0,0,0,0,0,0,0,0,0,0,0,0,0,0,0,0,0,0,0,0,0,0,0,0,0,0,0,0,0,0,0,0,0,0,0,0,0,0,0,0,0,0,0,0,0,0,0,0,0,0,0,0,0,0,0,0,132
GSE166181_NR T0-Mela27 rep3_Pre,0,0,0,0,0,0,0,0,0,0,0,0,0,0,0,0,0,0,0,0,0,0,0,0,0,0,0,0,1,24,59,0,0,5,35,2,0,0,0,0,0,0,0,0,0,0,0,0,0,0,0,0,0,0,0,0,0,0,0,0,0,0,0,0,0,0,0,0,0,0,0,0,0,0,0,0,0,0,0,0,0,0,0,0,0,0,0,0,0,0,0,0,0,0,0,0,0,0,0,0,0,0,0,0,0,0,0,0,0,124
GSE166181_NR T0-Mela27 rep4_Pre,0,0,0,0,0,0,0,0,0,0,0,0,0,0,0,0,0,0,0,0,0,0,0,0,0,0,0,2,1,21,62,0,0,14,42,2,1,0,0,0,0,0,0,0,0,0,0,0,0,0,0,0,0,0,0,0,0,0,0,0,0,0,0,0,0,0,0,0,0,0,0,0,0,0,0,0,0,0,0,0,0,0,0,0,0,0,0,0,0,0,0,0,0,0,0,0,0,0,0,0,0,0,0,0,0,0,0,0,0,98
GSE166181_NR T0-Mela3 rep1_Pre,0,0,0,0,0,0,0,0,0,0,0,0,0,0,0,0,0,0,0,0,0,0,0,0,0,0,0,0,0,22,22,0,0,3,16,0,0,0,0,0,0,0,0,0,0,0,0,0,0,0,0,0,0,0,0,0,0,0,0,0,0,0,0,0,0,0,0,0,0,0,0,0,0,0,0,0,0,0,0,0,0,0,0,0,0,0,0,0,0,0,0,0,0,0,0,0,0,0,0,0,0,0,0,0,0,0,0,0,0,84
GSE166181_NR T0-Mela3 rep3_Pre,0,0,0,0,0,0,0,0,0,0,0,0,0,0,0,0,0,0,0,0,0,0,0,0,0,0,0,0,0,11,17,0,0,2,4,0,0,0,0,0,0,0,0,0,0,0,0,0,0,0,0,0,0,0,0,0,0,0,0,0,0,0,0,0,0,0,0,0,0,0,0,0,0,0,0,0,0,0,0,0,0,0,0,0,0,0,0,0,0,0,0,0,0,0,0,0,0,0,0,0,0,0,0,0,0,0,0,0,0,50
GSE166181_NR T0-Mela3 rep4_Pre,0,0,0,0,0,0,0,0,0,0,0,0,0,0,0,0,0,0,0,0,0,0,0,0,0,0,0,0,2,19,9,0,0,5,10,1,0,0,0,0,0,0,0,0,0,0,0,0,0,0,0,0,0,0,0,0,0,0,0,0,0,0,0,0,0,0,0,0,0,0,0,0,0,0,0,0,0,0,0,0,0,0,0,0,0,0,0,0,0,0,0,0,0,0,0,0,0,0,0,0,0,0,0,0,0,0,0,0,0,68
GSE166181_NR T0-Mela30 rep2_Pre,0,0,0,0,0,0,0,0,0,0,0,0,0,0,0,0,0,0,0,0,0,0,0,0,0,0,0,0,0,1,0,0,0,2,14,0,0,0,0,0,0,0,0,0,0,0,0,0,0,0,0,0,0,0,0,0,0,0,0,0,0,0,0,0,0,0,0,0,0,0,0,0,0,0,0,0,0,0,0,0,0,0,0,0,0,0,0,0,0,0,0,0,0,0,0,0,0,0,0,0,0,0,0,0,0,0,0,0,0,27
GSE166181_NR T0-Mela30 rep4_Pre,0,0,0,0,0,0,0,0,0,0,0,0,0,0,0,0,0,0,0,0,0,0,0,0,0,0,0,0,0,4,1,0,0,0,24,0,0,0,0,0,0,0,0,0,0,0,0,0,0,0,0,0,0,0,0,0,0,0,0,0,0,0,0,0,0,0,0,0,0,0,0,0,0,0,0,0,0,0,0,0,0,0,0,0,0,0,0,0,0,0,0,0,0,0,0,0,0,0,0,0,0,0,0,0,0,0,0,0,0,29
GSE166181_NR T0-Mela31 rep1_Pre,0,0,0,0,0,0,0,0,0,0,0,0,0,0,0,0,0,0,0,0,0,0,0,0,0,0,0,0,0,3,115,0,0,5,55,0,1,0,0,0,0,0,0,0,0,0,0,0,0,0,0,0,0,0,0,0,0,0,0,0,0,0,0,0,0,0,0,0,0,0,0,0,0,0,0,0,0,0,0,0,0,0,0,0,0,0,0,0,0,0,0,0,0,0,0,0,0,0,0,0,0,0,0,0,0,0,0,0,0,96
GSE166181_NR T0-Mela31 rep2_Pre,0,0,0,0,0,0,0,0,0,0,0,0,0,0,0,0,0,0,0,0,0,0,0,0,0,0,0,0,0,5,121,0,0,2,45,0,0,0,0,0,0,0,0,0,0,0,0,0,0,0,0,0,0,0,0,0,0,0,0,0,0,0,0,0,0,0,0,0,0,0,0,0,0,0,0,0,0,0,0,0,0,0,0,0,0,0,0,0,0,0,0,0,0,0,0,0,0,0,0,0,0,0,0,0,0,0,0,0,0,93
GSE166181_NR T0-Mela31 rep3_Pre,0,0,0,0,0,0,0,0,0,0,0,0,0,0,0,0,0,0,0,0,0,0,0,0,0,0,0,0,0,4,64,0,0,1,43,1,0,0,0,0,0,0,0,0,0,0,0,0,0,0,0,0,0,0,0,0,0,0,0,0,0,0,0,0,0,0,0,0,0,0,0,0,0,0,0,0,0,0,0,0,0,0,0,0,0,0,0,0,0,0,0,0,0,0,0,0,0,0,0,0,0,0,0,0,0,0,0,0,0,79
GSE166181_NR T0-Mela31 rep4_Pre,0,0,0,0,0,0,0,0,0,0,0,0,0,0,0,0,0,0,0,0,0,0,0,0,0,0,0,0,0,2,59,0,0,0,37,0,0,0,0,0,0,0,0,0,0,0,0,0,0,0,0,0,0,0,0,0,0,0,0,0,0,0,0,0,0,0,0,0,0,0,0,0,0,0,0,0,0,0,0,0,0,0,0,0,0,0,0,0,0,0,0,0,0,0,0,0,0,0,0,0,0,0,0,0,0,0,0,0,0,65
GSE166181_NR T0-Mela5 rep1_Pre,0,0,0,0,0,0,0,0,0,0,0,0,0,0,0,0,0,0,0,0,0,0,0,0,0,0,0,0,11,10,41,0,0,18,49,0,0,1,0,0,0,0,0,0,0,0,0,0,0,0,0,0,0,0,0,0,0,0,0,0,0,0,0,0,0,0,0,0,0,0,0,0,0,0,0,0,0,0,0,0,0,0,0,0,0,0,0,0,0,0,0,0,0,0,0,0,0,0,0,0,0,0,0,0,0,0,0,0,0,123
GSE166181_NR T0-Mela5 rep3_Pre,0,0,0,0,0,0,0,0,0,0,0,0,0,0,0,0,0,0,0,0,0,0,0,0,0,0,0,0,3,1,5,0,0,8,19,0,0,0,0,0,0,0,0,0,0,0,0,0,0,0,0,0,0,0,0,0,0,0,0,0,0,0,0,0,0,0,0,0,0,0,0,0,0,0,0,0,0,0,0,0,0,0,0,0,0,0,0,0,0,0,0,0,0,0,0,0,0,0,0,0,0,0,0,0,0,0,0,0,0,37
GSE166181_NR T0-Mela5 rep4_Pre,0,0,0,0,0,0,0,0,0,0,0,0,0,0,0,0,0,0,0,0,0,0,0,0,0,0,0,0,12,11,30,0,0,19,54,0,0,0,0,0,0,0,0,0,0,0,0,0,0,0,0,0,0,0,0,0,0,0,0,0,0,0,0,0,0,0,0,0,0,0,0,0,0,0,0,0,0,0,0,0,0,0,0,0,0,0,0,0,0,0,0,0,0,0,0,0,0,0,0,0,0,0,0,0,0,0,0,0,0,130
GSE166181_NR T1-Mela11 rep1_Post,0,0,0,0,0,0,0,0,0,0,0,0,0,0,0,0,0,0,0,0,0,0,0,0,0,0,0,0,3,7,7,0,0,7,166,0,0,1,0,0,0,0,0,0,0,0,0,0,0,0,0,0,0,0,0,0,0,0,0,0,0,0,0,0,0,0,0,0,0,0,0,0,0,0,0,0,0,0,0,0,0,0,0,0,0,0,0,0,0,0,0,0,0,0,0,0,0,0,0,0,0,0,0,0,0,0,0,0,0,261
GSE166181_NR T1-Mela11 rep2_Post,0,0,0,0,0,0,0,0,0,0,0,0,0,0,0,0,0,0,0,0,0,0,0,0,0,0,0,0,2,13,5,0,0,5,177,0,0,0,0,0,0,0,0,0,0,0,0,0,0,0,0,0,0,0,0,0,0,0,0,0,0,0,0,0,0,0,0,0,0,0,0,0,0,0,0,0,0,0,0,0,0,0,0,0,0,0,0,0,0,0,0,0,0,0,0,0,0,0,0,0,0,0,0,0,0,0,0,0,0,211
GSE166181_NR T1-Mela11 rep3_Post,0,0,0,0,0,0,0,0,0,0,0,0,0,0,0,0,0,0,0,0,0,0,0,0,0,0,0,0,2,6,3,0,0,2,140,0,0,0,0,0,0,0,0,0,0,0,0,0,0,0,0,0,0,0,0,0,0,0,0,0,0,0,0,0,0,0,0,0,0,0,0,0,0,0,0,0,0,0,0,0,0,0,0,0,0,0,0,0,0,0,0,0,0,0,0,0,0,0,0,0,0,0,0,0,0,0,0,0,0,206
GSE166181_NR T1-Mela11 rep4_Post,0,0,0,0,0,0,0,0,0,0,0,0,0,0,0,0,0,0,0,0,0,0,0,0,0,0,0,0,0,8,5,0,0,3,102,0,0,0,0,0,0,0,0,0,0,0,0,0,0,0,0,0,0,0,0,0,0,0,0,0,0,0,0,0,0,0,0,0,0,0,0,0,0,0,0,0,0,0,0,0,0,0,0,0,0,0,0,0,0,0,0,0,0,0,0,0,0,0,0,0,0,0,0,0,0,0,0,0,0,195
GSE166181_NR T1-Mela17 rep1_Post,0,0,0,0,0,0,0,0,0,0,0,0,0,0,0,0,0,0,0,0,0,0,0,0,0,0,0,1,32,27,74,0,0,30,186,0,0,0,0,0,0,0,0,0,0,0,0,0,0,0,0,0,0,0,0,0,0,0,0,0,0,0,0,0,0,0,0,0,0,0,0,0,0,0,0,0,0,0,0,0,0,0,0,0,0,0,0,0,0,0,0,0,0,0,0,0,0,0,0,0,0,0,0,0,0,0,0,0,0,216
GSE166181_NR T1-Mela17 rep2_Post,0,0,0,0,0,0,0,0,0,0,0,0,0,0,0,0,0,0,0,0,0,0,0,0,0,0,0,0,23,33,69,0,0,25,169,0,0,0,0,0,0,0,0,0,0,0,0,0,0,0,0,0,0,0,0,0,0,0,0,0,0,0,0,0,0,0,0,0,0,0,0,0,0,0,0,0,0,0,0,0,0,0,0,0,0,0,0,0,0,0,0,0,0,0,0,0,0,0,0,0,0,0,0,0,0,0,0,0,0,254
GSE166181_NR T1-Mela17 rep3_Post,0,0,0,0,0,0,0,0,0,0,0,0,0,0,0,0,0,0,0,0,0,0,0,0,0,0,0,0,11,21,51,0,0,14,109,0,0,0,0,0,0,0,0,0,0,0,0,0,0,0,0,0,0,0,0,0,0,0,0,0,0,0,0,0,0,0,0,0,0,0,0,0,0,0,0,0,0,0,0,0,0,0,0,0,0,0,0,0,0,0,0,0,0,0,0,0,0,0,0,0,0,0,0,0,0,0,0,0,0,152
GSE166181_NR T1-Mela17 rep4_Post,0,0,0,0,0,0,0,0,0,0,0,0,0,0,0,0,0,0,0,0,0,0,0,0,0,0,0,1,4,14,33,0,0,9,90,0,0,1,0,0,0,0,0,0,0,0,0,0,0,0,0,0,0,0,0,0,0,0,0,0,0,0,0,0,0,0,0,0,0,0,0,0,0,0,0,0,0,0,0,0,0,0,0,0,0,0,0,0,0,0,0,0,0,0,0,0,0,0,0,0,0,0,0,0,0,0,0,0,0,133
GSE166181_NR T1-Mela25 rep1_Post,0,0,0,0,0,0,0,0,0,0,0,0,0,0,0,0,0,0,0,0,0,0,0,0,0,0,0,0,0,8,48,0,0,2,37,0,0,0,0,0,0,0,0,0,0,0,0,0,0,0,0,0,0,0,0,0,0,0,0,0,0,0,0,0,0,0,0,0,0,0,0,0,0,0,0,0,0,0,0,0,0,0,0,0,0,0,0,0,0,0,0,0,0,0,0,0,0,0,0,0,0,0,0,0,0,0,0,0,0,117
GSE166181_NR T1-Mela25 rep2_Post,0,0,0,0,0,0,0,0,0,0,0,0,0,0,0,0,0,0,0,0,0,0,0,0,0,0,0,1,2,15,88,0,0,13,63,1,0,0,0,0,0,0,0,0,0,0,0,0,0,0,0,0,0,0,0,0,0,0,0,0,0,0,0,0,0,0,0,0,0,0,0,0,0,0,0,0,0,0,0,0,0,0,0,0,0,0,0,0,0,0,0,0,0,0,0,0,0,0,0,0,0,0,0,0,0,0,0,0,0,148
GSE166181_NR T1-Mela25 rep3_Post,0,0,0,0,0,0,0,0,0,0,0,0,0,0,0,0,0,0,0,0,0,0,0,0,0,0,0,0,4,12,76,0,0,7,73,0,0,0,0,0,0,0,0,0,0,0,0,0,0,0,0,0,0,0,0,0,0,0,0,0,0,0,0,0,0,0,0,0,0,0,0,0,0,0,0,0,0,0,0,0,0,0,0,0,0,0,0,0,0,0,0,0,0,0,0,0,0,0,0,0,0,0,0,0,0,0,0,0,0,167
GSE166181_NR T1-Mela25 rep4_Post,0,0,0,0,0,0,0,0,0,0,0,0,0,0,0,0,0,0,0,0,0,0,0,0,0,0,0,0,1,12,107,0,0,8,68,1,0,0,0,0,0,0,0,0,0,0,0,0,0,0,0,0,0,0,0,0,0,0,0,0,0,0,0,0,0,0,0,0,0,0,0,0,0,0,0,0,0,0,0,0,0,0,0,0,0,0,0,0,0,0,0,0,0,0,0,0,0,0,0,0,0,0,0,0,0,0,0,0,0,147
GSE166181_NR T1-Mela27 rep1_Post,0,0,0,0,0,0,0,0,0,0,0,0,0,0,0,0,0,0,0,0,0,0,0,0,0,0,0,0,0,19,117,0,0,10,15,1,2,0,0,0,0,0,0,0,0,0,0,0,0,0,0,0,0,0,0,0,0,0,0,0,0,0,0,0,0,0,0,0,0,0,0,0,0,0,0,0,0,0,0,0,0,0,0,0,0,0,0,0,0,0,0,0,0,0,0,0,0,0,0,0,0,0,0,0,0,0,0,0,0,96
GSE166181_NR T1-Mela27 rep2_Post,0,0,0,0,0,0,0,0,0,0,0,0,0,0,0,0,0,0,0,0,0,0,0,0,1,0,0,1,0,23,147,0,0,9,18,1,0,0,0,0,0,0,0,0,0,0,0,0,0,0,0,0,0,0,0,0,0,0,0,0,0,0,0,0,0,0,0,0,0,0,0,0,0,0,0,0,0,0,0,0,0,0,0,0,0,0,0,0,0,0,0,0,0,0,0,0,0,0,0,0,0,0,0,0,0,0,0,0,0,59
GSE166181_NR T1-Mela3 rep1_Post,0,0,0,0,0,0,0,0,0,0,0,0,0,0,0,0,0,0,0,0,0,0,0,0,0,0,0,0,1,8,7,0,0,1,16,0,0,0,0,0,0,0,0,0,0,0,0,0,0,0,0,0,0,0,0,0,0,0,0,0,0,0,0,0,0,0,0,0,0,0,0,0,0,0,0,0,0,0,0,0,0,0,0,0,0,0,0,0,0,0,0,0,0,0,0,0,0,0,0,0,0,0,0,0,0,0,0,0,0,26
GSE166181_NR T1-Mela3 rep2_Post,0,0,0,0,0,0,0,0,0,0,0,0,0,0,0,0,0,0,0,0,0,0,0,0,0,0,0,0,1,3,0,0,0,1,3,0,0,0,0,0,0,0,0,0,0,0,0,0,0,0,0,0,0,0,0,0,0,0,0,0,0,0,0,0,0,0,0,0,0,0,0,0,0,0,0,0,0,0,0,0,0,0,0,0,0,0,0,0,0,0,0,0,0,0,0,0,0,0,0,0,0,0,0,0,0,0,0,0,0,11
GSE166181_NR T1-Mela3 rep3_Post,0,0,0,0,0,0,0,0,0,0,0,0,0,0,0,0,0,0,0,0,0,0,0,0,0,0,0,0,0,24,7,0,0,14,23,0,0,0,0,0,0,0,0,0,0,0,0,0,0,0,0,0,0,0,0,0,0,0,0,0,0,0,0,0,0,0,0,0,0,0,0,0,0,0,0,0,0,0,0,0,0,0,0,0,0,0,0,0,0,0,0,0,0,0,0,0,0,0,0,0,0,0,0,0,0,0,0,0,0,61
GSE166181_NR T1-Mela3 rep4_Post,0,0,0,0,0,0,0,0,0,0,0,0,0,0,0,0,0,0,0,0,0,0,0,0,0,0,0,0,1,38,6,0,0,19,36,0,0,0,0,0,0,0,0,0,0,0,0,0,0,0,0,0,0,0,0,0,0,0,0,0,0,0,0,0,0,0,0,0,0,0,0,0,0,0,0,0,0,0,0,0,0,0,0,0,0,0,0,0,0,0,0,0,0,0,0,0,0,0,0,0,0,0,0,0,0,0,0,0,0,88
GSE166181_NR T1-Mela30 rep2_Post,0,0,0,0,0,0,0,0,0,0,0,0,0,0,0,0,0,0,0,0,0,0,0,0,0,0,0,0,0,1,6,0,0,0,37,1,0,0,0,0,0,0,0,0,0,0,0,0,0,0,0,0,0,0,0,0,0,0,0,0,0,0,0,0,0,0,0,0,0,0,0,0,0,0,0,0,0,0,0,0,0,0,0,0,0,0,0,0,0,0,0,0,0,0,0,0,0,0,0,0,0,0,0,0,0,0,0,0,0,24
GSE166181_NR T1-Mela30 rep3_Post,0,0,0,0,0,0,0,0,0,0,0,0,0,0,0,0,0,0,0,0,0,0,0,0,0,0,0,0,0,2,4,0,0,0,20,0,0,0,0,0,0,0,0,0,0,0,0,0,0,0,0,0,0,0,0,0,0,0,0,0,0,0,0,0,0,0,0,0,0,0,0,0,0,0,0,0,0,0,0,0,0,0,0,0,0,0,0,0,0,0,0,0,0,0,0,0,0,0,0,0,0,0,0,0,0,0,0,0,0,18
GSE166181_NR T1-Mela31 rep1_Post,0,0,0,0,0,0,0,0,0,0,0,0,0,0,0,0,0,0,0,0,0,0,0,0,0,0,0,0,1,13,259,0,0,10,72,4,1,0,0,0,0,0,0,0,0,0,0,0,0,0,0,0,0,0,0,0,0,0,0,0,0,0,0,0,0,0,0,0,0,0,0,0,0,0,0,0,0,0,0,0,0,0,0,0,0,0,0,0,0,0,0,0,0,0,0,0,0,0,0,0,0,0,0,0,0,0,0,0,0,221
GSE166181_NR T1-Mela31 rep2_Post,0,0,0,0,0,0,0,0,0,0,0,0,0,0,0,0,0,0,0,0,0,0,0,0,0,0,0,0,2,8,232,0,0,8,47,1,0,0,0,0,0,0,0,0,0,0,0,0,0,0,0,0,0,0,0,0,0,0,0,0,0,0,0,0,0,0,0,0,0,0,0,0,0,0,0,0,0,0,0,0,0,0,0,0,0,0,0,0,0,0,0,0,0,0,0,0,0,0,0,0,0,0,0,0,0,0,0,0,0,270
GSE166181_NR T1-Mela31 rep3_Post,0,0,0,0,0,0,0,0,0,0,0,0,0,0,0,0,0,0,0,0,0,0,0,0,0,0,0,0,1,9,167,0,0,3,43,2,0,0,0,0,0,0,0,0,0,0,0,0,0,0,0,0,0,0,0,0,0,0,0,0,0,0,0,0,0,0,0,0,0,0,0,0,0,0,0,0,0,0,0,0,0,0,0,0,0,0,0,0,0,0,0,0,0,0,0,0,0,0,0,0,0,0,0,0,0,0,0,0,0,205
GSE166181_NR T1-Mela31 rep4_Post,0,0,0,0,0,0,0,0,0,0,0,0,0,0,0,0,0,0,0,1,0,0,0,0,0,0,0,0,3,12,246,0,0,5,65,0,0,0,0,0,0,0,0,0,0,0,0,0,0,0,0,0,0,0,0,0,0,0,0,0,0,0,0,0,0,0,0,0,0,0,0,0,0,0,0,0,0,0,0,0,0,0,0,0,0,0,0,0,0,0,0,0,0,0,0,0,0,0,0,0,0,0,0,0,0,0,0,0,0,216
GSE166181_NR T1-Mela5 rep1_Post,0,0,0,0,0,0,0,0,0,0,0,0,0,0,0,0,0,0,0,0,0,0,0,0,0,0,0,0,1,20,22,0,0,8,38,0,1,0,0,0,0,0,0,0,0,0,0,0,0,0,0,0,0,0,0,0,0,0,0,0,0,0,0,0,0,0,0,0,0,0,0,0,0,0,0,0,0,0,0,0,0,0,0,0,0,0,0,0,0,0,0,0,0,0,0,0,0,0,0,0,0,0,0,0,0,0,0,0,0,135
GSE166181_NR T1-Mela5 rep3_Post,0,0,0,0,0,0,0,0,0,0,0,0,0,0,0,0,0,0,0,0,0,0,0,0,0,0,0,0,2,22,19,0,0,8,34,1,2,1,0,0,0,0,0,0,0,0,0,0,0,0,0,0,0,0,0,0,0,0,0,0,0,0,0,0,0,0,0,0,0,0,0,0,0,0,0,0,0,0,0,0,0,0,0,0,0,0,0,0,0,0,0,0,0,0,0,0,0,0,0,0,0,0,0,0,0,0,0,0,0,124
GSE166181_NR T2-Mela11 rep1_Post,0,0,0,0,0,0,0,0,0,0,0,0,0,0,0,0,0,0,0,0,0,0,0,0,0,0,0,0,1,6,5,0,0,2,160,1,0,0,0,0,0,0,0,0,0,0,0,0,0,0,0,0,0,0,0,0,0,0,0,0,0,0,0,0,0,0,0,0,0,0,0,0,0,0,0,0,0,0,0,0,0,0,0,0,0,0,0,0,0,0,0,0,0,0,0,0,0,0,0,0,0,0,0,0,0,0,0,0,0,175
GSE166181_NR T2-Mela11 rep2_Post,0,0,0,0,0,0,0,0,0,0,0,0,0,0,0,0,0,0,0,0,0,0,0,0,0,0,0,0,1,2,5,0,0,1,114,1,1,0,0,0,0,0,0,0,0,0,0,0,0,0,0,0,0,0,0,0,0,0,0,0,0,0,0,0,0,0,0,0,0,0,0,0,0,0,0,0,0,0,0,0,0,0,0,0,0,0,0,0,0,0,0,0,0,0,0,0,0,0,0,0,0,0,0,0,0,0,0,0,0,119
GSE166181_NR T2-Mela11 rep3_Post,0,0,0,0,0,0,0,0,0,0,0,0,0,0,0,0,0,0,0,0,0,0,0,0,0,0,0,1,2,2,9,0,0,0,162,0,0,0,0,0,0,0,0,0,0,0,0,0,0,0,0,0,0,0,0,0,0,0,0,0,0,0,0,0,0,0,0,0,0,0,0,0,0,0,0,0,0,0,0,0,0,0,0,0,0,0,0,0,0,0,0,0,0,0,0,0,0,0,0,0,0,0,0,0,0,0,0,0,0,172
GSE166181_NR T2-Mela11 rep4_Post,0,0,0,0,0,0,0,0,0,0,0,0,0,0,0,0,0,0,0,0,0,0,0,0,0,0,0,0,1,9,5,0,0,5,185,0,0,0,0,0,0,0,0,0,0,0,0,0,0,0,0,0,0,0,0,0,0,0,0,0,0,0,0,0,0,0,0,0,0,0,0,0,0,0,0,0,0,0,0,0,0,0,0,0,0,0,0,0,0,0,0,0,0,0,0,0,0,0,0,0,0,0,0,0,0,0,0,0,0,176
GSE166181_NR T2-Mela17 rep1_Post,0,0,0,0,0,0,0,0,0,0,0,0,0,0,0,0,0,0,0,0,0,0,0,0,0,0,0,0,14,4,25,0,0,6,56,0,0,0,0,0,0,0,0,0,0,0,0,0,0,0,0,0,0,0,0,0,0,0,0,0,0,0,0,0,0,0,0,0,0,0,0,0,0,0,0,0,0,0,0,0,0,0,0,0,0,0,0,0,0,0,0,0,0,0,0,0,0,0,0,0,0,0,0,0,0,0,0,0,0,69
GSE166181_NR T2-Mela17 rep2_Post,0,0,0,0,0,0,0,0,0,0,0,0,0,0,0,0,0,0,0,0,0,0,0,0,0,0,0,0,6,4,19,0,0,7,60,0,0,0,0,0,0,0,0,0,0,0,0,0,0,0,0,0,0,0,0,0,0,0,0,0,0,0,0,0,0,0,0,0,0,0,0,0,0,0,0,0,0,0,0,0,0,0,0,0,0,0,0,0,0,0,0,0,0,0,0,0,0,0,0,0,0,0,0,0,0,0,0,0,0,69
GSE166181_NR T2-Mela17 rep3_Post,0,0,0,0,0,0,0,0,0,0,0,0,0,0,0,0,0,0,0,0,0,0,0,0,0,0,0,0,16,4,17,0,0,14,96,0,0,0,0,0,0,0,0,0,0,0,0,0,0,0,0,0,0,0,0,0,0,0,0,0,0,0,0,0,0,0,0,0,0,0,0,0,0,0,0,0,0,0,0,0,0,0,0,0,0,0,0,0,0,0,0,0,0,0,0,0,0,0,0,0,0,0,0,0,0,0,0,0,0,124
GSE166181_NR T2-Mela17 rep4_Post,0,0,0,0,0,0,0,0,0,0,0,0,0,0,0,0,0,0,0,0,0,0,0,0,0,0,0,0,10,3,20,0,0,4,57,3,0,0,0,0,0,0,0,0,0,0,0,0,0,0,0,0,0,0,0,0,0,0,0,0,0,0,0,0,0,0,0,0,0,0,0,0,0,0,0,0,0,0,0,0,0,0,0,0,0,0,0,0,0,0,0,0,0,0,0,0,0,0,0,0,0,0,0,0,0,0,0,0,0,72
GSE166181_NR T2-Mela21 rep1_Post,0,0,0,0,0,0,0,0,0,0,0,0,0,0,0,0,0,0,0,0,0,0,0,0,0,0,0,0,2,10,106,0,0,6,11,3,1,0,0,0,0,0,0,0,0,0,0,0,0,0,0,0,0,0,0,0,0,0,0,0,0,0,0,0,0,0,0,0,0,0,0,0,0,0,0,0,0,0,0,0,0,0,0,0,0,0,0,0,0,0,0,0,0,0,0,0,0,0,0,0,0,0,0,0,0,0,0,0,0,134
GSE166181_NR T2-Mela21 rep4_Post,0,0,0,0,0,0,0,0,0,0,0,0,0,0,0,0,0,0,0,0,0,0,0,0,0,0,0,0,2,4,65,0,0,5,8,0,1,0,0,0,0,0,0,0,0,0,0,0,0,0,0,0,0,0,0,0,0,0,0,0,0,0,0,0,0,0,0,0,0,0,0,0,0,0,0,0,0,0,0,0,0,0,0,0,0,0,0,0,0,0,0,0,0,0,0,0,0,0,0,0,0,0,0,0,0,0,0,0,0,91
GSE166181_NR T2-Mela25 rep1_Post,0,0,0,0,0,0,0,0,0,0,0,0,0,0,0,0,0,0,0,0,0,0,0,0,0,0,0,0,2,22,108,0,0,16,63,0,0,0,0,0,0,0,0,0,0,0,0,0,0,0,0,0,0,0,0,0,0,0,0,0,0,0,0,0,0,0,0,0,0,0,0,0,0,0,0,0,0,0,0,0,0,0,0,0,0,0,0,0,0,0,0,0,0,0,0,0,0,0,0,0,0,0,0,0,0,0,0,0,0,177
GSE166181_NR T2-Mela25 rep2_Post,0,0,0,0,0,0,0,0,0,0,0,0,0,0,0,0,0,0,0,0,0,0,0,0,0,0,0,0,1,24,119,0,0,22,59,0,1,0,0,0,0,0,0,0,0,0,0,0,0,0,0,0,0,0,0,0,0,0,0,0,0,0,0,0,0,0,0,0,0,0,0,0,0,0,0,0,0,0,0,0,0,0,0,0,0,0,0,0,0,0,0,0,0,0,0,0,0,0,0,0,0,0,0,0,0,0,0,0,0,165
GSE166181_NR T2-Mela3 rep1_Post,0,0,0,0,0,0,0,0,0,0,0,0,0,0,0,0,0,0,0,0,0,0,0,0,0,0,0,0,2,29,44,0,0,18,74,0,0,0,0,0,0,0,0,0,0,0,0,0,0,0,0,0,0,0,0,0,0,0,0,0,0,0,0,0,0,0,0,0,0,0,0,0,0,0,0,0,0,0,0,0,0,0,0,0,0,0,0,0,0,0,0,0,0,0,0,0,0,0,0,0,0,0,0,0,0,0,0,0,0,149
GSE166181_NR T2-Mela3 rep2_Post,0,0,0,0,0,0,0,0,0,0,0,0,0,0,0,0,0,0,0,0,0,0,0,0,0,0,0,0,0,29,43,0,0,12,38,0,0,0,0,0,0,0,0,0,0,0,0,0,0,0,0,0,0,0,0,0,0,0,0,0,0,0,0,0,0,0,0,0,0,0,0,0,0,0,0,0,0,0,0,0,0,0,0,0,0,0,0,0,0,0,0,0,0,0,0,0,0,0,0,0,0,0,0,0,0,0,0,0,0,180
GSE166181_NR T2-Mela30 rep1_Post,0,0,0,0,0,0,0,0,0,0,0,0,0,0,0,0,0,0,0,0,0,0,0,0,0,0,0,0,0,4,2,0,0,1,15,0,0,0,0,0,0,0,0,0,0,0,0,0,0,0,0,0,0,0,0,0,0,0,0,0,0,0,0,0,0,0,0,0,0,0,0,0,0,0,0,0,0,0,0,0,0,0,0,0,0,0,0,0,0,0,0,0,0,0,0,0,0,0,0,0,0,0,0,0,0,0,0,0,0,25
GSE166181_NR T2-Mela30 rep2_Post,0,0,0,0,0,0,0,0,0,0,0,0,0,0,0,0,0,0,0,0,0,0,0,0,0,0,0,0,0,3,1,0,0,0,16,0,0,0,0,0,0,0,0,0,0,0,0,0,0,0,0,0,0,0,0,0,0,0,0,0,0,0,0,0,0,0,0,0,0,0,0,0,0,0,0,0,0,0,0,0,0,0,0,0,0,0,0,0,0,0,0,0,0,0,0,0,0,0,0,0,0,0,0,0,0,0,0,0,0,21
GSE166181_NR T2-Mela30 rep3_Post,0,0,0,0,0,0,0,0,0,0,0,0,0,0,0,0,0,0,0,0,0,0,0,0,0,0,0,0,0,0,1,0,0,0,8,0,0,0,0,0,0,0,0,0,0,0,0,0,0,0,0,0,0,0,0,0,0,0,0,0,0,0,0,0,0,0,0,0,0,0,0,0,0,0,0,0,0,0,0,0,0,0,0,0,0,0,0,0,0,0,0,0,0,0,0,0,0,0,0,0,0,0,0,0,0,0,0,0,0,9
GSE166181_NR T2-Mela30 rep4_Post,0,0,0,0,0,0,0,0,0,0,0,0,0,0,0,0,0,0,0,0,0,0,0,0,0,0,0,0,0,3,3,0,0,0,8,0,0,0,0,0,0,0,0,0,0,0,0,0,0,0,0,0,0,0,0,0,0,0,0,0,0,0,0,0,0,0,0,0,0,0,0,0,0,0,0,0,0,0,0,0,0,0,0,0,0,0,0,0,0,0,0,0,0,0,0,0,0,0,0,0,0,0,0,0,0,0,0,0,0,14
GSE166181_NR T2-Mela31 rep1_Post,0,0,0,0,0,0,0,0,0,0,0,0,0,0,0,0,0,0,0,0,0,0,0,0,0,0,0,0,1,0,122,0,0,1,47,0,0,0,0,0,0,0,0,0,0,0,0,0,0,0,0,0,0,0,0,0,0,0,0,0,0,0,0,0,0,0,0,0,0,0,0,0,0,0,0,0,0,0,0,0,0,0,0,0,0,0,0,0,0,0,0,0,0,0,0,0,0,0,0,0,0,0,0,0,0,0,0,0,0,117
GSE166181_NR T2-Mela31 rep2_Post,0,0,0,0,0,0,0,0,0,0,0,0,0,0,0,0,0,0,0,0,0,0,0,0,0,0,0,0,1,5,210,0,0,3,72,1,0,0,0,0,0,0,0,0,0,0,0,0,0,0,0,0,0,0,0,0,0,0,0,0,0,0,0,0,0,0,0,0,0,0,0,0,0,0,0,0,0,0,0,0,0,0,0,0,0,0,0,0,0,0,0,0,0,0,0,0,0,0,0,0,0,0,0,0,0,0,0,0,0,176
GSE166181_NR T2-Mela31 rep3_Post,0,0,0,0,0,0,0,0,0,0,0,0,0,0,0,0,0,0,0,0,0,0,0,0,0,0,0,0,0,5,176,0,0,2,56,1,0,0,0,0,0,0,0,0,0,0,0,0,0,0,0,0,0,0,0,0,0,0,0,0,0,0,0,0,0,0,0,0,0,0,0,0,0,0,0,0,0,0,0,0,0,0,0,0,0,0,0,0,0,0,0,0,0,0,0,0,0,0,0,0,0,0,0,0,0,0,0,0,0,133
GSE166181_NR T2-Mela31 rep4_Post,0,0,0,0,0,0,0,0,0,0,0,0,0,0,0,0,0,0,0,1,0,0,0,0,0,0,0,0,0,6,208,0,0,3,85,1,0,0,0,0,0,0,0,0,0,0,0,0,0,0,0,0,0,0,0,0,0,0,0,0,0,0,0,0,0,0,0,0,0,0,0,0,0,0,0,0,0,0,0,0,0,0,0,0,0,0,0,0,0,0,0,0,0,0,0,0,0,0,0,0,0,0,0,0,0,0,0,0,0,117
GSE166181_NR T2-Mela5 rep1_Post,0,0,0,0,0,0,0,0,0,0,0,0,0,0,0,0,0,0,0,0,0,0,0,0,0,0,0,0,2,19,25,0,0,17,34,1,0,0,0,0,0,0,0,0,0,0,0,0,0,0,0,0,0,0,0,0,0,0,0,0,0,0,0,0,0,0,0,0,0,0,0,0,0,0,0,0,0,0,0,0,0,0,0,0,0,0,0,0,0,0,0,0,0,0,0,0,0,0,0,0,0,0,0,0,0,0,0,0,0,171
GSE166181_NR T2-Mela5 rep2_Post,0,0,0,0,0,0,0,0,0,0,0,0,0,0,0,0,0,0,0,0,0,0,0,0,0,0,0,0,2,10,8,0,0,4,15,0,2,0,0,0,0,0,0,0,0,0,0,0,0,0,0,0,0,0,0,0,0,0,0,0,0,0,0,0,0,0,0,0,0,0,0,0,0,0,0,0,0,0,0,0,0,0,0,0,0,0,0,0,0,0,0,0,0,0,0,0,0,0,0,0,0,0,0,0,0,0,0,0,0,68
GSE166181_NR T2-Mela5 rep3_Post,0,0,0,0,0,0,0,0,0,0,0,0,0,0,0,0,0,0,0,0,0,0,0,0,0,0,0,0,1,14,24,0,0,13,31,0,0,0,0,0,0,0,0,0,0,0,0,0,0,0,0,0,0,0,0,0,0,0,0,0,0,0,0,0,0,0,0,0,0,0,0,0,0,0,0,0,0,0,0,0,0,0,0,0,0,0,0,0,0,0,0,0,0,0,0,0,0,0,0,0,0,0,0,0,0,0,0,0,0,141
GSE166181_R T0-Mela10 rep2_Pre,0,0,0,0,0,0,0,0,0,0,0,0,0,0,0,0,0,0,0,0,0,0,0,1,0,0,0,2,9,23,115,0,0,10,49,1,0,0,0,0,0,0,0,0,0,0,0,0,0,0,0,0,0,0,0,0,0,0,0,0,0,0,0,0,0,0,0,0,0,0,0,0,0,0,0,0,0,0,0,0,0,0,0,0,0,0,0,0,0,0,0,0,0,0,0,0,0,0,0,0,0,0,0,0,0,0,0,0,0,143
GSE166181_R T0-Mela10 rep3_Pre,0,0,0,0,0,0,0,0,0,0,0,0,0,0,0,0,0,0,0,0,0,0,0,0,0,0,0,4,8,28,120,0,0,15,54,0,0,0,0,0,0,0,0,0,0,0,0,0,0,0,0,0,0,0,0,0,0,0,0,0,0,0,0,0,0,0,0,0,0,0,0,0,0,0,0,0,0,0,0,0,0,0,0,0,0,0,0,0,0,0,0,0,0,0,0,0,0,0,0,0,0,0,0,0,0,0,0,0,0,124
GSE166181_R T0-Mela10 rep4_Pre,0,0,0,0,0,0,0,0,0,0,0,0,0,0,0,0,0,0,0,0,0,0,0,0,0,0,0,3,3,25,128,0,0,13,59,1,0,0,0,0,0,0,0,0,0,0,0,0,0,0,0,0,0,0,0,0,0,0,0,0,0,0,0,0,0,0,0,0,0,0,0,0,0,0,0,0,0,0,0,0,0,0,0,0,0,0,0,0,0,0,0,0,0,0,0,0,0,0,0,0,0,0,0,0,0,0,0,0,0,151
GSE166181_R T0-Mela12 rep1_Pre,0,0,0,0,0,0,0,0,0,0,0,0,0,0,0,0,0,0,0,0,0,0,0,0,0,0,0,0,36,28,52,0,0,19,89,0,0,1,0,0,0,0,0,0,0,0,0,0,0,0,0,0,0,0,0,0,0,0,0,0,0,0,0,0,0,0,0,0,0,0,0,0,0,0,0,0,0,0,0,0,0,0,0,0,0,0,0,0,0,0,0,0,0,0,0,0,0,0,0,0,0,0,0,0,0,0,0,0,0,167
GSE166181_R T0-Mela12 rep2_Pre,0,0,0,0,0,0,0,0,0,0,0,0,0,0,0,0,0,0,0,0,0,0,0,0,2,0,0,2,22,41,63,0,0,20,80,0,1,1,0,0,0,0,0,0,0,0,0,0,0,0,0,0,0,0,0,0,0,0,0,0,0,0,0,0,0,0,0,0,0,0,0,0,0,0,0,0,0,0,0,0,0,0,0,0,0,0,0,0,0,0,0,0,0,0,0,0,0,0,0,0,0,0,0,0,0,0,0,0,0,130
GSE166181_R T0-Mela12 rep3_Pre,0,0,0,0,0,0,0,0,0,0,0,0,0,0,0,0,0,0,0,0,0,0,0,0,0,0,0,0,16,32,43,0,0,27,76,0,1,0,0,0,0,0,0,0,0,0,0,0,0,0,0,0,0,0,0,0,0,0,0,0,0,0,0,0,0,0,0,0,0,0,0,0,0,0,0,0,0,0,0,0,0,0,0,0,0,0,0,0,0,0,0,0,0,0,0,0,0,0,0,0,0,0,0,0,0,0,0,0,0,125
GSE166181_R T0-Mela12 rep4_Pre,0,0,0,0,0,0,0,0,0,0,0,0,0,0,0,0,0,0,0,0,0,0,0,0,0,0,0,0,18,26,34,0,0,31,101,0,0,0,0,0,0,0,0,0,0,0,0,0,0,0,0,0,0,0,0,0,0,0,0,0,0,0,0,0,0,0,0,0,0,0,0,0,0,0,0,0,0,0,0,0,0,0,0,0,0,0,0,0,0,0,0,0,0,0,0,0,0,0,0,0,0,0,0,0,0,0,0,0,0,160
GSE166181_R T0-Mela13 rep3_Pre,0,0,0,0,0,0,0,0,0,0,0,0,0,0,0,0,0,0,0,0,0,0,0,0,0,0,0,0,1,5,19,0,0,6,5,0,0,0,0,0,0,0,0,0,0,0,0,0,0,0,0,0,0,0,0,0,0,0,0,0,0,0,0,0,0,0,0,0,0,0,0,0,0,0,0,0,0,0,0,0,0,0,0,0,0,0,0,0,0,0,0,0,0,0,0,0,0,0,0,0,0,0,0,0,0,0,0,0,0,46
GSE166181_R T0-Mela13 rep4_Pre,0,0,0,0,0,0,0,0,0,0,0,0,0,0,0,0,0,0,0,0,0,0,0,0,0,0,0,1,0,15,44,0,0,1,9,0,0,1,0,0,0,0,0,0,0,0,0,0,0,0,0,0,0,0,0,0,0,0,0,0,0,0,0,0,0,0,0,0,0,0,0,0,0,0,0,0,0,0,0,0,0,0,0,0,0,0,0,0,0,0,0,0,0,0,0,0,0,0,0,0,0,0,0,0,0,0,0,0,0,70
GSE166181_R T0-Mela16 rep2_Pre,0,0,0,0,0,0,0,0,0,0,0,0,0,0,0,0,0,0,0,0,0,0,0,0,0,0,0,0,4,3,17,0,0,4,57,0,0,0,0,0,0,0,0,0,0,0,0,0,0,0,0,0,0,0,0,0,0,0,0,0,0,0,0,0,0,0,0,0,0,0,0,0,0,0,0,0,0,0,0,0,0,0,0,0,0,0,0,0,0,0,0,0,0,0,0,0,0,0,0,0,0,0,0,0,0,0,0,0,0,68
GSE166181_R T0-Mela16 rep3_Pre,0,0,0,0,0,0,0,0,0,0,0,0,0,0,0,0,0,0,0,0,0,0,0,0,0,0,0,0,0,2,12,0,0,4,46,0,0,0,0,0,0,0,0,0,0,0,0,0,0,0,0,0,0,0,0,0,0,0,0,0,0,0,0,0,0,0,0,0,0,0,0,0,0,0,0,0,0,0,0,0,0,0,0,0,0,0,0,0,0,0,0,0,0,0,0,0,0,0,0,0,0,0,0,0,0,0,0,0,0,59
GSE166181_R T0-Mela16 rep4_Pre,0,0,0,0,0,0,0,0,0,0,0,0,0,0,0,0,0,0,0,0,0,0,0,0,0,0,0,0,5,1,22,0,0,4,77,1,0,0,0,0,0,0,0,0,0,0,0,0,0,0,0,0,0,0,0,0,0,0,0,0,0,0,0,0,0,0,0,0,0,0,0,0,0,0,0,0,0,0,0,0,0,0,0,0,0,0,0,0,0,0,0,0,0,0,0,0,0,0,0,0,0,0,0,0,0,0,0,0,0,65
GSE166181_R T0-Mela20 rep1_Pre,0,0,0,0,0,0,0,0,0,0,0,0,0,0,0,0,0,0,0,2,0,0,0,0,0,0,0,0,9,19,40,0,0,7,76,0,0,2,0,0,0,0,0,0,0,0,0,0,0,0,0,0,0,0,0,0,0,0,0,0,0,0,0,0,0,0,0,0,0,0,0,0,0,0,0,0,0,0,0,0,0,0,0,0,0,0,0,0,0,0,0,0,0,0,0,0,0,0,0,0,0,0,0,0,0,0,0,0,0,98
GSE166181_R T0-Mela20 rep2_Pre,0,0,0,0,0,0,0,0,0,0,0,0,0,0,0,0,0,0,0,0,0,0,0,0,1,0,0,0,11,17,38,0,0,13,68,1,0,0,0,0,0,0,0,0,0,0,0,0,0,0,0,0,0,0,0,0,0,0,0,0,0,0,0,0,0,0,0,0,0,0,0,0,0,0,0,0,0,0,0,0,0,0,0,0,0,0,0,0,0,0,0,0,0,0,0,0,0,0,0,0,0,0,0,0,0,0,0,0,0,136
GSE166181_R T0-Mela20 rep3_Pre,0,0,0,0,0,0,0,0,0,0,0,0,0,0,0,0,0,0,0,0,0,0,0,0,0,0,0,0,11,19,51,0,0,6,60,1,0,0,0,0,0,0,0,0,0,0,0,0,0,0,0,0,0,0,0,0,0,0,0,0,0,0,0,0,0,0,0,0,0,0,0,0,0,0,0,0,0,0,0,0,0,0,0,0,0,0,0,0,0,0,0,0,0,0,0,0,0,0,0,0,0,0,0,0,0,0,0,0,0,109
GSE166181_R T0-Mela20 rep4_Pre,0,0,0,0,0,0,0,0,0,0,0,0,0,0,0,0,0,0,0,0,0,0,0,0,0,0,0,0,5,16,33,0,0,7,54,1,0,0,0,0,0,0,0,0,0,0,0,0,0,0,0,0,0,0,0,0,0,0,0,0,0,0,0,0,0,0,0,0,0,0,0,0,0,0,0,0,0,0,0,0,0,0,0,0,0,0,0,0,0,0,0,0,0,0,0,0,0,0,0,0,0,0,0,0,0,0,0,0,0,125
GSE166181_R T0-Mela23 rep1_Pre,0,0,0,0,0,0,0,0,0,0,0,0,0,0,0,0,0,0,0,0,0,0,0,0,0,0,0,1,3,10,22,0,0,2,31,1,1,0,0,0,0,0,0,0,0,0,0,0,0,0,0,0,0,0,0,0,0,0,0,0,0,0,0,0,0,0,0,0,0,0,0,0,0,0,0,0,0,0,0,0,0,0,0,0,0,0,0,0,0,0,0,0,0,0,0,0,0,0,0,0,0,0,0,0,0,0,0,0,0,61
GSE166181_R T0-Mela23 rep2_Pre,0,0,0,0,0,0,0,0,0,0,0,0,0,0,0,0,0,0,0,0,0,0,0,0,0,0,0,0,3,14,37,0,0,2,33,1,0,1,0,0,0,0,0,0,0,0,0,0,0,0,0,0,0,0,0,0,0,0,0,0,0,0,0,0,0,0,0,0,0,0,0,0,0,0,0,0,0,0,0,0,0,0,0,0,0,0,0,0,0,0,0,0,0,0,0,0,0,0,0,0,0,0,0,0,0,0,0,0,0,94
GSE166181_R T0-Mela23 rep3_Pre,0,0,0,0,0,0,0,0,0,0,0,0,0,0,0,0,0,0,0,0,0,0,0,0,0,0,0,1,6,7,18,0,0,1,24,0,0,0,0,0,0,0,0,0,0,0,0,0,0,0,0,0,0,0,0,0,0,0,0,0,0,0,0,0,0,0,0,0,0,0,0,0,0,0,0,0,0,0,0,0,0,0,0,0,0,0,0,0,0,0,0,0,0,0,0,0,0,0,0,0,0,0,0,0,0,0,0,0,0,37
GSE166181_R T0-Mela24 rep1_Pre,0,0,0,0,0,0,0,0,0,0,0,0,0,0,0,0,0,0,0,0,0,0,0,0,3,0,0,0,1,34,64,0,0,11,100,1,0,0,0,0,0,0,0,0,0,0,0,0,0,0,0,0,0,0,0,0,0,0,0,0,0,0,0,0,0,0,0,0,0,0,0,0,0,0,0,0,0,0,0,0,0,0,0,0,0,0,0,0,0,0,0,0,0,0,0,0,0,0,0,0,0,0,0,0,0,0,0,0,0,90
GSE166181_R T0-Mela24 rep2_Pre,0,0,0,0,0,0,0,0,0,0,0,0,0,0,0,0,0,0,0,0,0,0,0,0,0,0,0,1,1,18,37,0,0,11,62,0,0,0,0,0,0,0,0,0,0,0,0,0,0,0,0,0,0,0,0,0,0,0,0,0,0,0,0,0,0,0,0,0,0,0,0,0,0,0,0,0,0,0,0,0,0,0,0,0,0,0,0,0,0,0,0,0,0,0,0,0,0,0,0,0,0,0,0,0,0,0,0,0,0,116
GSE166181_R T0-Mela26 rep1_Pre,0,0,0,0,0,0,0,0,0,0,0,0,0,0,0,0,0,0,0,0,0,0,0,0,0,0,0,0,5,10,17,0,0,6,59,0,0,0,0,0,0,0,0,0,0,0,0,0,0,0,0,0,0,0,0,0,0,0,0,0,0,0,0,0,0,0,0,0,0,0,0,0,0,0,0,0,0,0,0,0,0,0,0,0,0,0,0,0,0,0,0,0,0,0,0,0,0,0,0,0,0,0,0,0,0,0,0,0,0,169
GSE166181_R T0-Mela26 rep3_Pre,0,0,0,0,0,0,0,0,0,0,0,0,0,0,0,0,0,0,0,0,0,0,0,0,0,0,0,0,16,17,59,0,0,17,114,0,0,0,0,0,0,0,0,0,0,0,0,0,0,0,0,0,0,0,0,0,0,0,0,0,0,0,0,0,0,0,0,0,0,0,0,0,0,0,0,0,0,0,0,0,0,0,0,0,0,0,0,0,0,0,0,0,0,0,0,0,0,0,0,0,0,0,0,0,0,0,0,0,0,196
GSE166181_R T0-Mela26 rep4_Pre,0,0,0,0,0,0,0,0,0,0,0,0,0,0,0,0,0,0,0,0,0,0,0,0,0,0,0,0,12,16,42,0,0,18,94,1,0,0,0,0,0,0,0,0,0,0,0,0,0,0,0,0,0,0,0,0,0,0,0,0,0,0,0,0,0,0,0,0,0,0,0,0,0,0,0,0,0,0,0,0,0,0,0,0,0,0,0,0,0,0,0,0,0,0,0,0,0,0,0,0,0,0,0,0,0,0,0,0,0,224
GSE166181_R T0-Mela28 rep1_Pre,0,0,0,0,0,0,0,0,0,0,0,0,0,0,0,0,0,0,0,0,0,0,0,0,0,0,0,1,13,22,39,0,0,13,58,1,0,0,0,0,0,0,0,0,0,0,0,0,0,0,0,0,0,0,0,0,0,0,0,0,0,0,0,0,0,0,0,0,0,0,0,0,0,0,0,0,0,0,0,0,0,0,0,0,0,0,0,0,0,0,0,0,0,0,0,0,0,0,0,0,0,0,0,0,0,0,0,0,0,132
GSE166181_R T0-Mela28 rep2_Pre,0,0,0,0,0,0,0,0,0,0,0,0,0,0,0,0,0,0,0,0,0,0,0,0,1,0,0,0,15,28,38,0,0,11,58,0,2,0,0,0,0,0,0,0,0,0,0,0,0,0,0,0,0,0,0,0,0,0,0,0,0,0,0,0,0,0,0,0,0,0,0,0,0,0,0,0,0,0,0,0,0,0,0,0,0,0,0,0,0,0,0,0,0,0,0,0,0,0,0,0,0,0,0,0,0,0,0,0,0,115
GSE166181_R T0-Mela28 rep4_Pre,0,0,0,0,0,0,0,0,0,0,0,0,0,0,0,0,0,0,0,0,0,0,0,0,0,0,0,0,18,38,60,0,0,21,72,1,1,0,0,0,0,0,0,0,0,0,0,0,0,0,0,0,0,0,0,0,0,0,0,0,0,0,0,0,0,0,0,0,0,0,0,0,0,0,0,0,0,0,0,0,0,0,0,0,0,0,0,0,0,0,0,0,0,0,0,0,0,0,0,0,0,0,0,0,0,0,0,0,0,157
GSE166181_R T0-Mela29 rep1_Pre,0,0,0,0,0,0,0,0,0,0,0,0,0,0,0,0,0,0,0,0,0,0,0,0,0,0,0,0,4,12,31,0,0,13,87,4,1,0,0,0,0,0,0,0,0,0,0,0,0,0,0,0,0,0,0,0,0,0,0,0,0,0,0,0,0,0,0,0,0,0,0,0,0,0,0,0,0,0,0,0,0,0,0,0,0,0,0,0,0,0,0,0,0,0,0,0,0,0,0,0,0,0,0,0,0,0,0,0,0,69
GSE166181_R T0-Mela29 rep2_Pre,0,0,0,0,0,0,0,0,0,0,0,0,0,0,0,0,0,0,0,0,0,0,0,0,0,0,0,0,4,21,34,0,0,5,78,4,1,0,0,0,0,0,0,0,0,0,0,0,0,0,0,0,0,0,0,0,0,0,0,0,0,0,0,0,0,0,0,0,0,0,0,0,0,0,0,0,0,0,0,0,0,0,0,0,0,0,0,0,0,0,0,0,0,0,0,0,0,0,0,0,0,0,0,0,0,0,0,0,0,100
GSE166181_R T0-Mela29 rep3_Pre,0,0,0,0,0,0,0,0,0,0,0,0,0,0,0,0,0,0,0,0,0,0,0,1,0,0,0,0,7,48,89,0,0,17,106,0,0,0,0,0,0,0,0,0,0,0,0,0,0,0,0,0,0,0,0,0,0,0,0,0,0,0,0,0,0,0,0,0,0,0,0,0,0,0,0,0,0,0,0,0,0,0,0,0,0,0,0,0,0,0,0,0,0,0,0,0,0,0,0,0,0,0,0,0,0,0,0,0,0,100
GSE166181_R T0-Mela29 rep4_Pre,0,0,0,0,0,0,0,0,0,0,0,0,0,0,0,0,0,0,1,0,0,0,0,0,0,0,0,0,9,35,75,0,0,13,121,0,2,0,0,0,0,0,0,0,0,0,0,0,0,0,0,0,0,0,0,0,0,0,0,0,0,0,0,0,0,0,0,0,0,0,0,0,0,0,0,0,0,0,0,0,0,0,0,0,0,0,0,0,0,0,0,0,0,0,0,0,0,0,0,0,0,0,0,0,0,0,0,0,0,103
GSE166181_R T0-Mela7 rep1_Pre,0,0,0,0,0,0,0,0,0,0,0,0,0,0,0,0,0,0,0,0,0,0,0,0,0,0,0,0,3,1,5,0,0,1,19,0,0,0,0,0,0,0,0,0,0,0,0,0,0,0,0,0,0,0,0,0,0,0,0,0,0,0,0,0,0,0,0,0,0,0,0,0,0,0,0,0,0,0,0,0,0,0,0,0,0,0,0,0,0,0,0,0,0,0,0,0,0,0,0,0,0,0,0,0,0,0,0,0,0,35
GSE166181_R T0-Mela7 rep2_Pre,0,0,0,0,0,0,0,0,0,0,0,0,0,0,0,0,0,0,0,0,0,0,0,0,0,0,0,0,1,5,6,0,0,1,18,0,0,0,0,0,0,0,0,0,0,0,0,0,0,0,0,0,0,0,0,0,0,0,0,0,0,0,0,0,0,0,0,0,0,0,0,0,0,0,0,0,0,0,0,0,0,0,0,0,0,0,0,0,0,0,0,0,0,0,0,0,0,0,0,0,0,0,0,0,0,0,0,0,0,36
GSE166181_R T0-Mela7 rep3_Pre,0,0,0,0,0,0,0,0,0,0,0,0,0,0,0,0,0,0,0,0,0,0,0,0,0,0,0,0,0,3,1,0,0,0,10,0,0,0,0,0,0,0,0,0,0,0,0,0,0,0,0,0,0,0,0,0,0,0,0,0,0,0,0,0,0,0,0,0,0,0,0,0,0,0,0,0,0,0,0,0,0,0,0,0,0,0,0,0,0,0,0,0,0,0,0,0,0,0,0,0,0,0,0,0,0,0,0,0,0,18
GSE166181_R T0-Mela7 rep4_Pre,0,0,0,0,0,0,0,0,0,0,0,0,0,0,0,0,0,0,0,0,0,0,0,0,0,0,0,0,3,1,5,0,0,0,23,0,0,0,0,0,0,0,0,0,0,0,0,0,0,0,0,0,0,0,0,0,0,0,0,0,0,0,0,0,0,0,0,0,0,0,0,0,0,0,0,0,0,0,0,0,0,0,0,0,0,0,0,0,0,0,0,0,0,0,0,0,0,0,0,0,0,0,0,0,0,0,0,0,0,28
GSE166181_R T1-Mela10 rep1_Post,0,0,0,0,0,0,0,0,0,0,0,0,0,0,0,0,0,0,0,0,0,0,0,0,0,0,0,0,1,6,30,0,0,4,14,1,0,0,0,0,0,0,0,0,0,0,0,0,0,0,0,0,0,0,0,0,0,0,0,0,0,0,0,0,0,0,0,0,0,0,0,0,0,0,0,0,0,0,0,0,0,0,0,0,0,0,0,0,0,0,0,0,0,0,0,0,0,0,0,0,0,0,0,0,0,0,0,0,0,38
GSE166181_R T1-Mela12 rep1_Post,0,0,0,0,0,0,0,0,0,0,0,0,0,0,0,0,0,0,0,0,0,0,0,0,0,0,0,1,10,22,44,0,0,25,67,0,1,0,0,0,0,0,0,0,0,0,0,0,0,0,0,0,0,0,0,0,0,0,0,0,0,0,0,0,0,0,0,0,0,0,0,0,0,0,0,0,0,0,0,0,0,0,0,0,0,0,0,0,0,0,0,0,0,0,0,0,0,0,0,0,0,0,0,0,0,0,0,0,0,110
GSE166181_R T1-Mela12 rep2_Post,0,0,0,0,0,0,0,0,0,0,0,0,0,0,0,0,0,0,0,0,0,0,0,0,0,0,0,0,17,24,22,0,0,13,47,0,0,0,0,0,0,0,0,0,0,0,0,0,0,0,0,0,0,0,0,0,0,0,0,0,0,0,0,0,0,0,0,0,0,0,0,0,0,0,0,0,0,0,0,0,0,0,0,0,0,0,0,0,0,0,0,0,0,0,0,0,0,0,0,0,0,0,0,0,0,0,0,0,0,125
GSE166181_R T1-Mela12 rep3_Post,0,0,0,0,0,0,0,0,0,0,0,0,0,0,0,0,0,0,0,0,0,0,0,1,0,0,0,0,12,11,30,0,0,12,55,0,1,0,0,0,0,0,0,0,0,0,0,0,0,0,0,0,0,0,0,0,0,0,0,0,0,0,0,0,0,0,0,0,0,0,0,0,0,0,0,0,0,0,0,0,0,0,0,0,0,0,0,0,0,0,0,0,0,0,0,0,0,0,0,0,0,0,0,0,0,0,0,0,0,70
GSE166181_R T1-Mela12 rep4_Post,0,0,0,0,0,0,0,0,0,0,0,0,0,0,0,0,0,0,0,0,0,0,0,0,0,0,0,0,10,16,34,0,0,13,41,0,1,0,0,0,0,0,0,0,0,0,0,0,0,0,0,0,0,0,0,0,0,0,0,0,0,0,0,0,0,0,0,0,0,0,0,0,0,0,0,0,0,0,0,0,0,0,0,0,0,0,0,0,0,0,0,0,0,0,0,0,0,0,0,0,0,0,0,0,0,0,0,0,0,77
GSE166181_R T1-Mela13 rep1_Post,0,0,0,0,0,0,0,0,0,0,0,0,0,0,0,0,0,0,0,0,0,0,0,0,0,0,0,0,0,33,89,0,0,11,25,3,0,0,0,0,0,0,0,0,0,0,0,0,0,0,0,0,0,0,0,0,0,0,0,0,0,0,0,0,0,0,0,0,0,0,0,0,0,0,0,0,0,0,0,0,0,0,0,0,0,0,0,0,0,0,0,0,0,0,0,0,0,0,0,0,0,0,0,0,0,0,0,0,0,120
GSE166181_R T1-Mela13 rep2_Post,0,0,0,0,0,0,0,0,0,0,0,0,0,0,0,0,0,0,0,0,0,0,0,0,0,0,0,0,0,18,56,0,0,8,10,2,0,0,0,0,0,0,0,0,0,0,0,0,0,0,0,0,0,0,0,0,0,0,0,0,0,0,0,0,0,0,0,0,0,0,0,0,0,0,0,0,0,0,0,0,0,0,0,0,0,0,0,0,0,0,0,0,0,0,0,0,0,0,0,0,0,0,0,0,0,0,0,0,0,131
GSE166181_R T1-Mela13 rep3_Post,0,0,0,0,0,0,0,0,0,0,0,0,0,0,0,0,0,0,0,0,0,0,0,0,0,0,0,0,0,36,88,0,0,4,21,0,0,0,0,0,0,0,0,0,0,0,0,0,0,0,0,0,0,0,0,0,0,0,0,0,0,0,0,0,0,0,0,0,0,0,0,0,0,0,0,0,0,0,0,0,0,0,0,0,0,0,0,0,0,0,0,0,0,0,0,0,0,0,0,0,0,0,0,0,0,0,0,0,0,90
GSE166181_R T1-Mela13 rep4_Post,0,0,0,0,0,0,0,0,0,0,0,0,0,0,0,0,0,0,0,0,0,0,0,0,0,0,0,0,0,6,21,0,0,6,4,0,0,0,0,0,0,0,0,0,0,0,0,0,0,0,0,0,0,0,0,0,0,0,0,0,0,0,0,0,0,0,0,0,0,0,0,0,0,0,0,0,0,0,0,0,0,0,0,0,0,0,0,0,0,0,0,0,0,0,0,0,0,0,0,0,0,0,0,0,0,0,0,0,0,58
GSE166181_R T1-Mela16 rep1_Post,0,0,0,0,0,0,0,0,0,0,0,0,0,0,0,0,0,0,0,0,0,0,0,0,0,0,0,0,4,1,12,0,0,2,117,0,0,0,0,0,0,0,0,0,0,0,0,0,0,0,0,0,0,0,0,0,0,0,0,0,0,0,0,0,0,0,0,0,0,0,0,0,0,0,0,0,0,0,0,0,0,0,0,0,0,0,0,0,0,0,0,0,0,0,0,0,0,0,0,0,0,0,0,0,0,0,0,0,0,137
GSE166181_R T1-Mela16 rep2_Post,0,0,0,0,0,0,0,0,0,0,0,0,0,0,0,0,0,0,0,0,0,0,0,0,0,0,0,0,3,4,20,0,0,0,165,0,0,0,0,0,0,0,0,0,0,0,0,0,0,0,0,0,0,0,0,0,0,0,0,0,0,0,0,0,0,0,0,0,0,0,0,0,0,0,0,0,0,0,0,0,0,0,0,0,0,0,0,0,0,0,0,0,0,0,0,0,0,0,0,0,0,0,0,0,0,0,0,0,0,106
GSE166181_R T1-Mela16 rep3_Post,0,0,0,0,0,0,0,0,0,0,0,0,0,0,0,0,0,0,0,0,0,0,0,0,1,0,0,0,4,4,20,0,0,5,170,0,0,0,0,0,0,0,0,0,0,0,0,0,0,0,0,0,0,0,0,0,0,0,0,0,0,0,0,0,0,0,0,0,0,0,0,0,0,0,0,0,0,0,0,0,0,0,0,0,0,0,0,0,0,0,0,0,0,0,0,0,0,0,0,0,0,0,0,0,0,0,0,0,0,121
GSE166181_R T1-Mela16 rep4_Post,0,0,0,0,0,0,0,0,0,0,0,0,0,0,0,0,0,0,0,1,0,0,0,0,0,0,0,0,0,8,13,0,0,3,137,0,1,0,0,0,0,0,0,0,0,0,0,0,0,0,0,0,0,0,0,0,0,0,0,0,0,0,0,0,0,0,0,0,0,0,0,0,0,0,0,0,0,0,0,0,0,0,0,0,0,0,0,0,0,0,0,0,0,0,0,0,0,0,0,0,0,0,0,0,0,0,0,0,0,114
GSE166181_R T1-Mela20 rep1_Post,0,0,0,0,0,0,0,0,0,0,0,0,0,0,0,0,0,0,0,0,0,0,0,0,0,0,0,0,1,10,11,0,0,3,28,1,1,0,0,0,0,0,0,0,0,0,0,0,0,0,0,0,0,0,0,0,0,0,0,0,0,0,0,0,0,0,0,0,0,0,0,0,0,0,0,0,0,0,0,0,0,0,0,0,0,0,0,0,0,0,0,0,0,0,0,0,0,0,0,0,0,0,0,0,0,0,0,0,0,44
GSE166181_R T1-Mela20 rep2_Post,0,0,0,0,0,0,0,0,0,0,0,0,0,0,0,0,0,0,0,0,0,0,0,0,0,0,0,1,0,11,10,0,0,4,26,1,1,0,0,0,0,0,0,0,0,0,0,0,0,0,0,0,0,0,0,0,0,0,0,0,0,0,0,0,0,0,0,0,0,0,0,0,0,0,0,0,0,0,0,0,0,0,0,0,0,0,0,0,0,0,0,0,0,0,0,0,0,0,0,0,0,0,0,0,0,0,0,0,0,42
GSE166181_R T1-Mela20 rep3_Post,0,0,0,0,0,0,0,0,0,0,0,0,0,0,0,0,0,0,0,0,0,0,0,0,0,0,0,0,1,5,8,0,0,5,9,1,1,0,0,0,0,0,0,0,0,0,0,0,0,0,0,0,0,0,0,0,0,0,0,0,0,0,0,0,0,0,0,0,0,0,0,0,0,0,0,0,0,0,0,0,0,0,0,0,0,0,0,0,0,0,0,0,0,0,0,0,0,0,0,0,0,0,0,0,0,0,0,0,0,34
GSE166181_R T1-Mela20 rep4_Post,0,0,0,0,0,0,0,0,0,0,0,0,0,0,0,0,0,0,0,0,0,0,0,0,0,0,0,0,3,9,8,0,0,2,21,2,0,0,0,0,0,0,0,0,0,0,0,0,0,0,0,0,0,0,0,0,0,0,0,0,0,0,0,0,0,0,0,0,0,0,0,0,0,0,0,0,0,0,0,0,0,0,0,0,0,0,0,0,0,0,0,0,0,0,0,0,0,0,0,0,0,0,0,0,0,0,0,0,0,29
GSE166181_R T1-Mela23 rep1_Post,0,0,0,0,0,0,0,0,0,0,0,0,0,0,0,0,0,0,0,0,0,0,0,1,0,0,0,1,5,15,23,0,0,2,47,0,2,0,0,0,0,0,0,0,0,0,0,0,0,0,0,0,0,0,0,0,0,0,0,0,0,0,0,0,0,0,0,0,0,0,0,0,0,0,0,0,0,0,0,0,0,0,0,0,0,0,0,0,0,0,0,0,0,0,0,0,0,0,0,0,0,0,0,0,0,0,0,0,0,41
GSE166181_R T1-Mela24 rep1_Post,0,0,0,0,0,0,0,0,0,0,0,0,0,0,0,0,0,0,0,0,0,0,0,0,1,0,0,0,4,49,98,0,0,13,118,4,1,0,0,0,0,0,0,0,0,0,0,0,0,0,0,0,0,0,0,0,0,0,0,0,0,0,0,0,0,0,0,0,0,0,0,0,0,0,0,0,0,0,0,0,0,0,0,0,0,0,0,0,0,0,0,0,0,0,0,0,0,0,0,0,0,0,0,0,0,0,0,0,0,161
GSE166181_R T1-Mela24 rep2_Post,0,0,0,0,0,0,0,0,0,0,0,0,0,0,0,0,0,0,0,0,0,0,0,0,2,0,0,0,5,52,83,0,0,14,116,3,4,0,0,0,0,0,0,0,0,0,0,0,0,0,0,0,0,0,0,0,0,0,0,0,0,0,0,0,0,0,0,0,0,0,0,0,0,0,0,0,0,0,0,0,0,0,0,0,0,0,0,0,0,0,0,0,0,0,0,0,0,0,0,0,0,0,0,0,0,0,0,0,0,208
GSE166181_R T1-Mela24 rep3_Post,0,0,0,0,0,0,0,0,0,0,0,0,0,0,0,0,0,0,0,0,0,0,0,0,3,0,0,0,1,29,104,0,0,16,91,0,1,2,0,0,0,0,0,0,0,0,0,0,0,0,0,0,0,0,0,0,0,0,0,0,0,0,0,0,0,0,0,0,0,0,0,0,0,0,0,0,0,0,0,0,0,0,0,0,0,0,0,0,0,0,0,0,0,0,0,0,0,0,0,0,0,0,0,0,0,0,0,0,0,142
GSE166181_R T1-Mela24 rep4_Post,0,0,0,0,0,0,0,0,0,0,0,0,0,0,0,0,0,0,0,0,0,0,0,0,0,0,0,0,2,30,37,0,0,14,54,4,0,1,0,0,0,0,0,0,0,0,0,0,0,0,0,0,0,0,0,0,0,0,0,0,0,0,0,0,0,0,0,0,0,0,0,0,0,0,0,0,0,0,0,0,0,0,0,0,0,0,0,0,0,0,0,0,0,0,0,0,0,0,0,0,0,0,0,0,0,0,0,0,0,131
GSE166181_R T1-Mela26 rep1_Post,0,0,0,0,0,0,0,0,0,0,0,0,0,0,0,0,0,0,0,0,0,0,0,0,0,0,0,0,3,6,10,0,0,5,32,1,0,0,0,0,0,0,0,0,0,0,0,0,0,0,0,0,0,0,0,0,0,0,0,0,0,0,0,0,0,0,0,0,0,0,0,0,0,0,0,0,0,0,0,0,0,0,0,0,0,0,0,0,0,0,0,0,0,0,0,0,0,0,0,0,0,0,0,0,0,0,0,0,0,101
GSE166181_R T1-Mela26 rep3_Post,0,0,0,0,0,0,0,0,0,0,0,0,0,0,0,0,0,0,0,1,0,0,0,0,0,0,0,0,8,13,31,0,0,22,71,0,1,0,0,0,0,0,0,0,0,0,0,0,0,0,0,0,0,0,0,0,0,0,0,0,0,0,0,0,0,0,0,0,0,0,0,0,0,0,0,0,0,0,0,0,0,0,0,0,0,0,0,0,0,0,0,0,0,0,0,0,0,0,0,0,0,0,0,0,0,0,0,0,0,185
GSE166181_R T1-Mela28 rep1_Post,0,0,0,0,0,0,0,0,0,0,0,0,0,0,0,0,0,0,0,0,0,0,0,0,0,0,0,1,15,38,31,0,0,11,57,2,2,0,0,0,0,0,0,0,0,0,0,0,0,0,0,0,0,0,0,0,0,0,0,0,0,0,0,0,0,0,0,0,0,0,0,0,0,0,0,0,0,0,0,0,0,0,0,0,0,0,0,0,0,0,0,0,0,0,0,0,0,0,0,0,0,0,0,0,0,0,0,0,0,162
GSE166181_R T1-Mela28 rep2_Post,0,0,0,0,0,0,0,0,0,0,0,0,0,0,0,0,0,0,0,0,0,0,0,0,0,0,0,2,7,17,16,0,0,13,47,9,1,0,0,0,0,0,0,0,0,0,0,0,0,0,0,0,0,0,0,0,0,0,0,0,0,0,0,0,0,0,0,0,0,0,0,0,0,0,0,0,0,0,0,0,0,0,0,0,0,0,0,0,0,0,0,0,0,0,0,0,0,0,0,0,0,0,0,0,0,0,0,0,0,136
GSE166181_R T1-Mela28 rep3_Post,0,0,0,0,0,0,0,0,0,0,0,0,0,0,0,0,0,0,0,0,0,0,0,0,0,0,0,1,12,53,67,1,0,23,90,6,8,0,0,0,0,0,0,0,0,0,0,0,0,0,0,0,0,0,0,0,0,0,0,0,0,0,0,0,0,0,0,0,0,0,0,0,0,0,0,0,0,0,0,0,0,0,0,0,0,0,0,0,0,0,0,0,0,0,0,0,0,0,0,0,0,0,0,0,0,0,0,0,0,232
GSE166181_R T1-Mela28 rep4_Post,0,0,0,0,0,0,0,0,0,0,0,0,0,0,0,0,0,0,0,0,0,0,0,1,0,0,0,0,14,55,76,1,0,29,86,8,10,0,0,0,0,0,0,0,0,0,0,0,0,0,0,0,0,0,0,0,0,0,0,0,0,0,0,0,0,0,0,0,0,0,0,0,0,0,0,0,0,0,0,0,0,0,0,0,0,0,0,0,0,0,0,0,0,0,0,0,0,0,0,0,0,0,0,0,0,0,0,0,0,227
GSE166181_R T1-Mela29 rep1_Post,0,0,0,0,0,0,0,0,0,0,0,0,0,0,0,0,0,0,0,0,0,0,0,0,0,0,0,0,3,17,21,0,0,16,141,1,0,0,0,0,0,0,0,0,0,0,0,0,0,0,0,0,0,0,0,0,0,0,0,0,0,0,0,0,0,0,0,0,0,0,0,0,0,0,0,0,0,0,0,0,0,0,0,0,0,0,0,0,0,0,0,0,0,0,0,0,0,0,0,0,0,0,0,0,0,0,0,0,0,103
GSE166181_R T1-Mela29 rep2_Post,0,0,0,0,0,0,0,0,0,0,0,0,0,0,0,0,0,0,0,0,0,0,0,0,0,0,0,1,5,15,28,0,0,9,153,0,0,0,0,0,0,0,0,0,0,0,0,0,0,0,0,0,0,0,0,0,0,0,0,0,0,0,0,0,0,0,0,0,0,0,0,0,0,0,0,0,0,0,0,0,0,0,0,0,0,0,0,0,0,0,0,0,0,0,0,0,0,0,0,0,0,0,0,0,0,0,0,0,0,66
GSE166181_R T1-Mela29 rep3_Post,0,0,0,0,0,0,0,0,0,0,0,0,0,0,0,0,0,0,0,0,0,0,0,0,0,0,0,0,2,27,31,0,0,13,113,0,2,0,0,0,0,0,0,0,0,0,0,0,0,0,0,0,0,0,0,0,0,0,0,0,0,0,0,0,0,0,0,0,0,0,0,0,0,0,0,0,0,0,0,0,0,0,0,0,0,0,0,0,0,0,0,0,0,0,0,0,0,0,0,0,0,0,0,0,0,0,0,0,0,94
GSE166181_R T1-Mela29 rep4_Post,0,0,0,0,0,0,0,0,0,0,0,0,0,0,0,0,0,0,0,0,0,0,0,1,0,0,0,0,6,22,34,0,0,11,165,0,0,0,0,0,0,0,0,0,0,0,0,0,0,0,0,0,0,0,0,0,0,0,0,0,0,0,0,0,0,0,0,0,0,0,0,0,0,0,0,0,0,0,0,0,0,0,0,0,0,0,0,0,0,0,0,0,0,0,0,0,0,0,0,0,0,0,0,0,0,0,0,0,0,83
GSE166181_R T1-Mela7 rep1_Post,0,0,0,0,0,0,0,0,0,0,0,0,0,0,0,0,0,0,0,0,0,0,0,0,0,0,0,0,4,2,6,0,0,3,19,0,0,0,0,0,0,0,0,0,0,0,0,0,0,0,0,0,0,0,0,0,0,0,0,0,0,0,0,0,0,0,0,0,0,0,0,0,0,0,0,0,0,0,0,0,0,0,0,0,0,0,0,0,0,0,0,0,0,0,0,0,0,0,0,0,0,0,0,0,0,0,0,0,0,22
GSE166181_R T1-Mela7 rep2_Post,0,0,0,0,0,0,0,0,0,0,0,0,0,0,0,0,0,0,0,0,0,0,0,0,0,0,0,1,0,4,4,0,0,2,24,1,2,0,0,0,0,0,0,0,0,0,0,0,0,0,0,0,0,0,0,0,0,0,0,0,0,0,0,0,0,0,0,0,0,0,0,0,0,0,0,0,0,0,0,0,0,0,0,0,0,0,0,0,0,0,0,0,0,0,0,0,0,0,0,0,0,0,0,0,0,0,0,0,0,51
GSE166181_R T1-Mela7 rep3_Post,0,0,0,0,0,0,0,0,0,0,0,0,0,0,0,0,0,0,0,0,0,0,0,0,0,0,0,0,3,3,8,0,0,4,17,1,0,0,0,0,0,0,0,0,0,0,0,0,0,0,0,0,0,0,0,0,0,0,0,0,0,0,0,0,0,0,0,0,0,0,0,0,0,0,0,0,0,0,0,0,0,0,0,0,0,0,0,0,0,0,0,0,0,0,0,0,0,0,0,0,0,0,0,0,0,0,0,0,0,42
GSE166181_R T1-Mela7 rep4_Post,0,0,0,0,0,0,0,0,0,0,0,0,0,0,0,0,0,0,0,0,0,0,0,0,1,0,0,0,9,3,10,0,0,6,36,1,0,1,0,0,0,0,0,0,0,0,0,0,0,0,0,0,0,0,0,0,0,0,0,0,0,0,0,0,0,0,0,0,0,0,0,0,0,0,0,0,0,0,0,0,0,0,0,0,0,0,0,0,0,0,0,0,0,0,0,0,0,0,0,0,0,0,0,0,0,0,0,0,0,42
GSE166181_R T2-Mela10 rep1_Post,0,0,0,0,0,0,0,0,0,0,0,0,0,0,0,0,0,0,0,0,0,0,0,0,1,0,0,1,4,22,127,0,0,6,75,0,1,0,0,0,0,0,0,0,0,0,0,0,0,0,0,0,0,0,0,0,0,0,0,0,0,0,0,0,0,0,0,0,0,0,0,0,0,0,0,0,0,0,0,0,0,0,0,0,0,0,0,0,0,0,0,0,0,0,0,0,0,0,0,0,0,0,0,0,0,0,0,0,0,140
GSE166181_R T2-Mela10 rep2_Post,0,0,0,0,0,0,0,0,0,0,0,0,0,0,0,0,0,0,0,0,0,0,0,0,1,0,0,2,5,17,175,0,0,12,84,2,1,0,0,0,0,0,0,0,0,0,0,0,0,0,0,0,0,0,0,0,0,0,0,0,0,0,0,0,0,0,0,0,0,0,0,0,0,0,0,0,0,0,0,0,0,0,0,0,0,0,0,0,0,0,0,0,0,0,0,0,0,0,0,0,0,0,0,0,0,0,0,0,0,118
GSE166181_R T2-Mela10 rep3_Post,0,0,0,0,0,0,0,0,0,0,0,0,0,0,0,0,0,0,0,0,0,0,0,0,1,0,0,0,4,18,148,0,0,9,86,0,0,0,0,0,0,0,0,0,0,0,0,0,0,0,0,0,0,0,0,0,0,0,0,0,0,0,0,0,0,0,0,0,0,0,0,0,0,0,0,0,0,0,0,0,0,0,0,0,0,0,0,0,0,0,0,0,0,0,0,0,0,0,0,0,0,0,0,0,0,0,0,0,0,106
GSE166181_R T2-Mela10 rep4_Post,0,0,0,0,0,0,0,0,0,0,0,0,0,0,0,0,0,0,0,0,0,0,0,0,0,0,0,1,6,21,179,0,0,4,91,2,0,0,0,0,0,0,0,0,0,0,0,0,0,0,0,0,0,0,0,0,0,0,0,0,0,0,0,0,0,0,0,0,0,0,0,0,0,0,0,0,0,0,0,0,0,0,0,0,0,0,0,0,0,0,0,0,0,0,0,0,0,0,0,0,0,0,0,0,0,0,0,0,0,100
GSE166181_R T2-Mela13 rep1_Post,0,0,0,0,0,0,0,0,0,0,0,0,0,0,0,0,0,0,0,0,0,0,0,0,0,0,0,1,1,18,93,0,0,5,11,0,1,0,0,0,0,0,0,0,0,0,0,0,0,0,0,0,0,0,0,0,0,0,0,0,0,0,0,0,0,0,0,0,0,0,0,0,0,0,0,0,0,0,0,0,0,0,0,0,0,0,0,0,0,0,0,0,0,0,0,0,0,0,0,0,0,0,0,0,0,0,0,0,0,134
GSE166181_R T2-Mela13 rep2_Post,0,0,0,0,0,0,0,0,0,0,0,0,0,0,0,0,0,0,0,0,0,0,0,0,0,0,0,0,5,40,113,0,0,12,20,0,0,0,0,0,0,0,0,0,0,0,0,0,0,0,0,0,0,0,0,0,0,0,0,0,0,0,0,0,0,0,0,0,0,0,0,0,0,0,0,0,0,0,0,0,0,0,0,0,0,0,0,0,0,0,0,0,0,0,0,0,0,0,0,0,0,0,0,0,0,0,0,0,0,103
GSE166181_R T2-Mela13 rep4_Post,0,0,0,0,0,0,0,0,0,0,0,0,0,0,0,0,0,0,0,0,0,0,0,0,0,0,0,0,1,23,96,0,0,5,21,1,1,0,0,0,0,0,0,0,0,0,0,0,0,0,0,0,0,0,0,0,0,0,0,0,0,0,0,0,0,0,0,0,0,0,0,0,0,0,0,0,0,0,0,0,0,0,0,0,0,0,0,0,0,0,0,0,0,0,0,0,0,0,0,0,0,0,0,0,0,0,0,0,0,118
GSE166181_R T2-Mela16 rep1_Post,0,0,0,0,0,0,0,0,0,0,0,0,0,0,0,0,0,0,0,0,0,0,0,0,0,0,1,0,3,12,34,0,0,8,132,1,2,0,0,0,0,0,0,0,0,0,0,0,0,0,0,0,0,0,0,0,0,0,0,0,0,0,0,0,0,0,0,0,0,0,0,0,0,0,0,0,0,0,0,0,0,0,0,0,0,0,0,0,0,0,0,0,0,0,0,0,0,0,0,0,0,0,0,0,0,0,0,0,0,120
GSE166181_R T2-Mela16 rep2_Post,0,0,0,0,0,0,0,0,0,0,0,0,0,0,0,0,0,0,0,0,0,0,0,0,0,0,0,0,3,5,21,0,0,1,147,1,1,0,0,0,0,0,0,0,0,0,0,0,0,0,0,0,0,0,0,0,0,0,0,0,0,0,0,0,0,0,0,0,0,0,0,0,0,0,0,0,0,0,0,0,0,0,0,0,0,0,0,0,0,0,0,0,0,0,0,0,0,0,0,0,0,0,0,0,0,0,0,0,0,130
GSE166181_R T2-Mela16 rep3_Post,0,0,0,0,0,0,0,0,0,0,0,0,0,0,0,0,0,0,0,0,0,0,0,0,0,0,0,0,3,7,21,0,0,6,108,1,0,0,0,0,0,0,0,0,0,0,0,0,0,0,0,0,0,0,0,0,0,0,0,0,0,0,0,0,0,0,0,0,0,0,0,0,0,0,0,0,0,0,0,0,0,0,0,0,0,0,0,0,0,0,0,0,0,0,0,0,0,0,0,0,0,0,0,0,0,0,0,0,0,100
GSE166181_R T2-Mela20 rep1_Post,0,0,0,0,0,0,0,0,0,0,0,0,0,0,0,0,0,0,0,0,0,0,0,0,0,0,0,1,1,8,25,0,0,6,20,1,0,0,0,0,0,0,0,0,0,0,0,0,0,0,0,0,0,0,0,0,0,0,0,0,0,0,0,0,0,0,0,0,0,0,0,0,0,0,0,0,0,0,0,0,0,0,0,0,0,0,0,0,0,0,0,0,0,0,0,0,0,0,0,0,0,0,0,0,0,0,0,0,0,60
GSE166181_R T2-Mela20 rep2_Post,0,0,0,0,0,0,0,0,0,0,0,0,0,0,0,0,0,0,0,0,0,0,0,0,0,0,0,0,0,12,27,0,0,4,29,0,0,0,0,0,0,0,0,0,0,0,0,0,0,0,0,0,0,0,0,0,0,0,0,0,0,0,0,0,0,0,0,0,0,0,0,0,0,0,0,0,0,0,0,0,0,0,0,0,0,0,0,0,0,0,0,0,0,0,0,0,0,0,0,0,0,0,0,0,0,0,0,0,0,102
GSE166181_R T2-Mela20 rep3_Post,0,0,0,0,0,0,0,0,0,0,0,0,0,0,0,0,0,0,0,0,0,0,0,0,0,0,0,0,1,4,30,0,0,3,26,0,0,0,0,0,0,0,0,0,0,0,0,0,0,0,0,0,0,0,0,0,0,0,0,0,0,0,0,0,0,0,0,0,0,0,0,0,0,0,0,0,0,0,0,0,0,0,0,0,0,0,0,0,0,0,0,0,0,0,0,0,0,0,0,0,0,0,0,0,0,0,0,0,0,63
GSE166181_R T2-Mela20 rep4_Post,0,0,0,0,0,0,0,0,0,0,0,0,0,0,0,0,0,0,0,1,0,0,0,0,0,0,0,0,2,10,34,0,0,6,37,0,0,0,0,0,0,0,0,0,0,0,0,0,0,0,0,0,0,0,0,0,0,0,0,0,0,0,0,0,0,0,0,0,0,0,0,0,0,0,0,0,0,0,0,0,0,0,0,0,0,0,0,0,0,0,0,0,0,0,0,0,0,0,0,0,0,0,0,0,0,0,0,0,0,38
GSE166181_R T2-Mela23 rep2_Post,0,0,0,0,0,0,0,0,0,0,0,0,0,0,0,0,0,0,0,0,0,0,0,0,0,0,0,0,5,23,44,0,0,6,34,0,0,0,0,0,0,0,0,0,0,0,0,0,0,0,0,0,0,0,0,0,0,0,0,0,0,0,0,0,0,0,0,0,0,0,0,0,0,0,0,0,0,0,0,0,0,0,0,0,0,0,0,0,0,0,0,0,0,0,0,0,0,0,0,0,0,0,0,0,0,0,0,0,0,95
GSE166181_R T2-Mela23 rep3_Post,0,0,0,0,0,0,0,0,0,0,0,0,0,0,0,0,0,0,0,0,0,0,0,0,0,0,0,1,0,11,26,0,0,3,27,2,0,0,0,0,0,0,0,0,0,0,0,0,0,0,0,0,0,0,0,0,0,0,0,0,0,0,0,0,0,0,0,0,0,0,0,0,0,0,0,0,0,0,0,0,0,0,0,0,0,0,0,0,0,0,0,0,0,0,0,0,0,0,0,0,0,0,0,0,0,0,0,0,0,63
GSE166181_R T2-Mela23 rep4_Post,0,0,0,0,0,0,0,0,0,0,0,0,0,0,0,0,0,0,0,0,0,0,0,0,0,0,0,0,0,16,38,0,0,4,30,0,2,0,0,0,0,0,0,0,0,0,0,0,0,0,0,0,0,0,0,0,0,0,0,0,0,0,0,0,0,0,0,0,0,0,0,0,0,0,0,0,0,0,0,0,0,0,0,0,0,0,0,0,0,0,0,0,0,0,0,0,0,0,0,0,0,0,0,0,0,0,0,0,0,62
GSE166181_R T2-Mela26 rep1_Post,0,0,0,0,0,0,0,0,0,0,0,0,0,0,0,0,0,0,0,0,0,0,0,0,2,0,0,0,26,27,63,0,0,27,191,2,0,0,0,0,0,0,0,0,0,0,0,0,0,0,0,0,0,0,0,0,0,0,0,0,0,0,0,0,0,0,0,0,0,0,0,0,0,0,0,0,0,0,0,0,0,0,0,0,0,0,0,0,0,0,0,0,0,0,0,0,0,0,0,0,0,0,0,0,0,0,0,0,0,188
GSE166181_R T2-Mela26 rep2_Post,0,0,0,0,0,0,0,0,0,0,0,0,0,0,0,0,0,0,0,0,0,0,0,2,1,0,0,0,24,40,81,0,0,36,201,0,0,0,0,0,0,0,0,0,0,0,0,0,0,0,0,0,0,0,0,0,0,0,0,0,0,0,0,0,0,0,0,0,0,0,0,0,0,0,0,0,0,0,0,0,0,0,0,0,0,0,0,0,0,0,0,0,0,0,0,0,0,0,0,0,0,0,0,0,0,0,0,0,0,197
GSE166181_R T2-Mela28 rep1_Post,0,0,0,0,0,0,0,0,0,0,0,0,0,0,0,0,0,0,0,0,0,0,0,0,0,0,0,0,17,20,96,0,0,19,78,2,2,0,0,0,0,0,0,0,0,0,0,0,0,0,0,0,0,0,0,0,0,0,0,0,0,0,0,0,0,0,0,0,0,0,0,0,0,0,0,0,0,0,0,0,0,0,0,0,0,0,0,0,0,0,0,0,0,0,0,0,0,0,0,0,0,0,0,0,0,0,0,0,0,154
GSE166181_R T2-Mela28 rep3_Post,0,0,0,0,0,0,0,0,0,0,0,0,0,0,0,0,0,0,0,0,0,0,0,1,0,0,0,1,23,27,91,0,0,13,73,1,1,0,0,0,0,0,0,0,0,0,0,0,0,0,0,0,0,0,0,0,0,0,0,0,0,0,0,0,0,0,0,0,0,0,0,0,0,0,0,0,0,0,0,0,0,0,0,0,0,0,0,0,0,0,0,0,0,0,0,0,0,0,0,0,0,0,0,0,0,0,0,0,0,111
GSE166181_R T2-Mela28 rep4_Post,0,0,0,0,0,0,0,0,0,0,0,0,0,0,0,0,0,0,0,1,0,0,0,0,0,0,0,1,32,32,81,0,0,10,90,0,2,0,0,0,0,0,0,0,0,0,0,0,0,0,0,0,0,0,0,0,0,0,0,0,0,0,0,0,0,0,0,0,0,0,0,0,0,0,0,0,0,0,0,0,0,0,0,0,0,0,0,0,0,0,0,0,0,0,0,0,0,0,0,0,0,0,0,0,0,0,0,0,0,110
GSE166181_R T2-Mela29 rep1_Post,0,0,0,0,0,0,0,0,0,0,0,0,0,0,0,0,0,0,0,0,0,0,0,1,0,0,0,0,1,27,12,0,0,6,110,0,0,0,0,0,0,0,0,0,0,0,0,0,0,0,0,0,0,0,0,0,0,0,0,0,0,0,0,0,0,0,0,0,0,0,0,0,0,0,0,0,0,0,0,0,0,0,0,0,0,0,0,0,0,0,0,0,0,0,0,0,0,0,0,0,0,0,0,0,0,0,0,0,0,110
GSE166181_R T2-Mela29 rep2_Post,0,0,0,0,0,0,0,0,0,0,0,0,0,0,0,0,0,0,0,0,0,0,0,0,0,0,0,0,3,16,20,0,0,9,74,0,0,0,0,0,0,0,0,0,0,0,0,0,0,0,0,0,0,0,0,0,0,0,0,0,0,0,0,0,0,0,0,0,0,0,0,0,0,0,0,0,0,0,0,0,0,0,0,0,0,0,0,0,0,0,0,0,0,0,0,0,0,0,0,0,0,0,0,0,0,0,0,0,0,115
GSE166181_R T2-Mela29 rep3_Post,0,0,0,0,0,0,0,0,0,0,0,0,0,0,0,0,0,0,0,0,0,0,0,0,0,0,0,0,2,13,17,0,0,8,89,0,0,0,0,0,0,0,0,0,0,0,0,0,0,0,0,0,0,0,0,0,0,0,0,0,0,0,0,0,0,0,0,0,0,0,0,0,0,0,0,0,0,0,0,0,0,0,0,0,0,0,0,0,0,0,0,0,0,0,0,0,0,0,0,0,0,0,0,0,0,0,0,0,0,132
GSE166181_R T2-Mela29 rep4_Post,0,0,0,0,0,0,0,0,0,0,0,0,0,0,0,0,0,0,0,0,0,0,0,0,0,0,0,0,7,21,13,0,0,12,113,0,0,0,0,0,0,0,0,0,0,0,0,0,0,0,0,0,0,0,0,0,0,0,0,0,0,0,0,0,0,0,0,0,0,0,0,0,0,0,0,0,0,0,0,0,0,0,0,0,0,0,0,0,0,0,0,0,0,0,0,0,0,0,0,0,0,0,0,0,0,0,0,0,0,113
GSE166181_R T2-Mela7 rep1_Post,0,0,0,0,0,0,0,0,0,0,0,0,0,0,0,0,0,0,0,0,0,0,0,0,0,0,0,0,3,6,5,0,0,5,17,0,0,0,0,0,0,0,0,0,0,0,0,0,0,0,0,0,0,0,0,0,0,0,0,0,0,0,0,0,0,0,0,0,0,0,0,0,0,0,0,0,0,0,0,0,0,0,0,0,0,0,0,0,0,0,0,0,0,0,0,0,0,0,0,0,0,0,0,0,0,0,0,0,0,53
GSE166181_R T2-Mela7 rep2_Post,0,0,0,0,0,0,0,0,0,0,0,0,0,0,0,0,0,0,0,0,0,0,0,0,0,0,0,0,3,4,5,0,0,1,13,1,0,0,0,0,0,0,0,0,0,0,0,0,0,0,0,0,0,0,0,0,0,0,0,0,0,0,0,0,0,0,0,0,0,0,0,0,0,0,0,0,0,0,0,0,0,0,0,0,0,0,0,0,0,0,0,0,0,0,0,0,0,0,0,0,0,0,0,0,0,0,0,0,0,29
GSE166181_R T2-Mela7 rep3_Post,0,0,0,0,0,0,0,0,0,0,0,0,0,0,0,0,0,0,0,0,0,0,0,0,0,0,0,0,1,4,7,0,0,7,32,0,0,0,0,0,0,0,0,0,0,0,0,0,0,0,0,0,0,0,0,0,0,0,0,0,0,0,0,0,0,0,0,0,0,0,0,0,0,0,0,0,0,0,0,0,0,0,0,0,0,0,0,0,0,0,0,0,0,0,0,0,0,0,0,0,0,0,0,0,0,0,0,0,0,57
GSE166181_R T2-Mela7 rep4_Post,0,0,0,0,0,0,0,0,0,0,0,0,0,0,0,0,0,0,0,0,0,0,0,0,0,0,0,0,4,3,4,0,0,7,35,0,1,0,0,0,0,0,0,0,0,0,0,0,0,0,0,0,0,0,0,0,0,0,0,0,0,0,0,0,0,0,0,0,0,0,0,0,0,0,0,0,0,0,0,0,0,0,0,0,0,0,0,0,0,0,0,0,0,0,0,0,0,0,0,0,0,0,0,0,0,0,0,0,0,40
GSE168844_P1_Pre,0,0,0,0,0,0,0,0,0,0,0,0,0,0,0,0,13,30,45,947,7,1,31,361,417,40,0,34,53,376,1338,9,0,488,2316,0,71,0,0,0,0,0,0,0,0,0,0,0,0,0,0,0,0,0,0,0,0,0,0,0,0,0,0,0,0,0,0,0,0,0,0,0,0,0,0,0,0,0,0,0,0,0,0,0,0,0,0,0,0,0,0,0,0,0,0,0,0,0,0,0,0,0,0,0,0,0,0,0,0,84
GSE168844_P2_Pre,0,0,0,0,0,0,0,0,0,0,0,0,0,0,0,0,20,136,22,89,6,0,40,436,617,42,0,20,147,132,215,49,0,313,4063,0,65,1,0,0,0,0,0,0,0,0,0,0,0,0,0,0,0,0,0,0,0,0,0,0,0,0,0,0,0,0,0,0,0,0,0,0,0,0,0,0,0,0,0,0,0,0,0,0,0,0,0,0,0,0,0,0,0,0,0,0,0,0,0,0,0,0,0,0,0,0,0,0,0,82
GSE168844_P3_Pre,0,0,0,0,0,0,0,0,0,0,0,0,0,0,0,0,811,92,82,26,44,9,120,818,414,151,1,331,119,147,20,79,3,301,3367,1,86,4,0,0,0,0,0,0,0,0,0,0,0,0,0,0,0,0,0,0,0,0,0,0,0,0,0,0,0,0,0,0,0,0,0,0,0,0,0,0,0,0,0,0,0,0,0,0,0,0,0,0,0,0,0,0,0,0,0,0,0,0,0,0,0,0,0,0,0,0,0,0,0,91
GSE168844_P4_Pre,0,0,0,0,0,0,0,0,0,0,0,0,0,0,0,0,844,0,0,12,0,0,0,0,0,0,0,3907,0,1,2,0,0,0,148,0,1,0,0,0,0,0,0,0,0,0,0,0,0,0,0,0,0,0,0,0,0,0,0,0,0,0,0,0,0,0,0,0,0,0,0,0,0,0,0,0,0,0,0,0,0,0,0,0,0,0,0,0,0,0,0,0,0,0,0,0,0,0,0,0,0,0,0,0,0,0,0,0,0,150
GSE168844_P5_Pre,0,0,0,0,0,0,0,0,0,0,0,0,0,0,0,0,2,13,2,15,4,0,4,64,1950,15,0,1,7,17,37,6,0,33,6513,0,8,2,0,0,0,0,0,0,0,0,0,0,0,0,0,0,0,0,0,0,0,0,0,0,0,0,0,0,0,0,0,0,0,0,0,0,0,0,0,0,0,0,0,0,0,0,0,0,0,0,0,0,0,0,0,0,0,0,0,0,0,0,0,0,0,0,0,0,0,0,0,0,0,61
GSE168844_P6_Pre,0,0,0,0,0,0,0,0,0,0,0,0,0,0,0,0,391,17,36,84,40,5,38,317,728,42,1,279,21,55,101,16,1,153,3265,1,51,0,0,0,0,0,0,0,0,0,0,0,0,0,0,0,0,0,0,0,0,0,0,0,0,0,0,0,0,0,0,0,0,0,0,0,0,0,0,0,0,0,0,0,0,0,0,0,0,0,0,0,0,0,0,0,0,0,0,0,0,0,0,0,0,0,0,0,0,0,0,0,0,178
GSE168844_P7_post_Pre,0,0,0,0,0,0,0,0,0,0,0,0,0,0,0,0,45,54,45,710,46,57,101,391,82,48,15,137,347,178,1681,691,0,823,2074,6,510,112,0,0,0,0,0,0,0,0,0,0,0,0,0,0,0,0,0,0,0,0,0,0,0,0,0,0,0,0,0,0,0,0,0,0,0,0,0,0,0,0,0,0,0,0,0,0,0,0,0,0,0,0,0,0,0,0,0,0,0,0,0,0,0,0,0,0,0,0,0,0,0,277
GSE168844_P7_pre_Pre,0,0,0,0,0,0,0,0,0,0,0,0,0,0,0,0,446,12,100,638,6,1,88,493,43,13,0,1711,126,198,1210,23,0,429,2531,0,125,5,0,0,0,0,0,0,0,0,0,0,0,0,0,0,0,0,0,0,0,0,0,0,0,0,0,0,0,0,0,0,0,0,0,0,0,0,0,0,0,0,0,0,0,0,0,0,0,0,0,0,0,0,0,0,0,0,0,0,0,0,0,0,0,0,0,0,0,0,0,0,0,170
GSE176021_MD01-004_LN_Post,0,0,0,0,0,0,0,0,0,0,0,0,0,0,0,0,59,197,198,160,344,417,194,730,690,815,257,325,1089,4094,875,2493,0,2191,4649,196,2131,412,0,0,0,0,0,0,0,0,0,0,0,0,0,0,0,0,0,0,0,0,0,0,0,0,0,0,0,0,0,0,0,0,0,0,0,0,0,0,0,0,0,0,0,0,0,0,0,0,0,0,0,0,0,0,0,0,0,0,0,0,0,0,0,0,0,0,0,0,0,0,0,2091
GSE176021_MD01-004_tumor_Post,0,0,0,0,0,0,0,0,0,0,0,0,0,0,0,0,4,22,84,4,156,126,41,67,37,103,23,76,197,533,21,464,0,150,239,68,468,50,0,0,0,0,0,0,0,0,0,0,0,0,0,0,0,0,0,0,0,0,0,0,0,0,0,0,0,0,0,0,0,0,0,0,0,0,0,0,0,0,0,0,0,0,0,0,0,0,0,0,0,0,0,0,0,0,0,0,0,0,0,0,0,0,0,0,0,0,0,0,0,272
GSE176021_MD01-005_LN_Post,0,0,0,0,0,0,0,0,0,0,0,0,0,0,0,0,78,187,331,183,1050,599,315,1198,1431,949,338,401,2151,4083,999,3836,9,1931,10350,364,3776,545,0,0,0,0,0,0,0,0,0,0,0,0,0,0,0,0,0,0,0,0,0,0,0,0,0,0,0,0,0,0,0,0,0,0,0,0,0,0,0,0,0,0,0,0,0,0,0,0,0,0,0,0,0,0,0,0,0,0,0,0,0,0,0,0,0,0,0,0,0,0,0,5703
GSE176021_MD01-005_normal_Post,0,0,0,0,0,0,0,0,0,0,0,0,0,0,0,0,82,107,449,142,853,678,903,1587,502,1021,709,249,2151,4391,508,4079,2,2614,3573,273,4120,779,0,0,0,0,0,0,0,0,0,0,0,0,0,0,0,0,0,0,0,0,0,0,0,0,0,0,0,0,0,0,0,0,0,0,0,0,0,0,0,0,0,0,0,0,0,0,0,0,0,0,0,0,0,0,0,0,0,0,0,0,0,0,0,0,0,0,0,0,0,0,0,3011
GSE176021_MD01-005_tumor_Post,0,0,0,0,0,0,0,0,0,0,0,0,0,0,0,0,86,233,1627,206,2262,675,1368,2014,1426,2155,890,841,5286,15847,850,8996,2,4641,11281,316,4412,1134,0,0,0,0,0,0,0,0,0,0,0,0,0,0,0,0,0,0,0,0,0,0,0,0,0,0,0,0,0,0,0,0,0,0,0,0,0,0,0,0,0,0,0,0,0,0,0,0,0,0,0,0,0,0,0,0,0,0,0,0,0,0,0,0,0,0,0,0,0,0,0,7710
GSE176021_MD01-010_normal_Post,0,0,0,0,0,0,0,0,0,0,0,0,0,0,0,0,0,3,149,7,122,18,95,66,57,71,36,15,310,1179,14,239,0,188,418,9,120,52,0,0,0,0,0,0,0,0,0,0,0,0,0,0,0,0,0,0,0,0,0,0,0,0,0,0,0,0,0,0,0,0,0,0,0,0,0,0,0,0,0,0,0,0,0,0,0,0,0,0,0,0,0,0,0,0,0,0,0,0,0,0,0,0,0,0,0,0,0,0,0,301
GSE176021_MD01-010_tumor_Post,0,0,0,0,0,0,0,0,0,0,0,0,0,0,0,0,2,22,37,69,132,148,121,293,59,162,55,79,536,277,236,857,2,443,755,76,855,95,0,0,0,0,0,0,0,0,0,0,0,0,0,0,0,0,0,0,0,0,0,0,0,0,0,0,0,0,0,0,0,0,0,0,0,0,0,0,0,0,0,0,0,0,0,0,0,0,0,0,0,0,0,0,0,0,0,0,0,0,0,0,0,0,0,0,0,0,0,0,0,619
GSE176021_MD01-019_normal_Post,0,0,0,0,0,0,0,0,0,0,0,0,0,0,0,0,16,9,49,357,60,25,313,1391,136,154,168,80,1003,716,1828,433,0,1201,1473,22,1691,348,0,0,0,0,0,0,0,0,0,0,0,0,0,0,0,0,0,0,0,0,0,0,0,0,0,0,0,0,0,0,0,0,0,0,0,0,0,0,0,0,0,0,0,0,0,0,0,0,0,0,0,0,0,0,0,0,0,0,0,0,0,0,0,0,0,0,0,0,0,0,0,1118
GSE176021_MD01-019_tumor_Post,0,0,0,0,0,0,0,0,0,0,0,0,0,0,0,0,136,459,621,157,1198,1153,1122,2682,978,1523,683,446,3101,6394,1289,5169,1,5397,4913,541,7121,996,0,0,0,0,0,0,0,0,0,0,0,0,0,0,0,0,0,0,0,0,0,0,0,0,0,0,0,0,0,0,0,0,0,0,0,0,0,0,0,0,0,0,0,0,0,0,0,0,0,0,0,0,0,0,0,0,0,0,0,0,0,0,0,0,0,0,0,0,0,0,0,5039
GSE176021_MD01-024_tumor_Post,0,0,0,0,0,0,0,0,0,0,0,0,0,0,0,0,11,159,42,11,107,52,25,174,69,369,6,50,180,395,48,384,0,487,240,48,330,15,0,0,0,0,0,0,0,0,0,0,0,0,0,0,0,0,0,0,0,0,0,0,0,0,0,0,0,0,0,0,0,0,0,0,0,0,0,0,0,0,0,0,0,0,0,0,0,0,0,0,0,0,0,0,0,0,0,0,0,0,0,0,0,0,0,0,0,0,0,0,0,320
GSE176021_MD043-003_normal_Post,0,0,0,0,0,0,0,0,0,0,0,0,0,0,0,0,16,51,72,19,122,150,141,408,337,413,158,147,382,843,297,1281,4,486,1203,63,926,226,0,0,0,0,0,0,0,0,0,0,0,0,0,0,0,0,0,0,0,0,0,0,0,0,0,0,0,0,0,0,0,0,0,0,0,0,0,0,0,0,0,0,0,0,0,0,0,0,0,0,0,0,0,0,0,0,0,0,0,0,0,0,0,0,0,0,0,0,0,0,0,1769
GSE176021_MD043-003_tumor_Post,0,0,0,0,0,0,0,0,0,0,0,0,0,0,0,0,105,131,733,103,947,685,974,1380,676,1024,598,238,2432,5572,365,3107,0,2539,3771,253,3674,628,0,0,0,0,0,0,0,0,0,0,0,0,0,0,0,0,0,0,0,0,0,0,0,0,0,0,0,0,0,0,0,0,0,0,0,0,0,0,0,0,0,0,0,0,0,0,0,0,0,0,0,0,0,0,0,0,0,0,0,0,0,0,0,0,0,0,0,0,0,0,0,3059
GSE176021_MD043-006_normal_Post,0,0,0,0,0,0,0,0,0,0,0,0,0,0,0,0,13,20,131,26,51,35,154,856,105,106,142,58,280,1967,156,199,0,1082,1127,26,1340,344,0,0,0,0,0,0,0,0,0,0,0,0,0,0,0,0,0,0,0,0,0,0,0,0,0,0,0,0,0,0,0,0,0,0,0,0,0,0,0,0,0,0,0,0,0,0,0,0,0,0,0,0,0,0,0,0,0,0,0,0,0,0,0,0,0,0,0,0,0,0,0,1257
GSE176021_MD043-006_tumor_Post,0,0,0,0,0,0,0,0,0,0,0,0,0,0,0,0,23,70,83,13,208,132,51,268,372,314,204,147,498,1836,263,1093,0,862,3130,71,623,142,0,0,0,0,0,0,0,0,0,0,0,0,0,0,0,0,0,0,0,0,0,0,0,0,0,0,0,0,0,0,0,0,0,0,0,0,0,0,0,0,0,0,0,0,0,0,0,0,0,0,0,0,0,0,0,0,0,0,0,0,0,0,0,0,0,0,0,0,0,0,0,1056
GSE176021_MD043-008_normal_Post,0,0,0,0,0,0,0,0,0,0,0,0,0,0,0,0,0,1,158,6,104,15,98,66,52,58,41,5,241,1022,8,57,0,164,271,5,111,47,0,0,0,0,0,0,0,0,0,0,0,0,0,0,0,0,0,0,0,0,0,0,0,0,0,0,0,0,0,0,0,0,0,0,0,0,0,0,0,0,0,0,0,0,0,0,0,0,0,0,0,0,0,0,0,0,0,0,0,0,0,0,0,0,0,0,0,0,0,0,0,182
GSE176021_MD043-008_tumor_Post,0,0,0,0,0,0,0,0,0,0,0,0,0,0,0,0,0,3,62,4,62,2,49,63,129,42,19,4,172,556,12,62,0,123,487,5,51,25,0,0,0,0,0,0,0,0,0,0,0,0,0,0,0,0,0,0,0,0,0,0,0,0,0,0,0,0,0,0,0,0,0,0,0,0,0,0,0,0,0,0,0,0,0,0,0,0,0,0,0,0,0,0,0,0,0,0,0,0,0,0,0,0,0,0,0,0,0,0,0,166
GSE176021_MD043-011_LN_Post,0,0,0,0,0,0,0,0,0,0,0,0,0,0,0,0,16,66,133,82,451,387,180,755,245,355,145,220,604,1407,550,1884,1,963,1835,267,2884,294,0,0,0,0,0,0,0,0,0,0,0,0,0,0,0,0,0,0,0,0,0,0,0,0,0,0,0,0,0,0,0,0,0,0,0,0,0,0,0,0,0,0,0,0,0,0,0,0,0,0,0,0,0,0,0,0,0,0,0,0,0,0,0,0,0,0,0,0,0,0,0,1578
GSE176021_MD043-011_mettumor_Post,0,0,0,0,0,0,0,0,0,0,0,0,0,0,0,0,195,470,461,96,1404,1636,473,1783,1043,1909,228,442,2096,2188,424,6295,2,2491,4516,529,3646,318,0,0,0,0,0,0,0,0,0,0,0,0,0,0,0,0,0,0,0,0,0,0,0,0,0,0,0,0,0,0,0,0,0,0,0,0,0,0,0,0,0,0,0,0,0,0,0,0,0,0,0,0,0,0,0,0,0,0,0,0,0,0,0,0,0,0,0,0,0,0,0,3656
GSE176021_MD043-011_normal_Post,0,0,0,0,0,0,0,0,0,0,0,0,0,0,0,0,141,350,417,106,538,632,1093,4256,507,764,904,501,1672,2910,673,2897,4,4987,2861,325,8414,290,0,0,0,0,0,0,0,0,0,0,0,0,0,0,0,0,0,0,0,0,0,0,0,0,0,0,0,0,0,0,0,0,0,0,0,0,0,0,0,0,0,0,0,0,0,0,0,0,0,0,0,0,0,0,0,0,0,0,0,0,0,0,0,0,0,0,0,0,0,0,0,3076
GSE176021_MD043-011_tumor_Post,0,0,0,0,0,0,0,0,0,0,0,0,0,0,0,0,47,88,485,44,713,342,318,939,1249,841,252,281,1453,4709,394,3215,0,1910,6839,181,1555,459,0,0,0,0,0,0,0,0,0,0,0,0,0,0,0,0,0,0,0,0,0,0,0,0,0,0,0,0,0,0,0,0,0,0,0,0,0,0,0,0,0,0,0,0,0,0,0,0,0,0,0,0,0,0,0,0,0,0,0,0,0,0,0,0,0,0,0,0,0,0,0,2299
GSE176021_NY016-007_normal_Post,0,0,0,0,0,0,0,0,0,0,0,0,0,0,0,0,2,3,313,9,157,52,168,97,94,108,82,6,510,1733,9,113,1,289,491,13,177,83,0,0,0,0,0,0,0,0,0,0,0,0,0,0,0,0,0,0,0,0,0,0,0,0,0,0,0,0,0,0,0,0,0,0,0,0,0,0,0,0,0,0,0,0,0,0,0,0,0,0,0,0,0,0,0,0,0,0,0,0,0,0,0,0,0,0,0,0,0,0,0,288
GSE176021_NY016-007_tumor_Post,0,0,0,0,0,0,0,0,0,0,0,0,0,0,0,0,15,35,207,72,596,429,203,621,171,541,115,282,1299,2543,336,2487,1,1065,1985,217,3563,520,0,0,0,0,0,0,0,0,0,0,0,0,0,0,0,0,0,0,0,0,0,0,0,0,0,0,0,0,0,0,0,0,0,0,0,0,0,0,0,0,0,0,0,0,0,0,0,0,0,0,0,0,0,0,0,0,0,0,0,0,0,0,0,0,0,0,0,0,0,0,0,2266
GSE176021_NY016-014_tumor_Post,0,0,0,0,0,0,0,0,0,0,0,0,0,0,0,0,70,620,371,111,365,204,1239,2826,549,1542,1065,404,1911,3956,570,1741,2,4851,3621,240,5585,207,0,0,0,0,0,0,0,0,0,0,0,0,0,0,0,0,0,0,0,0,0,0,0,0,0,0,0,0,0,0,0,0,0,0,0,0,0,0,0,0,0,0,0,0,0,0,0,0,0,0,0,0,0,0,0,0,0,0,0,0,0,0,0,0,0,0,0,0,0,0,0,2970
GSE176021_NY016-015_normal_Post,0,0,0,0,0,0,0,0,0,0,0,0,0,0,0,0,4,6,60,11,121,77,180,417,52,109,52,33,334,797,124,435,0,440,455,16,981,158,0,0,0,0,0,0,0,0,0,0,0,0,0,0,0,0,0,0,0,0,0,0,0,0,0,0,0,0,0,0,0,0,0,0,0,0,0,0,0,0,0,0,0,0,0,0,0,0,0,0,0,0,0,0,0,0,0,0,0,0,0,0,0,0,0,0,0,0,0,0,0,580
GSE176021_NY016-015_tumor_Post,0,0,0,0,0,0,0,0,0,0,0,0,0,0,0,0,92,123,523,124,1379,643,498,872,843,1551,242,476,2140,4255,345,3433,3,1353,5681,231,2477,453,0,0,0,0,0,0,0,0,0,0,0,0,0,0,0,0,0,0,0,0,0,0,0,0,0,0,0,0,0,0,0,0,0,0,0,0,0,0,0,0,0,0,0,0,0,0,0,0,0,0,0,0,0,0,0,0,0,0,0,0,0,0,0,0,0,0,0,0,0,0,0,3412
GSE176021_NY016-016_normal_Post,0,0,0,0,0,0,0,0,0,0,0,0,0,0,0,0,2,18,94,26,57,55,597,723,123,156,491,49,732,1057,171,186,1,1675,1058,21,1748,168,0,0,0,0,0,0,0,0,0,0,0,0,0,0,0,0,0,0,0,0,0,0,0,0,0,0,0,0,0,0,0,0,0,0,0,0,0,0,0,0,0,0,0,0,0,0,0,0,0,0,0,0,0,0,0,0,0,0,0,0,0,0,0,0,0,0,0,0,0,0,0,953
GSE176021_NY016-021_tumor_Post,0,0,0,0,0,0,0,0,0,0,0,0,0,0,0,0,3,6,10,3,28,6,83,314,41,27,57,42,96,405,71,62,0,601,423,9,742,40,0,0,0,0,0,0,0,0,0,0,0,0,0,0,0,0,0,0,0,0,0,0,0,0,0,0,0,0,0,0,0,0,0,0,0,0,0,0,0,0,0,0,0,0,0,0,0,0,0,0,0,0,0,0,0,0,0,0,0,0,0,0,0,0,0,0,0,0,0,0,0,439
GSE176021_NY016-022_normal_Post,0,0,0,0,0,0,0,0,0,0,0,0,0,0,0,0,0,1,177,7,104,16,94,84,49,54,56,3,355,1246,10,76,0,255,364,5,111,52,0,0,0,0,0,0,0,0,0,0,0,0,0,0,0,0,0,0,0,0,0,0,0,0,0,0,0,0,0,0,0,0,0,0,0,0,0,0,0,0,0,0,0,0,0,0,0,0,0,0,0,0,0,0,0,0,0,0,0,0,0,0,0,0,0,0,0,0,0,0,0,244
GSE176021_NY016-022_tumor_Post,0,0,0,0,0,0,0,0,0,0,0,0,0,0,0,0,96,171,351,119,844,682,694,2144,1082,1263,1100,419,3022,4202,666,5102,3,3694,7805,235,3919,608,0,0,0,0,0,0,0,0,0,0,0,0,0,0,0,0,0,0,0,0,0,0,0,0,0,0,0,0,0,0,0,0,0,0,0,0,0,0,0,0,0,0,0,0,0,0,0,0,0,0,0,0,0,0,0,0,0,0,0,0,0,0,0,0,0,0,0,0,0,0,0,6985
GSE176021_NY016-025_normal_Post,0,0,0,0,0,0,0,0,0,0,0,0,0,0,0,0,14,30,105,13,323,16,24,181,755,226,38,18,468,1442,43,537,2,249,4358,38,109,102,0,0,0,0,0,0,0,0,0,0,0,0,0,0,0,0,0,0,0,0,0,0,0,0,0,0,0,0,0,0,0,0,0,0,0,0,0,0,0,0,0,0,0,0,0,0,0,0,0,0,0,0,0,0,0,0,0,0,0,0,0,0,0,0,0,0,0,0,0,0,0,2215
GSE176021_NY016-025_tumor_Post,0,0,0,0,0,0,0,0,0,0,0,0,0,0,0,0,80,265,565,93,1861,783,494,1328,889,1439,547,618,2414,12342,449,8984,0,3043,8648,180,2582,776,0,0,0,0,0,0,0,0,0,0,0,0,0,0,0,0,0,0,0,0,0,0,0,0,0,0,0,0,0,0,0,0,0,0,0,0,0,0,0,0,0,0,0,0,0,0,0,0,0,0,0,0,0,0,0,0,0,0,0,0,0,0,0,0,0,0,0,0,0,0,0,6826
GSE195832_Pt1_Post_Post,1,50,34,31,0,0,10,213,9,32,7,4,167,506,27,8,1,6,21,3,31,14,1,11,11,50,56,37,60,1765,14,1041,0,705,379,121,331,115,4,90,107,46,50,15,45,3,219,113,21,213,205,322,328,12,10,4,91,147,1,2,2,5,37,86,2,74,3,501,11,4,1881,0,6,0,0,0,0,0,0,0,0,0,0,0,0,0,0,0,0,60,116,15,23,108,12,50,46,30,47,0,1,13,2,0,13,2,7,0,1,3055
GSE195832_Pt1_Pre_Pre,0,0,1,1,0,0,0,10,2,3,0,1,84,43,38,3,0,2,1,0,0,2,0,1,0,4,5,166,70,80,9,53,1,95,77,123,147,9,33,34,90,8,207,147,40,16,37,31,57,61,200,401,5619,189,71,27,78,60,4,8,6,26,56,182,2,148,619,215,13,584,3,7,66,0,0,0,0,0,0,0,0,0,0,0,0,0,0,0,0,33,51,15,49,5,94,20,16,4,20,3,5,33,0,1,6,1,1,0,2,1474
GSE195832_Pt2_Post_Post,0,8,36,9,0,0,4,135,5,5,2,1,17,77,2,16,15,23,37,9,23,16,14,29,27,93,44,96,263,629,20,232,0,298,432,85,149,25,5,11,32,3,2,77,69,2,10,13,9,76,37,142,289,8,16,21,149,43,1,3,0,6,288,74,15,36,11,23,3,2,1,0,18,0,0,0,0,0,0,0,0,0,0,0,0,0,0,0,1,11,38,73,33,44,4,12,108,9,47,15,3,80,2,7,27,9,22,10,1,1897
GSE195832_Pt2_Pre_Pre,0,3,34,1,0,0,2,158,2,11,2,0,2,36,1,5,3,23,13,7,21,9,10,21,9,78,47,99,384,476,75,130,1,367,317,31,245,14,22,94,186,168,57,274,104,51,141,194,522,316,273,370,2612,104,251,160,164,64,2,9,3,2,45,310,22,161,38,455,114,3,15,1,75,0,0,0,0,0,0,0,0,0,0,0,0,0,0,0,0,43,63,28,61,141,10,93,50,43,208,5,10,73,16,13,41,35,11,4,1,1720
GSE195832_Pt3_Post_Post,0,0,35,0,0,0,0,36,1,7,3,0,4,60,0,0,3,14,2,0,9,28,3,4,4,116,34,47,116,131,5,210,0,58,86,40,79,22,0,5,5,2,6,50,109,0,3,13,8,36,24,15,404,5,0,0,30,16,0,0,0,12,456,123,10,16,0,117,1,0,1,1,19,0,0,0,0,0,0,0,0,0,0,0,0,0,0,0,0,19,47,61,4,26,42,39,33,0,9,13,2,36,1,2,13,13,8,7,0,888
GSE195832_Pt3_Pre_Pre,0,0,4,0,0,0,0,6,0,4,0,0,1,7,0,0,2,3,0,0,7,5,1,4,2,23,1,19,30,21,0,52,0,17,29,12,26,1,0,1,0,0,3,13,31,0,6,6,2,21,3,5,193,2,0,2,1,2,0,0,0,0,28,19,3,5,0,53,1,0,0,0,2,0,0,0,0,0,0,0,0,0,0,0,0,0,0,0,0,1,6,5,6,4,2,3,10,0,14,3,0,11,0,3,2,0,3,6,2,235
GSE195832_Pt4_Post_Post,0,0,2,0,0,0,0,0,0,0,0,1,2,7,0,0,0,1,1,0,1,0,2,0,1,23,0,0,6,7,0,26,0,3,8,9,8,0,0,2,0,0,0,12,23,5,0,9,1,5,4,1,1206,2,0,0,20,2,0,0,0,0,8,6,1,6,0,13,0,0,0,1,2,0,0,0,0,0,0,0,0,0,0,0,0,0,0,0,0,0,0,3,0,4,1,0,5,0,1,4,0,2,0,1,0,2,0,0,0,136
GSE195832_Pt4_Pre_Pre,0,0,3,0,0,0,0,2,0,2,0,0,1,0,1,0,1,0,0,1,0,0,1,1,1,23,1,6,7,7,0,12,0,1,5,4,5,0,0,0,0,0,1,19,37,3,12,7,2,5,9,2,520,0,0,0,10,5,0,1,1,0,8,5,3,7,0,36,0,0,0,0,6,0,0,0,0,0,0,0,0,0,0,0,0,0,0,0,0,0,0,6,0,1,3,0,9,0,0,3,0,6,0,0,4,6,1,3,1,112
GSE205506_Colon171v3_Post,0,0,7,1,1,1,2,3,4,0,2,0,2,2,0,0,0,0,0,0,1,0,1,4,2,1,3,0,34,15,2,6,0,23,20,4,9,1,1,4,6,5,3,0,0,0,0,2,15,0,0,0,10,0,0,0,1,0,0,0,0,0,0,0,0,21,0,0,1,0,0,0,0,0,0,0,0,0,0,0,0,0,0,0,0,0,0,0,0,0,0,0,0,0,0,0,0,0,0,0,1,0,0,0,1,0,0,0,0,28
GSE205506_Colon172v3_Post,0,2,1,0,4,2,1,2,2,4,4,0,1,0,0,0,0,0,0,0,0,0,0,3,0,0,4,5,21,4,1,0,0,19,18,5,13,1,7,0,5,3,1,17,0,0,0,0,46,0,0,2,45,0,1,0,1,0,0,0,0,0,0,0,0,25,22,0,0,1,0,0,0,0,0,0,0,0,0,0,0,0,0,0,0,0,0,0,0,1,0,0,0,0,2,0,0,0,0,0,3,3,2,1,1,0,0,0,1,39
GSE205506_Colon181v2_Post,5,2,7,9,4,24,7,28,67,16,117,2,121,24,0,6,0,9,5,0,12,20,2,2,7,31,24,27,102,101,26,200,0,79,197,92,104,21,1,8,1,0,74,0,18,0,5,10,22,39,21,1,2123,3,0,0,6,6,2,0,0,0,19,4,3,16,0,27,1,0,0,0,0,0,0,0,0,0,0,0,0,0,0,0,0,0,0,0,0,3,21,1,9,8,1,5,0,0,2,0,6,7,3,1,18,2,1,3,6,540
GSE205506_Colon182v2_Post,0,0,1,0,1,29,0,18,12,12,30,0,2,1,0,0,0,0,0,0,3,0,1,2,1,0,26,0,25,13,4,3,0,55,34,3,3,2,32,1,8,1,5,133,0,1,0,1,162,0,0,80,229,1,16,0,2,0,1,1,0,0,0,0,0,105,344,0,1,7,0,0,0,0,0,0,0,0,0,0,0,0,0,0,0,0,0,0,0,0,0,0,0,0,0,1,0,1,0,0,3,0,4,3,5,1,1,0,0,153
GSE205506_ColonMGI111_Post,3,5,3,5,4,14,5,12,22,6,28,5,13,35,0,5,0,1,1,0,3,1,2,5,13,1,4,1,9,11,3,4,0,5,29,0,4,0,0,3,0,1,1,0,2,0,0,2,7,21,7,1,86,0,0,0,0,0,0,0,0,0,0,0,0,2,0,1,0,0,0,0,0,0,0,0,0,0,0,0,0,0,0,0,0,0,0,0,0,0,0,0,0,0,0,0,0,0,0,0,2,0,2,0,2,0,0,0,1,73
GSE205506_ColonMGI112_Post,0,1,3,0,11,26,10,3,11,5,8,0,11,3,0,1,0,1,0,0,2,0,0,2,1,0,14,0,4,4,1,1,0,3,10,1,14,1,6,0,1,1,0,9,0,0,0,0,69,0,0,4,30,0,7,0,1,0,0,0,0,0,0,0,0,10,18,0,1,0,0,0,0,0,0,0,0,0,0,0,0,0,0,0,0,0,0,0,0,7,0,0,0,1,7,0,1,1,0,0,11,0,0,0,7,0,1,0,0,50
GSE205506_ColonMGI121_Post,10,21,23,9,3,8,60,49,52,10,40,19,388,184,7,19,0,3,0,0,8,15,2,4,4,25,29,2,20,33,6,115,0,41,51,48,45,2,0,9,0,0,3,0,10,1,4,0,0,1,4,0,318,3,0,0,1,2,2,2,0,0,3,2,1,4,0,5,1,0,1,0,1,0,0,0,0,0,0,0,0,0,0,0,0,0,0,0,1,14,13,2,10,5,2,1,2,1,1,2,11,13,5,4,12,3,3,1,1,627
GSE205506_ColonMGI122_Post,14,51,24,6,72,188,75,96,86,53,204,5,123,35,0,3,0,1,2,1,11,0,4,8,17,8,119,0,37,39,6,15,0,58,66,1,17,4,34,1,5,4,6,48,0,1,1,3,148,0,0,74,150,7,25,11,1,0,8,5,1,0,0,0,0,148,38,3,0,1,0,0,1,0,0,0,0,0,0,0,0,0,0,0,0,0,0,0,0,3,1,0,0,2,2,0,0,0,0,0,6,1,2,0,5,0,1,1,0,292
GSE205506_ColonMGI141_Post,12,7,4,10,2,8,16,182,197,4,214,1,92,76,0,3,0,15,11,3,20,12,2,32,57,31,51,5,76,542,19,87,0,269,534,11,135,20,2,1,3,1,1,1,3,0,2,2,11,7,2,3,547,5,2,2,4,4,0,2,0,0,0,7,1,13,0,3,0,0,26,0,0,0,0,0,0,0,0,0,0,0,0,0,0,0,0,0,0,103,51,0,2,193,14,31,0,1,18,0,1,3,1,1,8,3,3,0,0,775
GSE205506_ColonMGI151_Post,3,15,37,5,8,6,9,138,30,20,44,1,295,279,2,1,1,21,128,26,66,57,15,103,77,194,165,14,61,1530,28,324,2,559,646,14,58,95,8,8,3,24,6,2,7,3,15,1,46,42,43,124,117,12,47,7,50,28,6,6,0,0,39,33,11,67,1,13,1,0,463,0,4,0,0,0,0,0,0,0,0,0,0,0,0,0,0,0,0,360,270,1,10,602,100,69,4,44,42,1,9,48,7,2,37,10,11,9,5,2108
GSE205506_ColonMGI152_Post,10,21,6,7,335,539,6,54,29,42,52,3,197,49,2,4,0,3,3,0,18,1,1,4,21,10,14,0,29,52,0,45,0,23,221,7,2,0,13,1,3,0,2,11,0,0,2,1,80,2,0,16,80,1,23,1,7,0,2,3,0,0,0,0,0,55,112,1,0,1,0,0,0,0,0,0,0,0,0,0,0,0,0,0,0,0,0,0,0,2,1,0,0,3,0,0,0,0,0,0,3,1,2,0,12,2,1,0,0,539
GSE205506_ColonMGI191_Post,3,4,47,3,1,6,7,49,15,30,20,1,6,14,0,0,1,0,7,0,19,5,9,31,14,23,23,4,35,158,11,77,0,65,96,19,26,18,101,73,67,197,21,16,14,3,55,32,1286,33,22,599,318,14,44,4,42,17,10,6,0,0,0,1,0,685,21,34,10,1,2,0,1,0,0,0,0,0,0,0,0,0,0,0,0,0,0,0,0,4,0,1,0,4,4,0,6,7,1,0,63,22,8,5,4,0,0,1,0,349
GSE205506_ColonMGI192_Post,2,0,6,0,0,2,5,6,15,9,24,0,1,0,0,0,0,0,0,0,0,0,0,0,1,0,5,0,6,0,1,1,0,2,6,2,5,0,12,0,1,0,0,3,0,0,0,0,21,0,0,5,58,0,1,0,0,0,0,0,0,0,0,1,0,17,8,0,0,0,0,0,0,0,0,0,0,0,0,0,0,0,0,0,0,0,0,0,0,6,0,0,0,2,3,0,1,0,0,0,5,1,1,1,5,0,0,0,0,67
GSE205506_ColonMGI211_Pre,0,0,1,1,0,1,0,4,0,1,0,0,1,2,0,0,0,0,1,0,0,3,1,1,0,2,1,0,2,9,0,2,0,9,2,0,2,0,3,20,7,5,27,2,0,1,2,5,372,32,41,106,52,2,9,0,6,1,9,2,1,0,1,15,0,40,0,4,3,0,0,38,0,0,0,0,0,0,0,0,0,0,0,0,0,0,0,0,0,0,0,0,0,1,0,1,0,1,0,1,0,0,1,0,2,0,0,0,0,148
GSE205506_ColonMGI213_Post,3,2,1,3,0,0,1,10,6,0,7,3,23,19,0,1,0,2,0,2,3,11,1,3,1,16,31,2,49,59,9,35,0,41,27,13,32,8,0,0,0,0,4,0,2,0,0,0,6,6,4,2,278,1,1,1,0,1,1,1,0,0,0,0,0,2,0,1,1,0,0,0,0,0,0,0,0,0,0,0,0,0,0,0,0,0,0,0,0,0,2,0,0,6,0,2,0,0,1,0,2,2,2,1,4,2,0,0,1,126
GSE205506_ColonMGI233_Pre,0,0,2,0,1,0,1,1,1,0,0,1,5,12,1,2,0,1,0,0,2,6,3,3,0,12,5,7,24,169,21,350,1,80,40,174,152,28,0,5,0,0,2,0,58,1,0,4,0,1,2,0,1178,0,0,0,0,0,0,0,0,0,5,1,5,9,0,52,0,0,0,2,0,0,0,0,0,0,0,0,0,0,0,0,0,0,0,0,0,0,1,0,3,1,0,2,0,0,8,0,1,2,3,6,0,0,0,0,0,262
GSE205506_ColonMGI241_Pre,5,3,4,0,3,4,8,7,9,0,2,1,43,42,0,1,0,1,3,0,6,2,9,11,6,14,30,1,56,114,2,35,0,82,73,6,88,21,1,13,6,5,2,0,4,1,18,16,88,221,38,14,384,0,1,0,0,2,5,0,0,0,2,2,2,6,0,2,0,0,0,0,0,0,0,0,0,0,0,0,0,0,0,0,0,0,0,0,0,5,1,0,0,5,0,2,1,0,0,0,13,1,3,1,5,1,2,1,1,241
GSE205506_ColonMGI243_Post,0,3,0,0,0,0,2,2,3,1,0,9,56,11,2,7,0,2,0,0,0,0,5,4,0,3,19,0,44,16,6,15,0,21,15,19,32,2,0,0,0,0,1,0,0,0,0,0,4,6,0,0,217,0,0,0,0,1,0,0,0,0,0,0,0,0,0,0,0,0,0,0,0,0,0,0,0,0,0,0,0,0,0,0,0,0,0,0,0,2,0,0,0,2,0,2,0,0,0,1,1,0,0,0,4,0,0,0,2,163
GSE205506_ColonMGI251_Pre,11,11,33,8,9,31,34,81,18,32,34,3,124,101,0,21,0,0,2,0,7,0,0,8,18,13,18,5,33,164,4,26,0,84,154,10,19,7,3,33,8,10,8,2,13,4,11,11,46,569,21,26,98,10,11,3,9,5,2,6,0,1,11,67,5,74,6,14,3,0,6,0,0,0,0,0,0,0,0,0,0,0,0,0,0,0,0,0,0,42,6,4,4,11,33,1,8,5,0,0,96,17,2,29,17,1,4,1,1,548
GSE205506_ColonMGI252_Post,2,10,18,3,58,160,16,75,18,55,81,1,133,35,2,2,0,1,0,0,7,0,0,1,6,3,20,0,9,21,2,12,1,33,120,4,11,0,11,1,2,0,2,8,0,0,0,0,32,23,0,17,78,2,7,2,2,0,2,0,0,0,0,0,0,16,18,1,1,0,0,0,0,0,0,0,0,0,0,0,0,0,0,0,0,0,0,0,0,5,0,0,0,2,11,0,2,1,0,1,16,1,1,4,5,1,2,1,0,344
GSE205506_ColonMGI253_Post,14,16,47,55,7,25,39,80,106,86,101,21,368,123,0,9,8,7,1,0,18,23,15,12,20,39,35,11,78,99,8,100,0,68,188,12,26,2,0,2,1,0,3,0,17,3,0,0,5,7,7,0,808,4,0,4,6,2,4,3,0,0,7,6,8,15,0,3,0,0,0,2,2,0,0,0,0,0,0,0,0,0,0,0,0,0,0,0,0,7,4,0,3,20,1,12,0,0,26,4,27,9,2,8,45,4,3,4,5,913
GSE205506_ColonMGI261_Post,0,0,0,0,0,0,0,0,0,0,0,0,0,0,0,0,0,3,2,0,1,25,0,0,2,13,2,3,9,5,6,105,0,8,3,39,28,5,0,4,0,0,13,0,21,0,0,3,0,11,19,0,467,0,0,0,0,0,0,0,0,0,1,0,1,7,0,5,0,0,0,0,1,0,0,0,0,0,0,0,0,0,0,0,0,0,0,0,0,12,5,3,103,3,2,4,1,0,82,0,8,37,0,3,1,0,1,3,1,316
GSE205506_ColonMGI271_Pre,3,15,19,2,2,1,15,26,12,22,17,3,52,73,1,12,0,6,10,1,48,1,10,25,19,28,19,0,64,278,44,71,0,129,209,1,37,10,0,30,8,24,2,1,17,2,22,8,22,185,10,58,107,1,1,0,1,20,1,2,0,0,4,3,3,25,0,34,2,0,0,0,2,0,0,0,0,0,0,0,0,0,0,0,0,0,0,0,0,2,2,0,1,4,2,3,1,0,3,0,24,10,7,4,3,1,0,1,3,241
GSE205506_ColonMGI272_Post,1,0,1,0,13,26,0,4,6,13,13,2,20,3,0,0,0,0,0,0,0,1,0,3,8,1,28,0,18,31,5,1,0,29,53,1,45,7,1,0,1,0,1,21,0,0,0,0,10,0,0,0,166,0,2,0,0,0,0,0,0,0,0,0,0,11,5,0,0,0,0,0,0,0,0,0,0,0,0,0,0,0,0,0,0,0,0,0,0,0,0,0,0,3,0,0,0,0,0,0,0,0,0,0,1,0,1,0,0,60
GSE205506_ColonMGI273_Post,0,2,1,0,0,5,1,1,1,0,0,1,59,51,0,10,0,2,2,0,4,9,5,0,1,18,16,3,22,27,16,49,0,14,17,25,22,1,0,10,0,1,10,0,58,8,7,25,2,42,32,1,956,6,0,0,6,3,1,4,0,12,24,12,1,1,0,54,0,0,0,5,1,0,0,0,0,0,0,0,0,0,0,0,0,0,0,0,0,4,1,0,3,12,3,7,1,0,3,5,38,28,13,15,7,1,1,6,1,336
GSE205506_ColonMGI281_Pre,0,0,3,0,0,0,0,2,1,0,0,0,5,5,0,0,0,1,0,0,0,0,0,1,0,0,5,0,4,10,0,0,0,6,7,3,6,1,0,0,5,1,2,0,0,0,7,0,28,8,5,57,29,1,1,0,0,0,0,1,0,0,0,0,0,3,0,1,0,0,0,0,0,0,0,0,0,0,0,0,0,0,0,0,0,0,0,0,0,0,0,0,1,0,0,0,0,0,0,0,0,0,0,0,0,0,0,0,1,14
GSE205506_ColonMGI282_Post,0,0,0,1,1,0,0,0,0,0,0,0,2,0,0,0,0,0,0,0,0,0,0,0,0,0,1,0,6,0,0,0,0,0,0,3,2,0,3,0,0,0,1,0,0,0,0,0,22,0,0,0,82,0,1,0,0,0,0,0,0,0,0,0,0,5,6,1,0,0,0,0,0,0,0,0,0,0,0,0,0,0,0,0,0,0,0,0,0,0,0,0,0,0,0,0,0,0,0,0,0,0,1,0,2,0,0,0,0,6
GSE205506_ColonMGI283_Post,0,1,12,1,2,0,4,10,8,11,11,1,64,34,3,9,0,1,0,0,0,0,2,0,2,14,21,3,24,23,0,23,0,35,40,3,11,1,0,5,0,0,12,0,31,7,0,8,7,37,18,1,394,2,0,0,2,0,4,0,0,4,5,3,2,5,0,5,0,0,0,1,0,0,0,0,0,0,0,0,0,0,0,0,0,0,0,0,1,0,0,2,2,4,1,2,0,1,11,3,26,28,5,12,5,2,1,0,10,274
GSE205506_ColonMGI291_Post,9,10,60,0,11,49,14,49,18,76,31,0,11,13,0,1,0,4,3,0,13,2,3,7,7,5,13,0,43,136,8,24,0,41,102,3,70,5,2,5,15,23,10,0,4,5,8,9,152,35,7,35,178,1,1,0,2,7,0,5,0,0,0,0,0,32,1,2,2,0,0,0,0,0,0,0,0,0,0,0,0,0,0,0,0,0,0,0,0,0,0,0,0,0,1,0,0,2,0,0,8,2,0,0,4,0,0,0,0,257
GSE205506_ColonMGI292_Post,0,1,7,0,5,15,6,4,11,13,18,0,6,1,0,0,0,0,0,0,0,0,0,1,0,1,7,0,6,4,0,5,0,3,11,1,5,0,0,0,0,0,0,15,0,0,0,0,20,0,0,2,66,0,3,0,1,0,0,1,0,0,0,0,0,14,21,0,0,0,0,0,0,0,0,0,0,0,0,0,0,0,0,0,0,0,0,0,0,0,0,0,0,0,0,0,0,0,0,0,2,1,0,0,2,0,0,0,0,40
GSE205506_ColonMGI301_Pre,1,0,2,0,13,16,3,7,9,8,10,1,5,6,0,0,0,0,0,0,1,0,0,2,2,0,5,0,14,10,3,9,0,2,59,4,6,0,14,6,11,13,3,5,0,0,2,1,254,3,1,26,27,0,12,2,0,0,0,1,0,0,0,0,0,49,28,3,0,0,1,0,0,0,0,0,0,0,0,0,0,0,0,0,0,0,0,0,0,1,0,0,0,0,0,0,0,0,0,0,9,0,0,0,3,0,0,0,0,55
GSE205506_ColonMGI302_Post,0,0,0,0,0,0,0,0,0,0,2,0,3,0,0,0,0,0,0,0,0,0,0,0,0,0,2,0,4,4,1,2,0,1,3,3,2,0,8,2,3,0,0,25,0,0,0,0,61,0,0,5,21,0,0,0,1,0,1,0,0,0,0,0,0,21,97,0,0,0,0,0,0,0,0,0,0,0,0,0,0,0,0,0,0,0,0,0,0,0,0,0,0,0,0,0,0,0,0,0,1,0,0,0,3,0,0,0,2,9
GSE205506_ColonMGI303_Post,2,4,3,1,13,14,6,2,19,6,23,1,68,65,0,7,0,1,0,0,7,6,1,0,5,15,4,3,16,13,0,65,0,7,56,46,19,8,0,19,1,0,5,1,77,5,1,10,3,21,58,1,259,1,0,1,5,4,0,8,0,2,3,20,4,12,0,17,0,0,0,0,1,0,0,0,0,0,0,0,0,0,0,0,0,0,0,0,0,0,4,1,3,3,0,2,0,1,3,0,4,5,3,0,5,1,1,1,1,256
GSE205506_ColonMGI311_Pre,0,0,0,0,0,0,0,0,0,0,0,5,32,16,0,13,0,1,0,0,1,0,0,0,0,1,0,0,11,0,0,10,0,0,1,10,1,0,0,3,0,0,0,0,17,0,1,2,1,17,8,0,1999,0,0,0,0,0,0,0,0,4,4,2,0,1,0,9,0,0,0,0,2,0,0,0,0,0,0,0,0,0,0,0,0,0,0,0,0,0,8,0,0,5,0,7,0,0,3,0,1,0,0,0,2,0,0,1,0,44
GSE205506_ColonMGI312_Post,0,0,0,0,9,5,0,0,0,0,0,0,2,1,0,0,0,0,0,0,0,0,0,0,0,0,5,0,2,0,0,0,0,1,2,0,2,2,6,0,1,1,0,2,0,0,0,0,12,0,0,0,1,0,0,0,0,0,0,0,0,0,0,0,0,7,8,0,0,0,0,0,0,0,0,0,0,0,0,0,0,0,0,0,0,0,0,0,0,0,0,0,0,1,0,0,0,0,0,0,0,0,0,0,1,0,0,0,0,10
GSE205506_ColonMGI313_Post,0,1,1,2,0,2,0,1,0,0,0,0,24,6,0,1,0,0,0,0,1,0,0,2,2,14,7,4,6,4,2,5,0,3,7,8,8,0,0,3,0,0,0,0,23,2,1,4,2,12,15,1,724,0,0,0,0,0,0,0,0,0,2,0,1,0,0,3,0,0,0,0,0,0,0,0,0,0,0,0,0,0,0,0,0,0,0,0,0,1,0,0,1,1,0,0,0,0,3,0,1,0,1,1,3,0,0,1,0,71
GSE205506_ColonMGI321_Pre,0,3,10,2,9,7,4,32,13,5,16,0,30,8,0,1,0,0,0,0,2,0,2,4,5,1,41,0,49,8,1,7,0,72,116,8,72,0,2,0,1,1,5,2,1,2,0,0,28,0,0,2,104,3,1,0,0,0,0,2,0,0,0,0,0,24,0,0,0,0,0,0,0,0,0,0,0,0,0,0,0,0,0,0,0,0,0,0,0,0,0,0,0,0,0,1,0,0,0,1,3,1,2,0,3,0,0,0,0,102
GSE205506_ColonMGI322_Post,0,2,4,2,18,44,3,7,5,11,9,3,37,5,0,0,0,4,0,0,2,0,0,0,3,1,7,0,48,7,2,11,0,17,46,17,27,0,10,0,1,0,2,16,0,0,0,1,21,0,0,5,44,1,6,1,0,0,1,1,0,0,0,0,0,19,56,0,0,1,0,0,0,0,0,0,0,0,0,0,0,0,0,0,0,0,0,0,0,0,1,0,0,0,1,0,0,0,0,1,9,2,6,0,3,0,0,0,0,97
GSE205506_ColonMGI323_Post,12,17,37,40,39,121,46,35,169,85,878,4,102,131,0,16,1,14,3,1,64,19,19,6,68,106,25,6,243,98,29,399,0,137,778,50,50,6,1,52,10,0,55,3,251,42,8,23,18,111,60,1,135,2,3,6,31,11,0,8,2,5,108,28,14,52,1,179,5,0,0,2,22,0,0,0,0,0,0,0,0,0,0,0,0,0,0,0,0,2,13,1,6,9,4,14,1,0,22,1,96,48,3,29,23,2,0,1,4,1554
GSE205506_ColonMGI333_Pre,11,8,37,9,0,0,60,44,135,1,10,1,26,12,1,0,0,1,1,0,1,2,0,5,6,1,7,6,37,22,7,20,0,55,36,11,59,1,0,8,5,1,5,1,41,4,4,1,2,61,9,9,609,10,1,1,3,2,4,3,2,1,40,0,9,11,1,12,0,0,0,5,2,0,0,0,0,0,0,0,0,0,0,0,0,0,0,0,0,2,0,1,0,6,2,0,1,0,3,0,13,29,4,3,6,0,0,0,1,299
GSE206325_1001_Post,0,30,27,9,0,2,4,24,7,31,5,0,0,1,0,2,3,1,16,8,10,19,7,45,21,30,19,18,134,200,88,104,0,96,100,30,70,110,0,0,0,0,1,0,0,0,0,0,0,1,0,0,0,0,0,0,0,0,0,0,0,0,0,0,0,0,0,0,0,0,0,0,0,0,0,0,0,1,0,0,0,0,0,0,0,0,2,0,14,2,0,1,1,1,0,1,4,0,0,0,1,3,2,0,0,0,1,0,1,739
GSE206325_1002_Post,0,14,27,9,0,0,2,25,4,26,3,0,0,2,0,0,3,0,7,5,8,17,4,22,12,16,14,13,91,121,60,63,1,39,72,18,33,64,0,0,0,0,1,0,0,0,0,0,0,0,0,0,0,0,0,0,0,0,0,0,0,0,0,0,0,0,0,0,0,0,0,0,0,0,0,0,1,4,0,0,10,0,0,0,0,3,1,0,14,3,1,1,0,2,1,0,3,0,0,0,1,2,2,0,1,0,0,0,1,648
GSE206325_1005_Post,2,31,32,15,0,1,1,26,5,30,9,0,1,3,0,0,5,0,15,10,14,16,8,44,30,32,21,22,126,192,104,103,1,84,98,22,71,99,0,0,0,0,0,0,0,0,0,0,0,0,0,0,0,0,0,0,0,0,0,0,0,0,0,0,0,0,0,0,0,0,0,0,0,1,0,0,1,2,0,1,1,0,0,0,0,0,0,0,9,1,0,0,0,2,0,0,3,1,1,0,0,3,3,0,1,0,1,0,1,684
GSE206325_1006_Post,0,16,15,8,1,1,0,27,8,24,3,0,0,2,0,0,2,2,9,3,8,15,4,23,12,17,6,18,69,136,57,84,0,46,67,14,31,57,1,0,0,0,0,0,0,0,0,0,0,0,0,0,0,0,0,0,0,0,0,0,0,0,0,0,0,0,0,0,0,0,0,0,0,0,0,0,2,5,0,0,7,0,0,0,0,2,0,0,8,1,0,0,0,2,3,0,1,1,1,0,2,4,2,0,2,0,2,0,0,613
GSE206325_1009_Post,2,66,73,32,1,1,16,74,23,60,22,0,1,5,0,1,4,1,23,9,33,34,17,82,44,54,43,38,245,436,183,225,2,138,186,48,122,178,1,0,0,0,0,0,1,0,0,0,0,0,0,1,0,0,0,0,0,0,0,0,0,0,0,0,0,0,0,0,0,0,0,0,0,0,0,0,4,4,0,1,3,0,0,0,0,2,0,0,3,1,0,0,0,0,0,0,0,0,0,0,1,1,3,1,2,0,0,0,0,976
GSE206325_1010_Post,0,43,43,9,0,1,13,34,15,54,12,0,0,3,0,1,3,1,19,18,17,27,17,79,28,55,27,35,232,336,171,180,0,100,143,59,119,157,0,0,1,2,2,0,0,0,0,0,0,2,0,1,0,0,0,0,1,0,0,0,0,0,0,0,0,0,0,0,0,0,0,0,0,5,0,0,14,22,0,6,40,0,0,0,0,10,2,0,5,1,0,1,1,1,0,1,3,0,0,0,0,4,1,0,2,0,0,0,1,1811
GSE206325_1013_Post,0,77,88,38,0,0,19,75,30,69,26,0,0,3,0,1,6,2,26,9,25,21,15,103,44,63,28,43,261,392,226,216,3,139,189,46,106,183,0,0,0,0,0,0,0,0,1,0,0,0,0,0,0,0,0,0,1,0,0,0,0,0,0,0,0,0,0,0,0,0,0,0,0,0,0,0,1,2,0,0,3,0,0,0,0,1,0,0,9,0,2,0,0,0,1,0,1,0,0,0,0,0,1,0,1,0,0,0,2,1074
GSE206325_1014_Post,2,43,50,19,0,0,12,30,18,41,14,0,0,2,0,1,4,1,21,13,31,21,7,81,39,42,28,41,233,355,141,200,3,133,171,50,128,164,2,0,1,0,0,0,0,1,0,0,1,1,0,0,0,0,0,0,0,0,0,0,0,0,0,0,0,0,0,0,0,0,0,0,0,1,0,0,21,17,0,3,41,0,0,0,0,19,3,0,8,3,0,0,2,1,1,1,0,1,0,0,0,4,5,1,2,0,0,0,0,2069
GSE206325_1017_Post,2,72,79,28,0,0,11,61,36,63,20,0,0,3,0,0,6,1,25,13,28,25,21,73,39,54,29,34,242,365,196,244,0,131,172,56,132,151,0,1,0,2,0,0,1,0,0,0,0,0,0,0,0,0,0,0,0,0,0,0,0,0,0,0,0,0,0,0,0,0,0,0,0,2,0,0,2,0,0,1,2,0,0,0,0,0,0,0,4,2,0,0,0,0,0,1,0,1,0,0,1,0,1,0,1,0,0,0,1,1027
GSE206325_1018_Post,2,34,33,16,0,0,8,40,23,30,18,1,1,4,0,0,0,1,20,14,23,26,17,63,27,59,37,53,197,345,159,181,0,108,156,39,98,151,0,1,0,0,2,0,0,0,0,0,0,1,0,1,0,0,0,0,1,0,0,0,0,0,0,0,0,0,0,0,0,0,0,0,0,1,0,1,17,18,1,3,38,2,1,0,0,7,3,1,15,2,0,0,1,0,1,0,0,0,0,0,0,4,1,0,3,1,0,0,1,1802
GSE206325_1021_Post,3,70,56,34,0,2,15,59,30,62,24,0,0,6,0,1,8,3,25,22,24,25,19,101,42,67,31,34,241,375,192,220,0,126,199,35,116,182,1,0,0,1,0,0,0,0,0,0,0,0,0,0,0,0,0,0,0,0,0,0,0,0,0,0,0,0,0,0,0,0,0,0,0,0,0,0,1,5,0,1,7,0,0,0,0,1,1,0,2,2,2,0,1,0,2,0,2,0,0,0,0,2,1,0,0,0,0,0,1,1066
GSE206325_1022_Post,1,40,39,16,0,0,6,32,12,48,11,1,1,0,0,1,14,0,15,15,27,23,13,76,42,51,24,23,197,384,128,173,1,104,171,46,112,130,0,0,0,2,0,0,1,1,0,0,1,0,0,2,0,0,0,0,0,0,0,0,0,0,0,0,0,0,0,0,0,0,0,0,0,2,0,0,20,18,1,6,39,0,0,0,0,5,5,1,17,3,1,1,0,0,0,1,7,0,0,0,1,1,2,0,0,1,1,0,0,1933
GSE206325_1025_Post,1,64,74,22,0,2,9,77,38,65,19,1,0,2,0,1,2,1,25,13,30,26,19,95,36,67,35,37,267,394,211,219,2,135,186,43,131,159,0,1,0,0,1,0,0,0,0,0,0,0,0,0,0,0,0,0,0,0,0,0,0,0,0,0,0,0,0,0,0,0,0,0,0,1,0,0,2,4,0,1,5,0,0,0,0,1,0,0,11,0,1,0,0,1,0,1,0,0,0,0,0,1,2,0,1,0,1,0,0,1112
GSE206325_1026_Post,1,33,45,21,0,0,11,33,18,43,11,1,0,3,0,0,7,4,16,14,23,21,12,67,28,58,26,36,204,354,145,182,1,123,150,35,102,175,1,1,0,0,1,0,1,0,1,0,1,0,0,0,0,0,0,0,0,0,0,0,0,0,0,0,0,0,0,0,0,0,0,0,0,0,0,1,22,17,0,5,33,2,0,0,0,12,2,1,12,1,1,0,0,1,1,0,1,0,0,0,0,1,3,0,2,0,2,0,0,1885
GSE206325_1029_Post,1,92,71,24,0,1,16,64,31,68,25,0,1,2,0,0,3,1,24,10,29,40,16,87,34,60,33,44,245,369,192,206,1,150,186,57,124,174,1,0,0,0,0,0,0,0,0,0,0,1,0,0,0,0,0,0,0,0,0,0,0,0,0,0,0,0,0,0,0,0,0,0,0,0,0,0,2,3,0,0,5,0,0,0,0,2,0,0,5,1,1,0,2,0,0,0,1,0,0,0,0,0,0,0,1,0,0,0,0,1039
GSE206325_1030_Post,3,35,37,19,0,0,5,35,16,36,12,0,0,1,0,1,3,1,10,10,21,26,7,80,30,49,24,33,198,339,151,186,0,107,162,49,131,116,0,2,1,0,0,0,1,0,0,0,0,1,0,0,0,0,0,0,2,0,0,0,0,0,0,0,0,0,0,0,0,0,0,0,0,0,0,0,21,11,0,7,33,1,0,0,0,5,3,0,20,2,0,0,0,0,1,1,1,0,0,0,1,1,2,0,2,0,2,0,0,1866
GSE206325_1033_Post,0,5,4,3,0,0,1,6,4,3,1,0,0,0,0,0,7,2,10,4,11,15,6,46,18,32,17,16,145,178,95,109,1,70,87,33,61,98,0,0,0,0,0,0,1,0,0,0,0,0,0,0,0,0,0,0,0,0,0,0,0,0,0,0,0,0,0,0,0,0,0,0,0,1,0,0,11,5,0,2,22,0,0,0,0,4,0,0,4,0,0,0,0,0,0,0,0,0,0,0,0,0,0,0,0,0,0,0,0,781
GSE206325_1034_Post,0,6,11,2,0,0,1,11,3,7,0,0,0,0,0,0,3,1,5,6,13,10,5,48,24,23,27,31,126,191,98,115,1,53,99,26,65,78,0,0,0,0,1,0,0,0,0,0,0,0,1,1,0,0,0,0,0,0,0,0,0,0,0,0,0,0,0,0,0,0,0,0,0,0,0,0,8,13,0,3,20,0,0,0,0,6,5,0,17,2,2,3,0,4,1,1,2,0,0,0,2,6,5,0,1,1,0,0,1,1341
GSE206325_1037_Post,0,4,7,3,0,0,2,3,2,2,0,0,0,0,0,0,3,0,11,5,14,23,6,45,17,37,17,24,128,208,93,128,0,78,89,26,65,84,0,0,0,0,0,0,0,0,0,0,1,0,0,0,0,0,0,0,1,0,0,0,0,0,0,0,0,0,0,0,0,0,0,0,0,0,0,0,4,7,0,1,9,0,0,0,1,2,0,0,0,0,1,0,0,0,0,0,1,0,0,1,0,0,1,0,0,0,0,0,0,868
GSE206325_1038_Post,0,9,11,1,0,0,1,10,4,11,2,0,0,0,0,0,1,0,17,11,16,15,5,50,16,28,26,15,147,232,111,106,2,76,93,28,68,90,1,0,1,0,0,0,0,0,0,0,0,0,0,0,0,0,0,0,0,0,0,0,0,0,0,0,0,0,0,0,0,0,0,0,0,2,0,0,11,11,0,2,24,1,0,0,0,7,0,0,18,2,0,1,0,0,0,1,6,0,0,1,0,5,2,0,4,0,2,0,2,1504
GSE206325_1041_Post,0,12,4,2,0,0,0,8,3,5,3,0,0,0,0,0,3,1,10,7,13,16,5,49,17,25,17,15,153,194,89,119,0,52,89,22,64,93,1,0,0,0,0,0,0,1,0,0,0,0,0,0,0,0,0,0,0,0,0,0,0,0,0,0,0,0,0,0,0,0,0,0,0,0,0,0,4,6,0,0,15,0,0,0,0,2,1,0,0,0,0,0,0,0,0,0,0,0,0,0,0,0,0,0,0,0,0,0,0,816
GSE206325_1042_Post,0,9,11,4,0,0,2,13,3,10,2,0,0,0,0,0,4,1,10,5,15,15,5,40,22,42,20,19,129,181,112,102,0,60,95,29,68,82,1,1,0,0,0,0,0,0,0,0,0,0,0,0,0,0,0,0,2,0,0,0,0,0,0,0,0,0,0,0,0,0,0,0,0,0,0,0,11,17,0,2,22,0,1,0,0,5,1,0,16,3,0,1,3,1,0,2,4,0,0,0,0,3,4,0,4,0,2,0,1,1411
GSE206325_1045_Post,0,10,4,1,0,0,0,4,1,3,1,0,0,0,0,0,3,0,10,4,10,22,5,46,22,27,17,16,149,215,96,108,2,71,81,26,78,91,0,0,0,0,0,0,0,0,0,0,0,0,0,0,0,0,0,0,0,0,0,0,0,0,0,0,0,0,0,0,0,0,0,0,0,2,1,0,8,7,0,1,16,1,0,0,0,2,2,0,2,0,0,0,0,0,0,0,0,0,0,0,1,1,0,0,0,0,0,0,0,887
GSE206325_1046_Post,0,5,7,2,1,0,0,9,4,8,1,0,0,1,0,0,3,2,14,11,8,10,10,44,15,30,12,23,116,192,99,109,0,67,97,31,62,96,1,0,0,0,1,0,0,0,0,0,0,0,0,0,0,0,0,0,2,0,0,0,0,0,0,0,0,0,0,0,0,0,0,0,0,1,0,0,14,12,0,3,29,1,0,0,0,4,2,0,10,3,0,1,0,1,1,2,6,1,0,0,1,3,5,1,2,0,0,0,1,1434
GSE206325_1049_Post,0,10,15,5,0,0,2,11,6,8,0,0,0,1,0,0,6,0,10,7,14,14,10,45,25,49,26,15,139,221,117,147,1,87,116,23,66,103,0,1,1,0,0,0,0,0,0,0,0,1,0,1,0,0,0,0,0,0,0,0,0,0,0,0,0,0,0,0,0,0,0,0,0,1,0,0,9,9,0,0,21,1,0,0,0,2,2,0,2,1,1,0,0,0,0,0,0,0,0,0,1,0,0,0,0,0,2,0,0,972
GSE206325_1050_Post,0,10,11,4,0,1,2,7,3,11,1,0,0,1,0,0,2,2,11,14,18,25,7,49,20,35,29,31,149,251,109,136,1,65,111,34,81,118,0,0,0,1,0,0,0,0,0,0,1,1,0,1,0,0,0,0,1,0,0,0,0,0,0,0,0,0,0,0,0,0,0,0,0,0,0,0,17,14,0,2,35,2,0,0,0,7,2,1,19,1,5,0,0,4,2,0,5,1,1,0,0,0,8,0,4,3,1,0,1,1607
GSE206325_1053_Post,0,7,8,1,0,0,3,8,2,3,2,0,0,1,0,1,3,0,11,8,10,14,9,42,19,35,15,24,147,221,98,108,1,92,116,27,74,112,0,0,0,0,0,0,0,0,0,0,0,0,0,0,0,0,0,0,0,0,0,0,0,0,0,0,0,0,0,0,0,0,0,0,0,0,0,0,7,9,0,2,11,0,0,0,0,4,0,0,1,0,1,0,0,0,0,0,0,0,0,0,0,1,2,0,0,0,0,0,0,897
GSE206325_1054_Post,0,8,12,1,0,0,0,10,2,6,2,0,0,1,0,0,3,1,11,8,21,10,6,43,28,35,32,26,150,219,113,122,0,91,109,34,61,91,0,1,1,0,0,1,1,1,0,0,0,0,0,0,0,0,0,0,0,0,0,0,0,0,0,0,0,0,0,0,0,0,0,0,0,0,0,0,11,15,1,2,36,1,0,0,0,10,0,0,16,0,0,1,0,2,0,0,8,0,1,0,0,3,4,0,4,0,3,0,1,1474
GSE206325_1057_Post,0,3,3,0,0,0,0,2,2,1,0,0,0,0,0,0,1,0,16,13,24,17,5,70,28,30,30,35,173,304,130,174,2,108,150,51,99,126,1,1,0,1,2,0,1,0,0,1,1,1,0,0,0,0,0,0,0,0,0,0,0,0,0,0,0,0,0,0,0,0,0,0,0,0,0,0,2,7,1,1,11,0,0,0,0,1,2,0,23,4,1,0,0,4,3,0,0,0,1,0,3,3,4,0,1,0,4,0,0,1245
GSE206325_1058_Post,0,3,1,2,0,0,1,3,0,2,2,0,0,1,0,0,2,1,11,6,10,8,5,31,13,12,9,11,104,163,65,77,0,40,61,16,43,48,0,0,0,0,0,0,0,0,0,0,0,0,0,0,0,0,0,0,0,0,0,0,0,0,0,0,0,0,0,0,0,0,0,0,0,5,0,0,54,39,1,4,89,1,1,0,0,22,7,0,8,1,1,0,0,1,0,0,1,0,0,0,1,2,2,0,1,0,0,0,0,2542
GSE206325_1061_Post,0,4,2,1,0,0,0,4,0,6,0,0,0,0,0,1,6,0,17,12,21,22,8,82,37,35,25,36,157,325,152,182,1,99,149,38,103,120,0,0,1,1,1,1,2,2,0,0,1,2,0,3,0,0,0,0,0,0,0,0,0,0,0,0,0,0,0,0,0,0,0,0,0,1,0,0,3,7,0,2,7,0,0,0,0,3,0,0,12,1,1,1,0,3,1,2,2,0,0,0,1,3,2,0,3,0,2,0,0,1164
GSE206325_1062_Post,0,4,3,1,0,0,0,8,1,2,0,0,0,2,0,0,2,0,5,6,4,10,2,32,10,23,11,18,96,125,75,65,1,51,73,20,49,56,0,0,1,0,0,0,0,1,0,0,0,0,0,0,0,0,0,0,0,0,0,0,0,0,0,0,0,0,0,0,0,0,0,0,0,4,0,0,32,43,1,10,88,3,0,0,0,12,3,0,7,2,0,0,0,0,1,0,2,0,0,0,0,0,1,0,0,0,1,0,0,2571
GSE206325_1065_Post,0,7,1,1,0,0,0,1,1,1,0,0,0,0,0,0,3,1,22,10,20,29,8,61,33,48,28,19,206,301,142,164,0,102,161,38,98,124,0,1,1,0,1,0,1,0,1,0,2,0,1,0,0,0,0,0,0,0,0,0,0,0,0,0,0,0,0,0,0,0,0,0,0,0,0,0,9,5,0,0,9,0,0,0,0,0,1,0,12,2,2,1,1,1,2,0,3,0,0,0,2,3,4,1,1,0,0,0,2,1157
GSE206325_1066_Post,0,3,1,2,0,0,1,7,0,1,0,0,0,1,0,0,2,0,8,5,6,8,3,24,7,21,19,18,74,117,65,69,0,46,67,20,60,60,0,0,0,0,0,0,0,0,0,0,1,0,0,0,0,0,0,0,0,0,0,0,0,0,0,0,0,0,0,0,0,0,0,0,0,3,0,1,37,32,2,6,81,2,1,0,0,21,2,0,5,2,1,1,0,2,0,0,3,0,0,0,1,1,1,0,1,0,0,0,0,2560
GSE206325_1069_Post,0,3,4,0,0,0,1,5,1,2,0,0,0,0,0,0,8,0,15,15,30,16,11,94,34,46,27,20,181,255,122,179,0,99,148,50,105,153,0,0,1,1,1,0,1,0,1,1,0,0,1,0,0,0,0,0,0,0,0,0,0,0,0,0,0,0,0,0,0,0,0,0,0,0,0,0,6,3,0,0,10,0,0,0,0,6,0,0,21,1,0,1,0,1,3,0,4,0,0,0,1,4,2,0,2,0,1,0,0,1231
GSE206325_1070_Post,0,6,0,1,0,0,1,4,2,6,1,0,0,0,0,0,2,0,6,3,11,4,8,40,18,23,16,16,102,134,64,85,0,52,74,21,55,82,0,0,0,0,0,0,0,0,0,0,0,0,0,0,0,0,0,0,0,0,0,0,0,0,0,0,0,0,0,0,0,0,0,0,0,4,0,0,52,37,0,8,97,1,0,0,0,20,3,0,7,0,0,0,1,0,0,0,1,0,0,0,0,3,0,0,1,0,2,1,2,2560
GSE206325_1073_Post,0,3,4,1,0,0,1,3,1,4,0,0,0,0,0,0,6,0,26,8,18,13,11,68,29,61,27,47,204,305,126,177,0,107,171,30,114,130,1,1,0,1,2,0,1,1,1,0,2,1,0,1,0,0,0,0,0,0,0,0,0,0,0,0,0,0,0,0,0,0,0,0,0,0,0,0,4,10,0,1,14,0,0,0,0,0,0,0,10,1,1,1,0,1,1,0,1,0,1,0,2,3,5,0,2,1,2,0,0,1194
GSE206325_1074_Post,0,4,5,1,0,0,1,0,1,4,1,0,0,0,0,0,3,0,7,7,7,10,9,33,14,16,10,18,85,133,69,77,1,53,66,20,46,60,0,0,1,0,0,0,0,0,0,0,0,0,0,0,0,0,0,0,0,0,0,0,0,0,0,0,0,0,0,0,0,0,0,0,0,2,1,1,41,50,0,12,62,2,0,0,0,14,4,2,4,0,0,0,1,0,0,0,1,0,0,0,0,1,1,0,2,0,0,0,0,2467
GSE206325_1077_Post,0,3,3,5,0,0,1,1,3,1,0,0,0,1,0,0,2,1,19,14,20,26,9,67,26,38,27,42,182,321,138,170,0,90,155,31,113,104,1,2,1,0,1,1,0,0,2,0,0,1,0,0,0,0,0,0,0,0,0,0,0,0,0,0,0,0,0,0,0,0,0,0,0,0,0,0,3,4,0,3,11,0,0,0,0,0,1,0,9,2,1,0,1,3,0,1,6,0,0,0,1,5,2,0,5,0,0,0,1,1231
GSE206325_1078_Post,0,1,5,3,0,0,0,6,2,4,2,0,0,0,0,0,2,0,12,2,10,13,6,30,6,26,14,14,84,132,69,66,0,46,58,16,50,76,0,0,1,0,0,0,0,0,0,0,0,0,0,0,0,0,0,0,0,0,0,0,0,0,0,0,0,0,0,0,0,0,0,0,0,7,0,2,30,50,0,11,124,4,0,0,0,20,3,0,3,1,0,0,0,1,1,1,0,0,0,0,1,0,0,0,3,0,1,0,0,2428
GSE206325_1081_Post,2,50,42,10,0,0,9,39,15,35,3,1,0,2,0,0,5,0,39,20,31,50,18,110,58,86,50,53,352,558,256,334,3,192,272,67,167,248,0,0,0,0,0,0,0,0,0,0,0,1,0,0,0,0,0,0,0,0,0,0,0,0,0,0,0,0,0,0,0,0,0,0,0,0,0,0,5,2,0,0,6,0,0,0,0,2,1,0,9,1,1,1,0,2,1,0,1,0,1,0,2,3,1,0,1,0,0,0,0,1520
GSE206325_1082_Post,0,13,19,7,0,0,3,11,3,22,4,0,0,0,0,0,8,2,27,10,30,36,13,89,28,53,35,46,242,366,185,194,2,128,190,30,118,159,0,0,0,0,0,0,2,1,0,0,0,0,0,1,0,0,0,0,0,0,0,0,0,0,0,0,0,0,0,0,0,0,0,0,0,0,0,0,14,15,0,3,40,1,0,0,0,10,0,0,4,2,0,0,0,1,1,0,4,0,0,0,0,1,1,0,1,0,0,0,0,1769
GSE206325_1085_Post,3,38,47,10,0,2,5,33,15,40,8,0,0,4,0,0,11,1,35,16,36,37,21,109,66,89,43,33,323,500,252,279,0,175,239,52,165,224,0,0,0,0,0,0,0,0,1,0,0,0,0,1,0,0,0,0,0,0,0,0,0,0,0,0,0,0,0,0,0,0,0,0,0,0,0,0,2,4,0,1,2,0,0,0,0,1,0,0,6,0,0,0,0,1,1,0,1,1,0,0,0,1,1,0,1,0,0,0,0,1430
GSE206325_1086_Post,3,17,13,4,0,1,2,14,8,17,1,0,0,0,0,0,6,0,15,10,23,27,11,79,28,50,35,31,236,341,179,208,3,110,172,47,135,149,0,0,0,0,0,1,0,0,0,0,1,0,0,0,0,0,0,0,2,0,0,0,0,0,0,0,0,0,0,0,0,0,0,0,0,0,0,0,13,9,1,1,30,0,0,0,0,9,3,0,6,0,0,0,0,1,0,0,3,0,0,0,0,1,0,0,2,0,1,0,1,1697
GSE206325_1089_Post,0,41,33,12,0,1,5,42,16,42,6,1,0,1,0,0,8,2,30,15,33,33,18,117,48,76,44,41,310,451,232,297,3,184,244,62,170,224,0,0,1,0,0,0,1,0,0,0,0,1,0,0,0,0,0,0,0,0,0,0,0,0,0,0,0,0,0,0,0,0,0,0,0,0,0,0,4,2,0,1,3,0,0,0,0,0,2,0,7,2,0,0,0,0,1,0,3,0,0,1,1,0,0,0,3,0,1,1,0,1413
GSE206325_1090_Post,1,21,13,9,0,0,4,21,4,15,7,0,0,2,0,3,5,1,13,9,16,24,18,77,25,54,21,43,212,343,168,221,0,111,161,45,120,151,0,0,0,0,0,0,0,0,0,0,0,0,1,0,0,0,0,0,1,0,0,0,0,0,0,0,0,0,0,0,0,0,0,0,0,0,1,0,15,15,0,4,34,0,0,0,1,7,0,0,5,0,0,0,0,1,0,0,3,0,0,0,0,1,2,0,1,2,1,0,0,1655
GSE206325_1093_Post,1,41,39,17,1,0,4,37,17,41,4,0,1,4,0,0,8,3,28,21,34,37,15,97,53,94,57,36,303,515,241,268,0,181,247,58,165,221,0,0,0,0,0,0,0,0,0,0,0,0,0,0,0,0,0,0,0,0,0,0,0,0,0,0,0,1,0,0,0,0,0,0,0,0,0,0,4,2,0,1,12,1,0,0,0,1,1,0,11,1,0,0,1,0,0,0,1,0,0,0,0,0,3,0,1,0,2,0,1,1262
GSE206325_1094_Post,0,20,20,3,0,0,1,15,6,9,2,1,0,1,0,1,3,1,16,8,22,18,7,67,31,51,31,34,216,358,169,196,0,130,173,30,118,136,0,1,0,0,1,0,0,1,0,0,0,0,1,2,0,0,0,0,0,0,0,0,0,0,0,0,0,0,0,0,0,0,0,0,0,1,1,0,10,13,0,7,31,1,0,0,0,5,0,1,6,0,0,0,0,1,1,0,1,0,0,0,0,0,2,0,0,0,0,1,0,1618
GSE206325_1097_Post,1,38,38,18,0,0,4,38,18,35,7,0,1,4,0,1,11,1,27,22,37,31,25,95,31,73,47,52,310,535,243,255,0,162,230,50,142,226,0,0,0,0,1,0,0,0,1,0,0,0,0,1,0,0,0,0,1,0,0,0,0,0,0,0,0,0,0,0,0,0,0,0,0,0,0,0,4,5,0,0,6,0,0,0,0,2,0,0,7,3,0,1,0,0,1,0,2,0,0,0,0,5,1,0,1,0,1,0,0,1330
GSE206325_1098_Post,0,16,12,6,0,0,2,15,3,13,4,0,0,0,0,2,2,3,20,11,24,20,11,84,36,54,36,28,192,344,179,185,1,94,184,47,127,135,0,0,0,0,0,0,0,0,0,0,0,0,0,1,0,0,0,0,1,0,0,0,0,0,0,0,0,0,0,0,0,0,0,0,0,0,1,1,13,10,0,3,32,1,0,0,0,3,1,0,5,0,2,0,0,1,0,0,0,0,0,0,2,0,3,1,0,0,1,0,0,1575
GSE206325_1101_Post,1,43,49,15,1,0,6,34,19,47,7,0,2,3,0,0,10,1,18,11,32,32,23,102,49,75,53,38,311,488,259,287,1,178,239,63,167,225,0,0,0,0,0,0,0,0,0,1,0,0,0,2,0,0,0,0,0,0,0,0,0,0,0,0,0,0,0,0,0,0,0,0,0,0,0,0,1,4,0,0,7,0,0,0,0,2,0,0,10,1,1,0,0,0,1,1,2,0,0,0,0,1,0,0,2,0,0,0,0,1384
GSE206325_1102_Post,1,19,10,10,0,0,3,13,4,14,5,1,0,1,0,0,8,0,24,10,23,20,13,84,39,52,26,35,202,367,142,192,1,125,161,45,103,134,0,0,0,0,0,0,0,0,0,0,0,0,0,0,0,0,0,0,0,0,0,0,0,0,0,0,0,0,0,0,0,0,0,0,0,0,0,0,15,18,0,5,24,2,0,0,0,7,2,0,5,2,0,0,0,1,0,0,1,0,0,0,1,1,1,0,2,0,1,0,0,1614
GSE206325_1124_Post,0,10,4,2,0,0,1,9,0,4,0,0,0,0,0,0,1,0,8,0,6,5,0,19,12,14,8,12,50,95,46,60,0,25,41,18,38,42,0,0,1,0,1,0,0,0,1,0,0,2,0,0,0,0,0,0,1,0,0,0,0,0,0,0,0,0,0,0,0,0,0,0,0,0,0,0,4,2,0,2,14,0,0,0,0,6,0,0,3,1,0,0,0,3,0,0,1,0,0,0,0,2,1,0,0,0,0,0,0,645
GSE206325_1125_Post,0,45,52,15,0,1,13,49,17,44,12,0,0,2,0,0,7,0,23,12,20,31,12,73,41,49,31,31,216,336,164,222,0,113,153,49,108,159,0,2,1,0,1,2,3,2,0,0,2,5,1,1,0,0,0,0,1,0,0,0,0,0,0,0,0,0,0,0,0,0,0,0,0,0,0,0,5,0,0,0,3,0,0,0,0,0,0,0,5,0,0,0,2,1,0,0,0,0,0,0,0,1,1,0,3,0,0,0,0,915
GSE206325_1128_Post,0,9,8,0,0,1,2,9,3,6,1,0,0,0,0,0,1,0,2,3,10,4,3,15,10,12,6,5,48,77,34,35,0,18,31,6,20,20,0,0,0,0,0,0,0,0,0,0,0,0,1,0,0,0,0,0,0,0,0,0,0,0,0,0,0,0,0,0,0,0,0,0,0,1,0,0,9,9,0,0,15,1,0,0,0,2,1,0,9,3,1,0,1,0,0,0,0,0,0,0,2,0,0,0,1,0,0,0,1,631
GSE206325_1129_Post,1,47,42,13,1,0,5,41,9,34,7,0,1,4,0,1,3,0,17,6,18,25,4,80,25,50,28,30,186,285,143,184,0,92,166,34,104,148,2,1,2,0,1,0,3,0,0,0,1,3,1,3,0,0,0,0,1,0,0,0,0,0,0,0,0,0,0,0,0,0,0,0,0,0,0,0,1,1,0,0,1,0,0,0,0,1,0,0,7,0,0,0,0,1,0,0,0,0,0,0,0,0,1,0,1,0,1,0,0,866
GSE206325_1132_Post,0,7,8,4,0,0,0,9,5,5,1,0,0,1,0,0,1,0,6,4,8,2,1,10,8,18,8,3,55,86,32,45,0,29,35,10,19,33,0,0,0,0,0,0,0,0,0,0,0,0,0,0,0,0,0,0,0,0,0,0,0,0,0,0,0,0,0,0,0,0,0,0,0,1,0,0,12,5,0,1,15,0,0,0,0,2,0,0,8,1,1,1,0,0,0,0,0,0,1,0,1,2,1,0,0,0,0,0,0,656
GSE206325_1133_Post,2,57,43,21,0,0,12,49,25,42,11,0,0,1,0,1,4,1,13,11,18,26,14,80,31,51,30,37,225,316,167,165,3,102,132,33,125,141,4,4,4,1,3,2,3,1,0,1,1,1,0,2,0,0,0,0,0,0,0,0,0,0,0,0,0,0,0,0,0,0,0,0,0,0,0,0,1,2,0,0,3,1,0,0,0,1,0,0,4,2,0,0,0,0,0,0,2,0,0,0,2,0,0,0,1,0,0,0,1,964
GSE206325_1136_Post,0,1,1,3,0,0,1,9,2,5,1,0,0,0,0,0,0,0,5,3,3,7,3,15,8,8,7,7,36,57,27,34,1,21,30,12,18,31,0,0,0,0,0,0,1,0,0,0,1,0,0,1,0,0,0,0,0,0,0,0,0,0,0,0,0,0,0,0,0,0,0,0,0,2,0,0,4,5,0,0,14,0,0,0,0,3,1,0,5,1,0,0,0,0,2,0,2,0,0,0,0,4,1,0,0,0,0,0,0,603
GSE206325_1137_Post,0,48,32,12,0,0,9,40,26,39,15,0,0,1,0,0,4,1,14,17,15,34,14,69,24,39,26,36,170,300,159,144,2,107,150,38,78,132,1,4,2,1,2,1,2,2,2,3,3,4,0,4,0,0,0,0,0,0,0,0,0,0,0,0,0,0,0,0,0,0,0,0,0,0,0,0,3,1,0,1,5,0,0,0,0,0,0,0,7,0,0,0,1,1,0,0,1,0,1,0,0,0,0,1,1,0,0,0,0,846
GSE206325_1140_Post,0,6,8,1,0,0,0,2,0,5,1,0,0,0,0,0,0,0,2,0,3,4,2,11,9,6,1,3,36,57,22,32,0,14,26,11,21,23,1,0,1,0,0,0,0,1,0,0,0,1,0,1,0,0,0,0,1,0,0,0,0,0,0,0,0,0,0,0,0,0,0,0,0,1,0,0,6,7,0,2,11,0,0,0,0,2,1,0,6,1,0,0,0,1,0,0,2,0,0,0,0,1,0,0,1,0,0,0,0,571
GSE206325_1141_Post,3,47,37,10,1,0,5,37,7,31,3,1,1,2,0,0,1,1,17,8,15,24,14,75,33,49,14,24,199,267,167,180,2,115,148,31,93,130,1,2,2,0,2,0,5,0,2,3,0,1,1,1,0,0,0,0,0,0,0,0,0,0,0,0,0,0,0,0,0,0,0,0,0,0,0,0,0,0,0,0,2,0,0,0,0,0,0,0,3,0,0,1,1,0,0,0,2,0,0,0,0,0,2,0,2,0,0,0,0,897
GSE206325_1144_Post,0,6,5,3,0,0,1,3,2,7,2,0,0,1,0,0,2,0,10,4,5,6,1,17,14,9,7,9,45,94,35,53,0,25,49,4,24,34,1,0,0,0,0,0,0,0,0,0,0,0,0,0,0,0,0,0,0,0,0,0,0,0,0,0,0,0,0,0,0,0,0,0,0,0,0,0,8,6,0,3,12,1,0,0,0,2,0,0,8,3,0,0,0,0,2,0,1,0,1,0,1,3,0,0,2,0,0,1,0,702
GSE206325_1145_Post,0,51,47,29,0,0,10,47,24,38,5,0,1,5,0,2,2,0,16,11,26,25,13,71,31,52,32,34,226,354,188,219,1,125,140,42,112,159,3,1,2,1,2,0,0,3,0,0,2,3,0,2,0,0,0,0,0,0,0,0,0,0,0,0,0,0,0,0,0,0,0,0,0,0,0,0,1,1,0,0,3,0,0,0,0,0,2,0,5,0,0,0,1,0,1,0,1,0,0,0,0,0,0,0,0,0,1,0,0,962
GSE206325_1148_Post,2,5,1,7,0,0,2,11,4,10,1,0,0,1,0,0,2,0,13,1,5,8,4,25,10,16,11,8,66,74,49,54,0,28,46,10,23,36,0,0,0,0,0,0,0,0,0,0,0,0,0,0,0,0,0,0,0,0,0,0,0,0,0,0,0,0,0,0,0,0,0,0,0,1,0,0,8,4,0,1,14,0,0,0,0,2,0,0,6,1,0,1,1,0,1,0,1,0,0,0,0,0,1,0,0,0,0,0,0,583
GSE206325_1149_Post,1,17,19,2,0,0,3,13,5,13,1,0,1,0,0,0,4,0,10,3,13,14,8,27,14,17,16,15,88,143,59,84,0,52,81,15,35,70,0,0,0,0,0,0,0,0,0,0,0,0,0,0,0,0,0,0,0,0,0,0,0,0,0,0,0,0,0,0,0,0,0,0,0,0,0,0,3,1,0,0,4,0,0,0,0,0,0,0,2,0,0,1,0,0,0,0,1,0,0,0,0,1,0,0,0,0,0,0,0,382
GSE206325_1150_Post,0,32,27,11,1,0,3,35,4,29,5,0,2,0,0,0,2,1,12,3,7,5,4,20,14,23,12,11,87,115,65,63,1,38,67,15,52,51,0,0,0,0,0,0,1,0,0,0,0,0,0,0,0,0,0,0,0,0,0,0,0,0,0,0,0,0,0,0,0,0,0,0,0,0,0,0,0,0,0,1,2,0,0,0,0,0,0,0,4,1,0,0,0,0,0,0,0,0,0,0,0,1,0,0,1,0,0,0,1,406
GSE206325_1153_Post,0,13,4,1,0,1,1,2,2,7,0,0,1,2,0,0,1,0,8,4,2,10,7,24,7,12,5,11,48,100,32,49,1,29,49,11,40,32,0,0,0,0,0,0,0,0,0,0,0,0,0,1,0,0,0,0,0,0,0,0,0,0,0,0,0,0,0,0,0,0,0,0,0,0,1,1,11,7,0,2,15,0,0,0,0,1,2,0,8,1,0,0,0,0,1,1,1,0,0,0,1,2,0,1,1,0,0,0,1,654
GSE206325_1154_Post,1,18,20,7,0,0,4,19,3,24,3,1,0,2,0,0,3,0,9,3,4,11,5,28,13,17,15,20,79,174,68,72,3,51,76,14,49,53,0,0,0,0,0,0,0,1,0,0,0,1,0,0,0,0,0,0,1,0,0,0,0,0,0,0,0,0,0,0,0,0,0,0,0,0,0,0,1,1,0,1,3,0,0,0,0,0,0,0,1,1,1,0,0,0,1,0,0,0,0,0,1,2,0,0,0,0,0,0,0,416
GSE206325_1155_Post,0,34,30,13,1,1,5,35,12,29,5,0,1,4,0,0,4,1,11,5,12,12,6,29,15,18,13,6,87,132,78,77,1,41,62,10,40,66,0,0,0,0,0,0,0,0,0,0,0,0,0,0,0,0,0,0,2,0,0,0,0,0,0,0,0,0,0,0,0,0,0,0,0,0,0,0,1,2,0,1,5,0,0,0,0,0,0,0,3,0,0,0,0,0,0,1,0,0,0,0,0,0,1,0,2,0,0,0,0,386
GSE206325_1158_Post,0,15,10,0,0,0,0,10,2,8,0,0,0,2,0,0,4,2,7,2,6,8,4,16,15,12,10,15,61,100,42,67,0,43,52,15,44,48,0,0,0,0,0,0,0,0,0,0,0,0,0,0,0,0,0,0,0,0,0,0,0,0,0,0,0,0,0,0,0,0,0,0,0,1,0,0,6,5,0,1,15,1,0,0,0,2,0,0,5,1,0,0,0,0,0,0,1,0,0,0,0,0,1,0,0,0,1,0,1,721
GSE206325_1159_Post,0,27,14,8,0,0,3,22,9,36,5,0,0,6,0,0,2,0,9,8,15,9,13,34,22,27,13,11,113,194,105,85,0,57,91,12,34,66,0,0,0,0,0,0,0,0,0,0,0,0,0,0,0,0,0,0,0,0,0,0,0,0,0,0,0,0,0,0,0,0,0,0,0,0,0,0,1,0,0,0,4,0,0,0,0,1,0,0,4,0,0,0,1,0,0,0,0,0,0,0,0,0,2,0,4,0,0,0,0,456
GSE206325_1160_Post,2,35,43,11,0,2,7,28,12,40,10,0,1,2,0,1,2,0,7,7,13,11,3,43,12,34,13,11,72,155,75,73,0,59,92,24,36,64,0,0,0,0,0,0,0,0,0,0,0,0,0,0,0,0,0,0,1,0,0,0,0,0,0,0,0,0,0,0,0,0,0,0,0,0,0,0,1,2,0,0,3,0,0,0,0,0,0,0,3,1,0,0,0,1,0,1,0,0,0,0,0,2,1,0,1,0,1,0,0,498
GSE206325_1163_Post,0,8,4,3,0,0,1,13,1,4,1,0,1,2,0,0,0,0,8,6,6,6,3,18,7,24,8,11,62,84,40,41,1,34,50,12,33,30,0,0,0,0,0,0,0,0,0,0,0,0,0,0,0,0,0,0,0,0,0,0,0,0,0,0,0,0,0,0,0,0,0,0,0,1,0,0,10,10,0,1,12,0,0,0,0,2,0,0,2,1,0,2,0,0,0,0,0,0,0,0,0,0,2,0,1,0,1,0,0,691
GSE206325_1164_Post,0,19,28,7,0,0,8,22,7,15,2,0,0,6,0,0,2,1,14,4,8,9,5,38,15,20,14,22,96,170,74,104,1,42,79,33,53,84,0,0,0,0,0,0,0,0,0,0,0,0,0,0,0,0,0,0,0,0,0,0,0,0,0,0,0,0,0,0,0,0,0,0,0,0,0,0,1,1,0,2,2,0,0,0,0,1,0,0,5,1,0,0,1,1,0,0,2,0,0,0,1,0,0,0,2,0,0,0,0,441
GSE206325_1165_Post,0,46,25,15,0,2,3,26,12,26,5,1,1,2,0,0,2,0,6,4,10,10,6,39,7,18,11,17,99,128,81,83,1,46,82,10,55,58,0,0,0,0,0,0,0,0,0,0,0,0,0,0,0,0,0,0,0,0,0,0,0,0,0,0,0,0,0,0,0,0,0,0,0,0,0,0,0,1,0,0,2,0,0,0,0,0,0,0,4,1,0,0,0,1,2,0,0,2,1,0,0,4,2,0,1,0,1,0,0,399
GSE206325_1168_Post,0,6,5,2,0,0,1,11,1,2,2,0,0,0,0,0,4,0,5,0,9,2,2,14,5,14,8,6,55,80,31,58,0,17,36,14,35,34,0,0,0,0,0,0,0,0,0,0,0,0,0,1,0,0,0,0,0,0,0,0,0,0,0,0,0,0,0,0,0,0,0,0,0,0,1,0,5,6,0,0,15,1,0,0,0,3,1,0,5,1,0,0,0,1,0,0,2,0,0,0,0,0,1,0,2,1,1,1,0,513
GSE206325_1169_Post,0,22,17,5,0,0,1,20,7,14,4,0,1,2,0,0,1,0,9,2,8,9,5,31,17,15,11,16,81,115,66,57,1,45,64,16,41,55,0,0,0,0,0,0,0,0,0,0,0,0,0,0,0,0,0,0,0,0,0,0,0,0,0,0,0,0,0,0,0,0,0,0,0,0,0,0,1,0,0,0,4,0,0,0,0,0,0,0,6,1,0,0,0,0,0,0,0,0,0,0,0,1,2,0,1,0,0,0,0,353
GSE206325_1170_Post,1,18,22,12,0,0,5,20,4,28,5,0,2,3,0,0,0,0,4,4,7,12,2,22,9,24,6,15,67,111,63,70,0,30,50,13,35,53,0,0,1,0,0,0,0,0,0,0,0,0,0,0,0,0,0,0,0,0,0,0,0,0,0,0,0,0,0,0,0,0,0,0,0,0,0,0,0,0,0,0,2,0,0,0,0,1,0,0,6,0,0,0,0,0,0,0,0,0,0,0,0,1,0,0,1,0,0,0,0,338
GSE206325_1173_Post,0,10,11,4,0,0,0,11,5,11,1,0,0,0,0,0,0,0,9,5,6,5,2,21,10,10,8,15,60,106,37,68,0,25,43,9,26,40,0,0,0,0,0,0,0,0,0,0,0,0,0,0,0,0,0,0,0,0,0,0,0,0,0,0,0,0,0,0,0,0,0,0,0,1,0,1,6,8,1,0,11,0,0,0,0,2,1,0,8,0,0,0,0,4,0,0,1,0,0,0,0,2,1,0,2,0,1,0,0,672
GSE206325_1174_Post,1,20,18,7,0,2,6,15,7,26,6,0,0,1,0,1,3,0,9,4,8,6,8,46,8,25,11,20,92,141,90,71,3,59,79,23,51,52,0,0,1,0,0,0,0,0,0,0,0,0,0,0,0,0,0,0,1,0,0,0,0,0,0,0,0,0,0,0,0,0,0,0,0,0,0,0,2,0,0,1,3,0,0,0,0,0,0,0,1,1,0,0,1,1,1,0,2,0,0,0,0,1,1,0,2,0,1,0,0,445
GSE206325_1175_Post,1,42,34,11,1,1,4,28,14,29,2,0,1,4,0,0,1,1,9,4,9,13,6,37,6,18,12,12,97,167,58,84,1,47,85,19,51,67,0,0,0,0,0,0,0,0,0,0,0,0,0,0,0,0,0,0,0,0,0,0,0,0,0,0,0,0,0,0,0,0,0,0,0,0,0,0,2,2,0,0,0,0,0,0,0,0,0,0,5,0,0,0,0,0,0,0,1,0,0,0,0,2,1,0,0,0,1,0,0,417
GSE206325_1178_Post,0,12,12,5,0,0,1,7,2,12,3,0,0,2,0,0,3,1,2,2,9,5,5,26,8,15,15,10,57,108,47,58,3,33,46,8,28,41,0,0,0,0,0,0,0,0,0,0,0,0,0,0,0,0,0,0,0,0,0,0,0,0,0,0,0,0,0,0,0,0,0,0,0,0,0,1,9,4,0,3,13,1,0,0,0,1,1,0,6,0,0,0,0,0,0,1,0,1,0,0,0,1,0,0,3,0,2,0,0,714
GSE206325_1179_Post,0,10,13,3,0,0,1,9,4,11,4,0,0,1,0,0,3,0,2,1,8,11,4,19,8,15,9,14,74,133,53,59,1,48,60,15,28,61,0,0,0,0,0,0,0,0,0,0,0,0,0,1,0,0,0,0,0,0,0,0,0,0,0,0,0,0,0,0,0,0,0,0,0,0,0,0,0,2,0,0,3,0,0,0,0,0,0,0,0,0,0,0,1,0,0,0,0,0,0,0,0,1,0,0,0,0,0,0,0,379
GSE206325_1180_Post,0,12,14,4,0,0,0,9,5,15,0,1,0,2,0,0,3,0,7,8,13,15,4,36,22,25,20,22,120,171,80,121,1,58,91,24,45,78,0,0,1,1,0,0,0,0,0,0,1,0,0,0,0,0,0,0,0,0,0,0,0,0,0,0,0,0,0,0,0,0,0,0,0,0,0,0,1,2,0,0,1,0,0,0,0,1,0,0,9,0,0,0,0,1,1,0,0,0,0,0,0,2,4,0,2,1,0,0,0,549
GSE206325_1183_Post,2,13,13,6,0,0,1,10,3,11,3,0,0,2,0,0,1,0,7,4,7,7,2,17,8,17,11,16,70,96,46,50,1,33,58,10,38,40,0,1,0,0,0,0,0,1,0,0,1,0,0,1,0,0,0,0,0,0,0,0,0,0,0,0,0,0,0,0,0,0,0,0,0,0,0,0,9,3,0,2,7,0,0,0,0,4,2,0,9,1,1,0,0,2,1,0,1,0,0,0,0,3,0,0,1,0,0,0,1,608
GSE206325_1184_Post,0,9,5,4,0,0,0,10,3,5,0,0,0,0,0,0,0,0,10,9,11,7,4,38,15,18,10,14,84,130,68,69,0,43,59,13,33,66,0,0,0,0,0,0,0,0,0,0,0,0,0,0,0,0,0,0,0,0,0,0,0,0,0,0,0,0,0,0,0,0,0,0,0,1,0,0,3,3,0,1,3,0,0,0,0,2,1,0,1,0,0,0,0,0,0,0,0,0,0,0,0,0,0,0,0,0,0,0,0,388
GSE206325_1185_Post,0,10,15,3,0,0,1,9,3,6,1,0,0,1,0,0,1,2,5,4,19,13,5,37,13,26,18,20,119,154,67,94,0,71,102,19,59,86,0,0,0,0,0,0,0,0,0,0,0,0,0,0,0,0,0,0,0,0,0,0,0,0,0,0,0,0,0,0,0,0,0,0,0,0,0,0,1,0,0,1,2,0,0,0,0,0,0,0,9,2,0,0,1,1,0,1,0,0,0,0,2,2,0,0,2,1,0,0,0,639
GSE206325_1188_Post,0,18,12,5,0,0,2,8,3,13,4,0,0,2,0,0,4,0,9,1,5,12,0,20,11,22,10,14,58,106,45,64,1,38,51,18,35,60,0,2,0,0,3,0,0,1,0,0,0,0,1,0,0,0,0,0,1,0,0,0,0,0,0,0,0,0,0,0,0,0,1,0,0,2,0,0,3,7,0,2,11,1,0,0,0,2,0,0,2,0,0,0,0,1,0,0,2,0,0,0,0,2,0,0,1,0,0,0,0,624
GSE206325_1189_Post,0,22,15,7,0,0,1,16,4,10,0,0,0,1,0,0,2,0,6,3,16,5,2,18,10,19,9,13,72,117,69,63,0,54,65,14,39,48,0,0,0,0,0,0,0,0,0,0,0,0,0,2,0,0,0,0,0,0,0,0,0,0,0,0,0,0,0,0,0,0,0,0,0,0,0,0,1,1,0,0,6,0,0,0,0,0,1,0,3,0,0,1,0,0,0,0,0,0,0,0,0,0,0,0,0,0,0,0,0,377
GSE206325_1190_Post,1,8,8,7,0,0,2,4,6,6,1,0,0,0,0,0,2,0,12,7,16,25,10,45,12,40,16,26,118,168,92,100,0,77,84,24,66,72,0,0,0,0,0,0,0,0,1,0,0,0,0,0,0,0,0,0,0,0,0,0,0,0,0,0,0,0,0,0,0,0,0,0,0,0,0,0,1,1,0,1,4,0,0,0,0,0,0,0,5,0,0,1,0,2,0,1,0,0,0,1,1,0,1,1,1,0,0,0,1,575
GSE206325_1193_Post,0,11,17,6,0,0,4,11,3,11,4,0,0,1,0,0,1,0,6,3,5,11,5,23,7,16,7,6,59,107,45,48,0,33,46,14,30,35,0,0,1,1,0,0,0,0,0,0,0,1,0,1,0,0,0,0,1,0,0,0,0,0,0,0,0,0,0,0,0,0,0,0,0,1,0,0,5,3,0,1,10,0,0,0,0,2,2,0,4,0,1,0,0,0,2,0,1,0,0,0,1,2,1,0,0,0,0,0,0,582
GSE206325_1194_Post,1,12,15,4,0,0,3,13,5,13,1,0,0,1,0,0,3,1,6,4,6,17,2,30,9,22,8,11,68,127,65,60,0,42,55,18,43,57,0,0,0,0,0,0,0,0,0,0,1,0,0,0,0,0,0,0,1,0,0,0,0,0,0,0,0,0,0,0,0,0,0,0,0,0,0,0,3,1,0,0,2,0,0,0,0,0,0,0,1,0,0,0,0,0,0,0,0,0,0,0,0,0,0,1,2,0,0,0,0,386
GSE206325_1195_Post,0,13,9,4,0,0,0,7,6,15,1,0,0,0,0,0,3,1,13,4,12,9,8,50,16,27,27,20,101,191,87,110,1,68,106,27,42,78,0,0,0,0,0,0,0,0,0,0,0,0,0,0,0,0,0,0,0,0,0,0,0,0,0,0,0,0,0,0,0,0,0,0,0,0,0,0,3,1,0,0,1,0,0,0,0,0,0,0,4,0,0,0,0,0,0,0,1,0,0,0,0,1,0,0,1,0,1,0,1,557
GSE206325_1198_Post,0,10,18,7,0,1,4,9,3,11,5,0,0,1,0,0,2,0,6,5,12,8,2,19,12,18,10,6,66,107,53,58,0,37,54,10,39,36,0,0,0,1,1,0,1,0,0,0,1,1,1,0,0,0,0,0,0,0,0,0,0,0,0,0,0,0,0,0,0,0,1,0,0,2,0,0,11,9,0,2,11,0,0,0,0,5,2,0,4,0,0,1,1,0,0,0,2,0,0,0,1,1,0,0,1,1,0,0,0,656
GSE206325_1199_Post,2,7,11,5,0,0,3,13,6,11,4,1,0,1,0,0,2,0,8,5,14,9,3,33,8,18,9,15,88,124,57,72,1,45,68,14,25,70,0,1,0,0,0,0,1,0,0,0,0,0,0,0,0,0,0,0,1,0,0,0,0,0,0,0,0,0,0,0,0,0,0,0,0,0,0,0,0,3,0,0,1,0,0,0,0,2,1,0,1,0,0,1,0,0,0,0,0,1,0,0,0,1,1,0,0,0,0,0,0,408
GSE206325_1200_Post,0,6,21,2,0,0,0,7,5,6,2,0,0,0,0,1,1,0,13,3,15,13,9,46,26,26,17,22,95,167,82,128,0,57,104,25,60,95,1,0,0,0,0,0,0,0,0,0,0,1,0,0,0,0,0,0,0,0,0,0,0,0,0,0,0,0,0,0,0,0,0,0,0,0,0,0,1,1,0,1,0,0,0,0,0,0,0,0,9,2,0,0,0,0,1,0,4,0,0,0,0,4,2,0,2,0,0,0,0,591
GSE206325_1203_Post,1,15,9,4,0,0,2,10,3,15,1,0,1,2,0,1,2,0,6,3,6,8,7,23,14,16,7,6,55,103,74,66,1,34,52,13,32,50,0,0,1,0,0,0,0,0,0,0,1,0,0,0,0,0,0,0,0,0,0,0,0,0,0,0,0,0,0,0,0,0,0,0,0,0,0,0,7,11,0,1,19,0,0,0,0,3,0,0,5,1,0,0,0,1,2,0,2,0,0,0,1,1,1,0,1,0,0,0,0,725
GSE206325_1204_Post,0,16,13,1,0,0,2,13,6,20,1,0,0,3,0,0,2,0,5,3,11,11,6,31,12,19,13,15,102,128,60,71,0,59,49,20,38,59,1,0,0,0,0,0,0,0,0,0,0,0,0,0,0,0,0,0,0,0,0,0,0,0,0,0,0,0,0,0,0,0,0,0,0,0,0,0,3,0,0,0,3,0,0,0,0,0,0,0,3,0,0,0,1,0,0,0,0,0,0,0,0,0,0,0,0,0,0,0,0,420
GSE206325_1205_Post,0,7,13,7,0,0,3,9,8,14,2,0,0,1,0,0,6,0,13,2,16,12,8,49,21,34,15,12,139,227,92,103,1,68,104,23,76,84,0,0,0,0,0,0,0,0,0,0,0,0,0,0,0,0,0,0,0,0,0,0,0,0,0,0,0,0,0,0,0,0,0,0,0,0,0,0,2,1,0,0,3,0,0,0,0,0,0,0,8,3,0,1,0,1,0,0,1,0,0,0,0,1,1,0,1,0,0,0,0,607
GSE206325_1208_Post,1,31,27,9,0,1,4,22,8,28,5,0,0,3,0,1,3,1,28,15,26,21,13,76,31,51,29,20,224,308,180,195,0,105,145,47,106,143,0,1,0,0,0,0,0,0,0,0,1,0,0,0,0,0,0,0,0,0,0,0,0,0,0,0,0,0,0,0,0,0,0,0,0,0,0,0,3,5,0,0,3,0,0,0,0,0,0,0,16,1,0,0,0,0,0,1,3,0,0,0,0,2,3,0,3,1,3,1,0,1057
GSE206325_1209_Post,0,29,21,8,0,0,4,25,11,25,6,0,0,2,0,1,3,1,22,11,26,17,7,59,21,47,14,29,164,231,120,138,2,82,113,24,77,103,2,3,0,0,1,0,0,1,0,1,0,1,0,2,0,0,0,0,0,0,0,0,0,0,0,0,0,0,0,0,0,0,0,0,0,2,0,0,18,22,0,3,40,3,0,0,0,11,2,0,7,1,2,2,0,1,2,0,3,0,0,0,0,5,2,0,2,0,2,0,1,1724
GSE206325_1212_Post,0,15,16,17,0,1,6,24,6,21,6,0,0,2,0,0,4,0,15,10,18,20,7,67,23,34,26,21,170,237,140,161,0,102,133,18,94,111,1,0,0,0,0,0,0,0,0,0,0,1,0,0,0,0,0,0,0,0,0,0,0,0,0,0,0,0,0,0,0,0,0,0,1,0,0,0,1,4,0,1,3,0,0,0,0,1,1,0,4,0,1,0,1,1,0,0,1,1,0,0,1,1,1,0,3,0,2,1,0,824
GSE206325_1213_Post,3,26,27,10,2,0,3,25,10,25,6,0,0,4,0,0,7,1,8,4,14,14,3,47,17,35,14,19,112,189,102,89,0,77,98,26,68,96,0,1,1,1,0,0,1,0,1,0,2,2,0,1,0,0,0,0,0,0,0,0,0,0,0,0,0,0,0,0,0,0,0,0,0,1,0,0,10,8,0,1,37,1,0,0,0,6,4,0,11,2,1,0,1,1,2,1,1,0,1,0,0,2,2,0,2,0,2,0,0,1435
GSE206325_1216_Post,1,19,22,6,0,0,4,19,11,25,5,3,1,2,0,2,7,0,18,4,18,15,7,53,18,34,21,17,162,254,134,129,0,89,140,42,90,119,1,0,0,0,0,0,1,1,0,1,0,1,1,1,0,0,0,0,0,0,0,0,0,0,0,0,0,0,0,0,0,0,0,0,0,0,0,0,3,3,0,0,9,0,0,0,0,2,0,0,4,1,0,0,0,1,0,0,3,0,1,0,1,1,4,0,2,0,2,0,0,774
GSE206325_1217_Post,0,18,30,10,0,1,3,23,7,28,4,0,0,1,0,0,2,0,13,1,12,23,3,54,15,29,19,15,128,184,104,104,1,60,91,18,59,62,0,0,0,0,0,0,0,1,0,0,0,0,0,0,0,0,0,0,0,0,0,0,0,0,0,0,0,0,0,0,0,0,0,0,0,1,0,0,12,16,0,0,35,0,0,0,0,11,1,0,10,2,0,1,0,0,0,0,4,0,0,0,0,2,3,0,4,0,1,0,1,1385
GSE206325_1220_Post,2,20,26,10,0,0,3,21,11,19,3,1,1,0,0,0,3,1,23,8,18,18,6,68,29,51,26,28,159,255,128,148,3,84,122,31,78,121,0,0,1,1,0,0,1,1,0,0,1,0,0,1,0,0,0,0,0,0,0,0,0,0,0,0,0,0,0,0,0,0,0,0,0,0,0,0,1,2,0,0,5,1,0,0,0,1,0,0,5,0,1,0,0,1,1,1,2,0,0,0,1,0,1,0,3,0,2,0,1,889
GSE206325_1221_Post,0,21,20,4,1,0,3,20,6,26,7,0,1,1,0,0,2,3,13,3,17,23,5,42,24,31,27,21,116,189,125,113,0,77,94,31,55,72,0,0,1,0,0,0,0,0,1,0,0,0,0,0,0,0,0,0,0,0,0,0,0,0,0,0,0,0,0,0,0,0,0,0,0,1,0,0,15,10,0,3,41,1,0,0,0,5,3,0,10,1,1,1,0,1,0,1,1,1,2,0,2,0,1,1,1,0,0,0,2,1334
GSE206325_1224_Post,0,26,19,11,0,0,2,23,8,16,7,0,2,1,0,0,5,0,16,10,25,21,10,65,22,37,21,22,152,254,145,166,0,88,155,41,97,117,0,0,0,0,0,0,1,0,0,0,1,0,0,0,0,0,0,0,0,0,0,0,0,0,0,0,0,0,0,0,0,0,0,0,0,0,0,0,2,5,0,0,5,0,0,0,0,1,0,0,3,0,1,1,0,1,0,1,1,0,1,0,0,4,2,0,2,0,0,0,0,954
GSE206325_1225_Post,0,21,28,11,0,0,1,22,15,14,4,0,0,1,0,1,1,0,8,5,15,12,12,47,21,30,17,16,120,216,84,111,1,69,89,28,61,93,0,2,0,1,0,2,1,0,0,0,1,0,0,1,0,0,0,0,0,0,0,0,0,0,0,0,0,0,0,0,0,0,0,0,0,1,1,0,17,12,1,3,41,0,0,0,0,5,2,0,9,3,0,0,0,1,0,0,2,0,1,0,1,4,1,0,4,0,0,1,0,1477
GSE206325_1228_Post,1,14,26,11,0,1,2,23,11,27,5,0,0,2,0,0,4,0,14,8,13,20,11,53,28,35,18,20,148,286,141,171,0,86,124,34,104,115,0,0,0,0,0,0,0,0,0,0,0,2,0,1,0,0,0,0,0,0,0,0,0,0,0,0,0,0,0,0,0,0,0,0,0,0,0,0,1,4,0,0,6,0,0,0,0,3,0,0,5,2,2,1,1,1,0,0,0,0,0,0,0,1,2,0,0,0,2,0,1,870
GSE206325_1229_Post,2,23,20,11,0,0,6,23,10,21,7,0,0,2,0,1,1,1,9,3,11,10,7,53,13,38,21,15,144,176,91,98,1,61,99,29,59,78,0,1,0,0,0,0,1,0,0,0,2,1,0,1,0,0,0,0,0,0,0,0,0,0,0,0,0,0,0,0,0,0,0,0,0,2,0,0,19,19,0,3,28,0,0,0,0,11,2,0,11,1,1,0,0,1,0,0,5,0,0,0,0,2,2,0,3,1,2,0,1,1403
GSE206325_1306_Post,0,1,2,2,1,0,0,0,2,1,2,0,0,0,0,0,0,0,7,0,2,2,4,10,6,11,4,6,30,39,20,12,0,13,22,5,12,19,2,0,0,0,0,0,0,0,0,0,1,1,0,0,0,0,0,0,0,0,0,0,0,0,0,0,0,0,0,0,0,0,0,0,0,0,0,0,0,0,0,0,0,0,0,0,0,0,0,0,4,0,0,0,0,1,0,1,1,0,0,0,0,0,0,0,0,0,1,0,0,166
GSE206325_1307_Post,0,10,6,5,0,1,2,9,6,4,5,0,1,2,0,0,0,0,3,2,3,2,3,22,4,18,8,10,50,80,38,39,0,23,35,16,36,37,0,0,0,0,0,0,0,0,0,0,0,0,0,0,0,0,0,0,0,0,0,0,0,0,0,0,0,0,0,0,0,0,0,0,0,0,0,0,0,0,0,0,0,0,0,0,0,0,0,0,2,0,0,0,0,0,1,0,0,0,0,0,0,0,0,0,0,0,0,0,0,160
GSE206325_1308_Post,1,21,29,16,0,0,6,24,17,22,7,2,0,2,0,0,1,1,5,4,3,1,3,22,5,16,12,10,51,83,44,57,0,29,39,10,25,40,0,0,0,0,0,0,0,0,0,0,0,0,0,0,0,0,0,0,0,0,0,0,0,0,0,0,0,0,0,0,0,0,0,0,0,0,0,0,0,0,0,0,0,0,0,0,0,0,0,0,1,1,0,0,1,0,0,0,0,0,0,0,0,1,0,0,1,0,0,0,0,258
GSE206325_1311_Post,1,1,5,0,0,0,0,4,0,3,0,0,0,1,0,0,0,0,6,2,3,3,2,9,10,6,3,4,25,40,24,26,0,16,19,6,12,17,1,1,0,0,0,0,0,0,0,0,0,0,0,0,0,0,0,0,0,0,0,0,0,0,0,0,0,0,0,0,0,0,0,0,0,0,0,0,0,1,0,0,1,0,0,0,0,0,1,0,4,0,0,0,0,0,0,0,1,0,0,0,0,2,2,0,1,0,1,0,1,162
GSE206325_1312_Post,1,6,9,2,0,0,0,3,0,6,2,0,0,1,0,0,1,1,2,2,5,8,1,17,8,17,8,12,46,88,42,43,2,32,49,7,27,38,0,0,0,0,0,0,0,0,0,0,0,0,0,0,0,0,0,0,0,0,0,0,0,0,0,0,0,0,0,0,0,0,0,0,0,0,0,0,0,0,0,0,0,0,0,0,0,0,0,0,2,0,0,0,0,0,0,0,0,0,0,0,0,0,0,0,0,0,0,0,0,185
GSE206325_1313_Post,2,49,38,11,0,0,10,35,14,24,9,0,1,7,0,0,2,0,5,3,7,8,5,24,8,11,11,5,50,94,35,47,0,27,48,5,43,36,0,0,0,0,0,0,0,0,0,0,0,0,0,0,0,0,0,0,0,0,0,0,0,0,0,0,0,0,0,0,0,0,0,0,0,0,0,0,0,0,0,0,0,0,0,0,0,0,0,0,2,1,0,0,0,1,0,0,0,0,0,0,0,1,0,0,0,0,0,0,0,258
GSE206325_1316_Post,0,1,1,0,0,0,1,2,1,1,0,0,0,0,0,0,0,0,3,2,3,4,3,10,3,11,5,3,26,52,17,24,0,14,20,8,17,22,0,0,0,0,1,0,0,0,0,0,0,1,0,0,0,0,0,0,0,0,0,0,0,0,0,0,0,0,0,0,0,0,0,0,0,0,0,0,0,1,0,0,0,0,0,0,0,0,0,0,1,0,1,0,0,1,0,0,0,0,0,0,0,1,1,0,0,0,0,0,0,190
GSE206325_1317_Post,1,7,5,0,0,0,0,7,1,4,1,0,1,1,0,0,0,0,5,4,6,7,1,26,3,15,4,12,62,81,46,45,0,23,41,17,35,24,0,0,0,0,0,0,0,0,0,0,0,0,0,0,0,0,0,0,0,0,0,0,0,0,0,0,0,0,0,0,0,0,0,0,0,0,0,0,0,0,0,0,0,0,0,0,0,0,0,0,4,0,0,0,0,0,0,0,0,0,0,0,0,1,1,0,0,0,0,0,0,208
GSE206325_1318_Post,3,45,35,10,0,0,1,34,17,38,10,0,1,7,0,1,4,0,4,4,8,5,3,21,19,17,7,4,59,99,42,55,0,35,47,12,42,45,0,0,0,0,0,0,0,0,0,0,0,1,0,0,0,0,0,0,0,0,0,0,0,0,0,0,0,0,0,0,0,0,0,0,0,0,0,0,0,0,0,0,0,0,0,0,0,1,0,0,0,0,0,0,0,0,0,0,0,0,0,0,1,0,3,0,0,0,0,0,0,272
GSE206325_1321_Post,0,2,1,0,0,0,0,2,1,4,2,0,0,4,0,0,3,0,3,1,3,2,3,7,5,6,4,3,24,47,17,18,0,15,29,4,12,20,0,0,0,0,0,0,0,1,0,0,0,0,0,1,0,0,0,0,0,0,0,0,0,0,0,0,0,0,0,0,0,0,0,0,0,0,0,0,1,1,0,0,1,0,0,0,1,0,0,0,2,0,1,0,0,0,1,0,1,0,0,0,0,0,0,0,1,0,0,0,0,196
GSE206325_1322_Post,0,9,8,4,0,0,1,7,3,7,0,1,2,2,0,0,1,1,3,2,5,4,4,18,5,10,5,8,58,89,41,41,1,28,35,8,31,40,0,0,0,0,0,0,0,0,0,0,0,0,0,0,0,0,0,0,0,0,0,0,0,0,0,0,0,0,0,0,0,0,0,0,0,0,0,0,0,0,0,0,0,0,0,0,0,0,0,0,1,0,0,0,0,1,0,0,0,0,0,0,0,0,1,0,0,0,1,0,0,214
GSE206325_1323_Post,1,44,36,6,0,0,5,45,19,41,7,0,0,6,0,0,3,0,4,4,5,6,1,24,8,19,6,12,74,86,52,47,0,26,47,9,34,46,0,0,0,0,0,0,0,0,0,0,0,0,0,0,0,0,0,0,0,0,0,0,0,0,0,0,0,0,0,0,0,0,0,0,0,0,0,0,0,0,0,0,0,0,0,0,0,0,0,0,4,0,0,0,0,0,0,1,0,0,0,0,1,1,0,0,1,0,0,0,0,239
GSE206325_1326_Post,0,2,0,0,0,0,1,2,1,1,1,0,0,0,0,0,3,0,4,0,2,5,1,14,5,13,5,7,28,39,27,31,0,14,21,2,12,27,0,0,0,0,1,0,0,0,0,0,0,0,0,0,0,0,0,0,0,0,0,0,0,0,0,0,0,0,0,0,0,0,0,0,0,0,0,0,1,0,0,0,0,0,0,0,0,2,0,0,4,1,0,0,0,0,0,0,0,0,0,0,0,1,0,1,0,0,2,0,1,215
GSE206325_1327_Post,0,7,5,1,0,0,0,5,5,2,0,0,0,5,0,0,1,2,4,4,7,5,2,16,7,20,7,9,62,77,42,39,0,36,33,16,27,28,0,0,0,0,0,0,0,0,0,0,0,0,0,0,0,0,0,0,0,0,0,0,0,0,0,0,0,0,0,0,0,0,0,0,0,0,0,0,0,0,0,0,1,0,0,0,0,0,0,0,2,0,0,0,0,0,0,0,0,0,0,0,0,0,0,0,0,0,1,0,0,189
GSE206325_1328_Post,2,48,31,11,0,0,3,30,8,34,9,0,2,4,0,1,1,0,9,6,9,4,2,20,18,15,12,9,79,113,38,56,0,29,66,8,34,44,0,0,0,0,0,0,0,0,0,0,0,0,0,0,0,0,0,0,0,0,0,0,0,0,0,0,0,0,0,0,0,0,0,0,0,0,0,0,0,0,0,0,0,0,0,0,0,0,0,0,5,0,0,0,0,0,0,1,1,0,0,0,0,0,1,0,0,0,0,0,0,287
GSE206325_1331_Post,0,1,2,1,0,0,0,4,0,3,0,0,1,2,0,0,1,1,3,2,5,5,1,10,4,10,7,7,33,40,14,34,0,11,28,2,15,26,0,1,0,0,0,1,0,0,0,0,0,0,0,0,0,0,0,0,0,0,0,0,0,0,0,0,0,0,0,0,0,0,0,0,0,0,0,0,0,0,0,0,0,0,0,0,0,0,0,0,2,0,0,0,0,2,0,0,0,0,0,0,0,0,1,0,0,0,0,0,1,191
GSE206325_1332_Post,0,8,4,5,0,0,0,6,3,3,2,0,0,1,0,0,1,0,6,0,7,10,4,16,9,12,7,10,54,78,44,52,0,37,40,10,32,35,0,0,0,0,0,0,0,0,0,0,0,0,0,0,0,0,0,0,0,0,0,0,0,0,0,0,0,0,0,0,0,0,0,0,0,0,0,0,0,0,0,0,0,0,0,0,0,0,0,0,1,0,0,0,0,1,0,0,0,0,0,0,0,0,1,0,0,0,0,0,0,195
GSE206325_1333_Post,2,39,39,18,0,1,9,33,17,32,8,1,2,6,0,0,2,2,8,1,8,7,8,30,9,18,13,11,52,94,60,51,0,22,51,13,31,45,0,0,0,0,0,0,0,0,0,0,0,0,0,0,0,0,0,0,0,0,0,0,0,0,0,0,0,0,0,0,0,0,0,0,0,0,0,0,0,0,0,0,0,0,0,0,0,0,0,0,3,1,0,0,0,0,0,0,0,0,0,0,0,0,0,0,0,0,0,0,0,255
GSE206325_1336_Post,0,0,0,1,0,0,0,4,1,0,0,0,0,1,0,1,0,0,5,3,8,7,7,27,10,25,5,10,66,104,50,67,0,31,56,15,36,47,11,10,13,6,11,3,7,4,4,2,11,23,3,15,0,0,0,0,34,0,0,0,0,0,0,0,0,0,0,0,0,0,0,0,0,0,0,0,1,0,0,1,4,0,0,0,0,1,0,0,24,8,3,1,0,1,3,1,5,1,0,1,1,8,6,1,8,1,3,0,0,1351
GSE206325_1337_Post,0,22,22,3,0,0,4,7,2,10,1,0,0,8,0,1,0,0,7,4,3,10,2,33,15,20,8,10,87,128,61,64,0,58,64,12,50,56,0,3,4,0,3,0,3,1,1,1,5,3,0,1,0,0,0,0,7,0,0,0,0,0,0,0,0,0,0,0,0,0,0,0,0,1,0,0,7,2,0,3,8,0,0,0,0,4,0,0,24,3,2,1,0,4,2,0,1,0,1,0,0,2,1,1,7,2,2,0,1,1018
GSE206325_1340_Post,0,1,2,2,0,0,0,2,2,2,0,0,0,0,0,0,0,1,6,3,8,7,4,34,14,20,10,10,61,99,62,75,0,38,61,17,38,53,12,7,10,9,12,7,11,4,7,3,12,14,2,17,0,1,0,0,33,0,0,0,0,0,0,0,0,0,0,0,0,0,1,0,1,0,0,0,3,3,0,1,3,1,0,0,0,1,0,0,36,3,2,4,1,4,1,2,8,0,0,2,1,3,4,0,8,2,4,0,0,1444
GSE206325_1341_Post,0,18,17,7,1,0,3,12,10,20,3,1,0,1,0,0,1,1,8,9,12,3,3,22,9,29,15,14,89,143,59,74,0,47,65,23,35,72,3,1,3,1,1,2,1,2,2,1,2,4,1,5,0,0,0,0,7,0,0,0,0,0,0,0,0,0,0,0,0,0,0,0,0,1,0,0,6,9,0,2,14,0,0,0,0,2,1,0,24,5,1,1,1,1,0,3,3,1,1,0,1,3,3,0,5,1,4,1,1,1124
GSE206325_1344_Post,0,1,3,0,0,0,1,4,1,0,1,0,0,0,0,0,3,0,7,2,9,7,3,20,6,20,4,9,50,104,47,46,0,27,51,12,34,34,10,10,13,6,15,3,12,2,7,2,6,20,1,8,0,0,0,0,34,0,0,0,0,0,1,0,0,0,0,0,0,0,0,0,1,1,0,0,4,2,0,0,6,0,0,0,0,2,0,0,34,4,2,2,0,3,0,0,5,0,0,0,2,2,10,1,1,2,1,0,0,1248
GSE206325_1345_Post,0,16,12,9,0,0,2,14,6,6,2,0,0,0,0,0,0,0,7,2,10,6,0,26,9,24,12,9,54,98,49,60,1,34,56,20,47,62,2,2,1,1,2,0,3,1,1,0,2,3,0,3,0,0,0,0,3,0,0,0,0,0,0,0,0,1,0,0,0,0,0,0,1,0,0,0,4,5,0,2,18,0,0,0,0,2,0,0,15,1,2,1,0,1,1,4,4,0,0,0,1,1,6,0,2,0,2,0,0,916
GSE206325_1348_Post,0,3,1,1,0,0,0,0,1,1,0,0,0,0,0,0,1,0,2,6,6,10,1,19,8,17,7,8,56,86,50,62,0,29,47,20,38,42,7,9,7,5,12,5,14,6,7,5,8,11,6,13,0,0,0,0,24,0,0,0,0,0,0,0,0,0,0,0,0,0,1,0,1,0,0,0,3,0,0,1,5,0,0,0,0,4,1,0,24,9,0,1,1,2,2,1,5,0,1,0,1,8,4,0,6,2,4,0,1,1357
GSE206325_1349_Post,0,17,17,2,1,0,1,14,7,18,5,0,0,1,0,0,4,0,6,5,10,7,2,19,10,18,14,9,63,117,77,57,0,33,38,14,44,59,0,2,2,0,4,0,1,5,1,1,0,1,1,3,0,0,0,0,5,0,0,0,0,0,0,0,0,0,0,0,0,0,0,0,0,1,0,0,5,2,0,0,12,0,0,0,0,1,1,0,21,2,1,1,1,1,1,0,7,0,1,0,2,0,4,0,7,4,7,0,0,955
GSE206325_1352_Post,0,2,0,0,0,0,2,0,1,1,1,0,0,0,0,0,1,1,9,3,6,10,4,17,9,20,11,8,71,109,49,64,1,36,56,12,24,40,8,10,12,10,11,3,8,3,5,3,10,18,1,10,0,1,0,0,25,0,0,0,0,0,0,0,0,0,0,0,0,0,0,0,1,2,0,0,1,3,0,0,4,0,0,0,0,1,0,0,28,5,0,2,0,3,3,2,4,1,1,1,3,9,7,0,3,0,5,0,2,1309
GSE206325_1353_Post,0,20,14,3,0,0,6,13,6,13,0,0,1,1,0,0,2,1,4,1,8,8,6,29,16,16,10,16,86,139,70,66,0,33,57,10,37,48,1,0,3,1,4,1,0,1,1,0,2,2,1,3,0,0,0,0,4,0,0,0,0,0,0,0,0,0,0,0,0,0,0,0,0,0,0,0,4,8,0,1,11,0,0,0,0,1,0,0,18,1,1,2,0,5,2,0,7,0,1,0,0,6,4,0,2,0,2,0,1,963
GSE206325_1356_Post,0,1,0,2,0,0,1,0,0,3,0,0,0,0,0,0,1,0,3,2,8,4,1,14,6,11,10,4,46,75,28,40,0,30,33,8,22,36,4,6,6,6,13,1,8,5,12,4,3,15,3,9,0,0,0,0,20,0,0,0,0,0,0,0,0,0,0,0,0,0,0,0,0,0,0,0,0,0,0,0,3,1,0,0,0,1,0,0,26,4,1,1,0,1,1,2,5,0,0,0,0,5,5,0,5,2,2,0,3,978
GSE206325_1357_Post,1,13,14,8,0,0,3,17,6,9,6,0,0,0,0,0,1,0,3,3,7,6,2,18,9,5,7,18,52,75,38,52,1,35,39,11,28,42,2,1,0,3,2,0,3,0,1,0,1,4,1,3,0,0,0,0,3,0,0,0,0,0,0,0,0,0,0,0,0,0,0,0,0,0,0,0,5,2,0,0,5,0,0,0,0,2,0,0,15,3,1,0,0,2,2,0,2,0,0,0,1,1,4,0,4,0,0,0,0,715
GSE206325_1360_Post,1,4,4,1,0,0,0,5,3,6,2,0,0,1,0,0,0,0,5,2,14,6,1,29,5,11,4,13,59,89,47,53,0,30,49,14,24,46,0,0,0,0,0,0,0,2,1,0,0,0,1,2,0,0,0,0,0,0,0,0,0,0,0,0,0,0,0,0,0,0,0,0,0,0,0,0,3,2,0,0,3,0,0,0,0,1,0,0,5,1,1,0,0,2,0,0,1,0,0,0,0,1,0,0,1,0,0,0,0,379
GSE206325_1361_Post,1,14,23,5,0,0,3,16,4,15,5,0,0,0,0,0,1,1,8,3,14,13,5,35,16,29,19,25,114,166,78,95,1,55,90,17,62,81,0,0,2,1,3,0,1,0,0,0,0,2,0,4,0,0,0,0,0,0,0,0,0,0,0,0,0,0,0,0,0,0,0,0,0,0,0,0,1,1,0,0,1,0,0,0,0,0,0,0,23,1,2,2,0,3,1,0,4,0,0,0,1,4,3,0,3,1,4,0,1,702
GSE206325_1364_Post,2,2,3,2,0,0,0,7,1,4,0,1,0,0,0,0,3,0,2,0,4,5,2,14,5,4,8,5,32,50,28,33,0,16,28,4,20,23,0,0,0,1,0,0,0,0,0,0,0,0,0,0,0,0,0,0,0,0,0,0,0,0,0,0,0,0,0,0,0,0,0,0,0,0,0,0,1,2,0,1,0,0,0,0,0,0,0,0,4,0,1,1,1,0,0,0,0,0,0,0,1,1,0,0,0,0,0,0,0,270
GSE206325_1365_Post,0,10,12,10,0,0,2,8,2,7,3,0,0,0,0,0,1,1,4,0,5,8,3,28,14,9,13,8,52,90,45,53,0,31,45,10,29,37,0,0,0,0,1,0,1,1,0,1,1,1,2,0,0,0,0,0,1,0,0,0,0,0,0,0,0,0,0,0,0,0,0,0,0,0,0,0,0,0,0,0,2,0,0,0,0,0,0,0,10,4,1,0,0,0,0,0,1,0,0,0,0,1,0,0,3,0,3,0,0,388
GSE206325_1368_Post,0,8,9,3,0,0,0,4,4,3,1,0,0,0,0,0,1,0,10,4,8,8,2,19,15,16,9,8,68,116,56,74,1,46,56,14,33,56,0,1,0,0,0,0,1,0,0,0,0,0,1,0,0,0,0,0,0,0,0,0,0,0,0,0,0,0,0,0,0,0,0,0,0,1,0,0,3,1,0,0,4,0,0,0,0,1,0,0,5,1,0,1,0,0,0,0,0,0,0,0,2,0,3,0,2,0,1,0,0,485
GSE206325_1369_Post,1,21,16,7,0,0,5,13,5,5,3,0,0,0,0,0,2,1,5,4,8,11,8,31,18,25,11,12,118,179,83,88,0,55,72,19,49,78,2,0,2,0,1,1,1,0,0,2,1,4,0,0,0,0,0,0,1,0,0,0,0,0,0,0,0,0,0,0,0,0,0,0,0,0,0,0,1,0,0,0,2,0,0,0,0,0,1,0,24,2,1,1,0,4,1,0,8,1,0,0,2,3,6,0,0,1,0,0,0,748
GSE206325_1372_Post,0,6,9,4,0,0,1,4,2,5,0,0,0,0,0,0,3,0,6,4,8,6,5,28,13,15,6,8,65,131,52,56,0,32,55,11,40,42,0,0,0,1,0,0,0,0,1,0,1,0,1,2,0,0,0,0,0,0,0,0,0,0,0,0,0,0,0,0,0,0,0,0,0,0,0,0,5,3,0,0,4,1,0,0,0,1,0,0,14,3,1,1,0,0,0,0,0,0,0,1,0,1,2,0,1,0,0,0,0,545
GSE206325_1373_Post,0,24,25,5,0,0,1,21,10,30,3,0,0,0,0,0,5,0,13,9,18,10,7,40,27,42,19,13,119,202,98,108,0,58,95,23,72,80,2,0,5,1,0,0,0,2,0,1,0,1,0,2,0,0,0,0,1,0,0,0,0,0,0,0,0,0,0,0,0,0,0,0,0,0,0,0,0,0,0,1,6,1,0,0,0,1,0,0,20,2,2,0,0,5,1,0,3,0,1,0,2,6,4,0,4,0,0,0,0,860
GSE206325_1376_Post,0,7,8,1,0,0,2,3,3,7,2,0,0,0,0,0,2,1,9,2,10,5,4,35,5,24,9,9,78,107,67,71,0,43,57,17,37,49,0,0,0,0,2,0,0,1,0,0,0,1,0,0,0,0,0,0,0,0,0,0,0,0,0,0,0,0,0,0,0,0,0,0,0,1,0,0,1,1,0,0,2,0,0,0,0,0,0,0,5,0,0,1,0,1,1,1,0,0,1,0,0,3,3,0,1,0,4,0,1,512
GSE206325_1377_Post,1,24,17,5,0,0,3,23,10,10,0,0,0,2,0,0,0,0,12,11,15,13,10,56,23,38,19,14,131,185,106,97,2,64,92,27,63,87,2,1,1,0,5,0,0,0,1,0,2,0,0,0,0,0,0,0,0,0,0,0,0,0,0,0,0,0,0,0,0,0,0,0,0,0,0,0,2,1,0,0,1,0,0,0,0,1,0,0,26,0,0,2,1,1,1,1,6,0,0,0,1,2,0,0,1,1,3,0,2,836
GSE206325_1380_Post,0,3,9,2,0,0,1,6,3,5,1,0,0,1,0,0,0,0,5,3,6,7,4,24,14,16,11,13,70,117,53,67,0,47,53,8,45,59,0,1,0,1,2,0,0,1,0,0,0,0,1,1,0,0,0,0,0,0,0,0,0,0,0,0,0,0,0,0,0,0,0,0,0,0,0,0,3,0,0,0,1,0,0,0,0,0,0,0,7,0,0,0,0,0,0,1,1,0,0,0,0,1,1,1,2,0,0,0,0,497
GSE206325_1381_Post,1,18,23,6,0,0,5,13,6,14,4,0,0,0,0,3,2,0,7,7,18,12,4,44,28,27,22,15,142,179,88,107,0,64,87,22,74,104,3,2,0,0,3,0,0,0,0,1,1,1,1,2,0,0,0,0,0,0,0,0,0,0,0,0,0,0,0,0,0,0,0,0,0,0,0,0,0,0,0,0,2,0,0,0,0,0,0,0,20,3,1,2,1,2,0,2,0,1,1,0,1,5,4,0,5,0,3,1,2,848
GSE206325_1481_Post,0,2,5,3,0,0,0,4,1,1,0,0,0,1,0,0,0,0,0,1,1,1,1,11,8,7,2,3,33,48,22,18,0,17,29,6,9,16,1,0,0,0,0,0,2,0,1,1,0,1,0,4,0,0,0,0,1,0,0,0,0,0,0,0,0,0,0,0,0,0,0,0,0,0,0,0,0,0,0,0,1,0,0,0,0,0,0,0,2,0,0,1,0,0,0,0,0,0,0,0,0,0,0,0,0,0,0,0,0,188
GSE206325_1482_Post,0,1,4,0,0,0,0,1,0,4,0,0,0,0,0,0,0,0,0,0,0,0,0,1,0,0,0,2,1,2,2,1,1,0,1,0,2,1,1,1,6,4,5,3,7,6,7,2,4,6,2,8,0,0,0,0,6,0,0,0,0,0,0,0,0,0,0,0,0,0,0,0,1,0,0,0,0,0,0,0,0,0,0,0,0,0,0,0,10,0,0,0,1,3,0,0,1,0,0,0,1,2,1,0,2,1,0,0,0,410
GSE206325_1483_Post,0,0,0,0,0,0,1,0,0,0,0,0,0,0,0,0,2,0,0,1,1,0,0,1,2,4,0,2,3,9,4,3,0,4,2,2,3,5,0,1,5,0,5,0,0,1,0,1,3,4,2,3,0,0,0,0,7,0,0,0,0,0,0,0,0,0,0,0,0,0,0,0,1,0,0,0,0,0,0,0,0,0,0,0,0,0,0,0,8,0,0,0,0,1,0,0,2,0,0,0,0,2,2,0,3,0,3,1,1,261
GSE206325_1486_Post,0,1,2,0,0,0,0,2,1,2,0,0,0,0,0,0,0,0,3,0,4,1,2,10,2,8,3,3,19,46,20,15,0,12,28,3,10,16,2,0,0,1,3,0,0,1,0,0,0,2,0,2,0,0,0,0,1,0,0,0,0,0,0,0,0,0,0,0,0,0,0,0,0,0,0,0,0,1,0,0,0,0,0,0,0,0,0,0,1,1,0,0,0,0,0,0,0,0,0,0,0,0,0,0,0,0,0,0,0,169
GSE206325_1487_Post,0,3,1,0,0,0,0,2,1,1,0,0,0,0,0,0,0,0,0,0,0,0,0,0,2,0,1,0,2,0,1,1,0,0,0,0,0,0,5,4,8,5,6,2,5,2,3,3,6,9,1,12,0,0,0,0,2,0,0,0,0,0,0,0,0,0,0,0,0,0,0,0,0,0,0,0,1,0,0,0,0,0,0,0,0,0,0,0,8,3,1,1,1,0,2,0,2,1,1,0,0,5,1,0,1,0,1,0,0,447
GSE206325_1488_Post,0,0,0,0,0,0,0,0,0,0,0,0,0,0,0,0,0,0,0,0,0,0,0,1,2,3,1,0,4,11,6,4,0,3,5,2,6,1,6,2,1,1,4,1,1,1,0,4,3,3,2,6,0,0,0,0,6,0,0,0,0,0,0,0,0,0,0,0,0,0,0,0,0,0,0,0,0,0,0,0,0,0,0,0,0,1,0,0,2,4,1,0,1,5,1,0,0,0,0,0,1,3,3,0,2,0,2,0,1,263
GSE206325_1491_Post,0,1,2,2,0,0,0,2,1,2,0,0,0,0,0,0,0,0,4,0,4,4,1,14,0,4,3,7,34,43,27,20,1,21,20,5,15,25,1,0,2,3,3,1,1,1,1,1,1,2,0,1,0,0,0,0,1,0,0,0,0,0,0,0,0,0,0,0,0,0,0,0,0,0,0,0,0,0,0,1,0,0,0,0,0,1,0,0,1,0,0,0,0,0,0,0,0,0,0,0,0,0,0,0,0,0,0,0,0,203
GSE206325_1492_Post,0,2,1,0,0,0,0,1,0,1,0,0,0,0,0,0,0,0,0,0,0,0,0,1,0,0,0,0,4,5,0,0,0,1,0,1,1,3,7,5,4,4,5,1,9,5,6,3,6,10,1,6,0,0,0,0,2,0,0,0,0,0,0,0,0,0,0,0,0,0,0,0,0,0,0,0,0,0,0,0,0,0,0,0,0,0,0,0,14,0,1,1,0,2,2,0,5,0,1,0,2,3,2,0,0,0,0,0,1,477
GSE206325_1493_Post,0,1,0,0,0,0,0,0,0,0,0,0,0,0,0,0,0,0,0,0,0,0,0,1,0,1,0,1,9,8,3,4,0,5,6,2,2,3,2,6,4,2,9,0,3,1,2,0,2,3,2,4,0,0,0,0,6,0,0,0,0,0,0,0,0,0,1,0,0,0,0,0,1,0,0,0,0,0,0,0,1,0,0,0,0,0,0,0,11,1,2,0,0,1,2,0,2,0,0,0,0,1,0,0,2,0,1,0,2,312
GSE206325_1496_Post,0,5,2,0,0,0,0,8,1,2,0,0,0,0,0,0,0,0,3,5,4,3,1,12,4,4,6,5,22,42,26,29,0,16,22,4,12,19,0,3,3,1,3,1,1,1,1,1,2,0,1,0,0,0,0,0,2,0,0,0,0,0,0,0,0,0,0,0,0,0,0,0,0,0,0,0,0,1,0,0,1,0,0,0,0,0,0,0,0,1,0,0,0,0,0,0,0,0,0,0,0,1,1,0,0,0,1,0,0,201
GSE206325_1497_Post,0,3,2,1,0,0,0,2,0,1,0,0,0,0,0,0,1,0,0,0,0,0,0,0,0,0,1,1,0,2,1,1,1,0,1,0,1,1,7,6,6,1,8,0,9,2,4,3,1,10,2,4,0,0,0,0,6,0,0,0,0,0,0,0,0,0,0,0,0,0,0,0,0,0,0,0,0,0,0,0,0,0,0,0,0,0,0,0,5,2,2,0,1,1,0,1,1,0,0,0,1,4,3,1,3,0,1,0,0,556
GSE206325_1498_Post,0,0,0,0,0,0,0,0,0,1,0,0,0,0,0,0,1,0,0,0,0,0,3,2,3,0,1,0,9,15,7,5,0,4,4,1,6,5,1,5,4,1,6,0,4,3,4,1,2,2,0,5,0,0,0,0,8,0,0,0,0,0,0,0,0,0,0,0,0,0,0,0,0,0,0,0,0,0,0,0,0,0,0,0,0,0,0,0,12,4,0,0,1,2,0,2,2,0,0,0,0,0,1,0,1,2,0,0,0,340
GSE206325_1501_Post,0,0,1,1,0,0,0,2,1,3,0,0,0,0,0,0,1,0,0,2,0,4,0,7,9,9,5,8,34,46,30,26,0,14,31,5,24,21,2,4,2,1,0,0,0,1,1,0,2,7,0,2,0,0,0,0,0,0,0,0,0,0,0,0,0,0,0,0,0,0,0,0,0,0,0,0,0,1,0,0,0,0,0,0,0,0,0,0,4,0,0,0,0,0,0,0,0,0,0,0,0,0,1,0,0,0,0,0,0,189
GSE206325_1502_Post,0,6,2,0,0,0,0,3,3,1,1,0,0,0,0,0,0,0,1,0,0,2,0,2,0,0,0,1,3,1,2,0,0,1,3,0,0,1,6,3,6,3,8,1,8,1,4,4,9,7,4,7,0,0,0,0,1,0,0,0,0,0,0,0,0,0,0,0,0,0,0,0,0,0,0,0,1,0,0,0,0,0,0,0,0,0,0,0,13,2,0,0,0,0,2,1,5,1,0,0,2,1,9,0,1,1,3,0,0,584
GSE206325_1503_Post,0,0,0,0,0,0,0,0,0,0,0,0,0,0,0,0,0,0,0,1,0,1,1,1,1,3,0,2,6,14,7,8,1,5,5,0,5,2,0,1,5,1,4,1,1,3,3,2,4,4,0,1,0,0,0,0,10,0,0,0,0,0,0,0,0,0,0,0,0,0,1,0,0,0,0,0,0,0,0,0,0,0,0,0,0,0,0,0,11,0,2,1,0,2,3,2,3,0,0,0,1,2,2,1,2,0,1,0,2,319
GSE206325_1506_Post,0,1,4,0,0,0,1,1,0,0,1,0,0,0,0,1,1,0,2,1,2,3,0,12,3,9,3,5,28,44,27,22,0,13,15,8,12,25,1,2,1,2,0,1,0,0,0,2,1,2,0,3,0,0,0,0,1,0,0,0,0,0,0,0,0,0,0,0,0,0,0,0,0,0,0,0,0,0,0,0,0,0,0,0,0,1,0,0,4,0,0,0,0,0,0,1,0,0,0,0,0,0,0,0,0,0,0,0,0,203
GSE206325_1507_Post,0,4,3,0,0,0,0,1,2,3,1,0,0,1,0,0,0,0,0,0,0,0,0,1,0,0,0,0,4,1,0,2,0,1,4,0,2,0,6,4,10,1,9,3,7,6,6,5,10,7,3,5,0,0,0,0,2,0,0,0,0,0,0,0,0,0,0,0,0,0,0,0,0,0,0,0,0,0,0,0,0,0,0,0,0,0,0,0,10,3,1,1,0,2,1,2,1,0,1,0,1,3,2,0,2,0,3,0,1,557
GSE206325_1508_Post,0,1,1,0,0,0,0,0,0,0,0,0,0,0,0,0,1,0,1,0,1,0,0,0,1,3,2,0,9,17,4,3,0,0,11,2,8,3,2,2,3,2,4,1,4,2,1,1,2,2,0,0,0,0,0,0,6,0,0,0,0,0,0,0,0,0,0,0,0,0,0,0,0,0,0,0,0,0,0,0,0,0,0,0,0,0,0,0,10,1,0,1,0,1,0,0,4,1,0,0,2,0,3,1,1,0,1,0,1,316
GSE206325_1511_Post,2,45,29,7,1,0,5,23,10,21,8,0,0,1,0,0,7,2,25,16,27,31,12,81,32,68,40,46,276,419,197,236,1,154,215,68,117,189,2,0,3,1,5,2,3,1,1,0,3,3,0,4,0,0,0,0,7,0,0,0,0,0,0,0,0,0,0,0,0,0,0,0,0,4,0,0,24,23,1,6,61,3,1,0,0,12,4,0,21,6,3,0,1,3,3,1,4,0,1,0,1,5,2,0,4,2,2,0,1,2718
GSE206325_1512_Post,0,14,5,4,0,0,2,8,2,9,0,0,0,0,0,0,3,0,3,2,8,4,3,18,4,15,11,8,74,99,41,48,1,26,53,16,33,50,11,4,15,11,11,6,10,3,3,2,6,10,5,9,0,0,0,0,1,0,0,0,0,0,0,0,0,0,0,0,0,0,0,0,0,0,0,0,2,3,0,0,4,0,0,0,0,0,0,0,32,6,2,2,1,2,2,1,6,0,0,0,3,6,3,0,6,1,1,0,0,1196
GSE206325_1513_Post,0,34,29,7,1,0,2,27,5,19,5,1,0,1,0,0,0,0,4,1,3,4,6,6,6,8,3,6,27,34,23,19,0,9,28,4,11,12,1,3,1,4,5,0,2,1,2,1,7,2,3,3,0,0,0,0,4,0,0,0,0,0,0,0,0,1,0,0,0,0,0,0,0,0,0,0,0,1,0,1,3,0,0,0,0,0,0,0,14,4,0,0,2,1,1,1,4,0,2,0,4,2,4,1,5,0,2,0,0,542
GSE206325_1516_Post,0,26,38,9,0,1,1,31,7,26,2,0,1,0,0,0,5,2,23,17,30,26,11,101,52,75,37,41,256,417,179,225,1,130,198,57,132,193,2,4,1,2,2,0,4,1,4,1,2,4,0,1,0,0,0,0,5,0,0,0,0,0,0,0,0,0,0,0,0,0,0,0,0,3,0,0,28,33,0,8,53,0,0,0,0,14,2,0,25,3,4,1,1,1,0,1,4,0,1,1,6,7,3,0,5,0,2,0,0,2615
GSE206325_1517_Post,0,9,9,3,0,0,1,4,3,9,2,0,1,0,0,0,2,0,10,3,3,6,6,20,9,20,10,7,67,102,50,45,0,25,47,14,36,40,6,3,10,3,6,0,10,1,4,1,4,10,4,11,0,0,0,0,2,0,0,0,0,0,0,0,0,0,0,0,0,0,0,0,0,0,0,0,0,2,0,0,8,0,0,0,0,0,0,0,39,3,1,2,2,3,0,3,2,1,1,0,2,8,2,0,8,1,3,0,1,1144
GSE206325_1518_Post,0,26,25,8,0,1,7,18,6,25,5,0,0,2,0,0,0,0,0,1,3,1,1,9,6,10,1,1,19,27,25,25,0,13,19,3,10,16,2,0,2,1,1,0,3,0,1,0,0,3,0,4,0,0,0,0,1,0,0,0,0,0,0,0,0,0,0,0,0,0,0,0,0,0,0,0,2,0,0,0,2,0,0,0,0,0,0,0,12,1,0,0,0,2,0,0,7,0,0,0,2,5,3,0,3,2,0,0,0,515
GSE206325_1521_Post,1,40,36,13,0,0,4,30,14,36,6,0,0,0,0,0,6,3,23,13,24,31,11,78,27,79,44,36,256,409,226,255,0,157,192,56,140,192,0,3,5,0,0,0,2,2,2,0,0,2,1,4,0,0,0,0,8,0,0,0,0,0,0,0,0,0,0,0,0,0,0,0,0,3,0,0,26,18,0,6,64,2,0,0,0,17,0,0,22,2,2,0,2,3,2,0,4,0,1,0,0,4,8,1,7,0,1,0,0,2724
GSE206325_1522_Post,1,9,17,4,0,0,0,8,4,11,2,0,0,1,0,1,4,0,3,3,3,7,3,22,9,12,6,8,91,92,69,57,0,32,38,13,27,39,5,9,4,7,6,3,9,2,0,1,7,14,1,12,0,0,0,0,0,0,0,0,0,0,0,0,0,0,0,0,0,0,0,0,0,1,0,0,2,3,0,0,4,0,0,0,0,2,0,0,29,1,0,2,0,4,1,4,5,0,0,0,2,4,4,2,4,0,0,0,3,1142
GSE206325_1523_Post,1,33,29,11,0,0,5,28,5,22,6,0,0,2,0,0,1,0,1,0,2,6,1,5,6,3,2,2,30,37,19,23,0,10,19,3,11,13,1,1,1,2,2,0,3,3,1,0,3,1,2,2,0,0,0,0,1,0,0,0,0,0,0,0,0,0,0,0,0,0,0,0,0,0,0,0,2,0,0,0,2,0,0,0,0,0,0,0,6,2,0,0,0,2,0,2,2,0,0,0,1,2,3,0,4,0,2,0,1,487
GSE206325_1526_Post,2,30,30,16,0,0,6,22,13,32,4,0,1,2,0,2,9,0,23,17,26,29,12,78,44,68,43,61,297,382,200,247,2,134,190,53,145,177,3,3,1,3,2,0,1,0,0,2,1,2,2,3,0,0,0,0,5,0,0,0,0,0,0,0,0,0,0,0,0,0,0,0,0,0,0,0,30,23,0,1,61,1,0,0,0,14,0,0,16,2,3,2,1,2,1,0,2,1,0,0,0,3,6,0,6,1,2,1,2,2633
GSE206325_1527_Post,0,11,5,2,0,0,1,10,2,5,1,0,0,0,0,0,2,0,5,5,9,5,1,18,14,10,8,10,68,93,43,54,0,35,49,11,38,41,6,4,7,4,5,2,10,3,6,5,14,10,2,16,0,0,0,0,0,0,0,0,0,0,0,0,0,0,0,0,0,0,0,0,0,0,0,0,3,4,0,0,2,0,0,0,0,1,0,0,36,3,4,1,1,6,2,1,4,0,0,0,3,11,6,0,4,1,3,0,1,1211
GSE206325_1528_Post,0,15,20,7,0,0,0,22,6,20,4,0,0,3,0,0,0,0,6,1,1,1,1,2,7,9,3,3,19,41,17,18,0,14,29,7,17,16,4,2,3,0,3,1,1,1,3,0,2,2,0,3,0,0,0,0,6,0,0,0,0,0,0,0,0,0,0,0,0,0,0,0,0,0,0,0,2,2,0,0,3,0,0,0,0,0,0,0,16,3,1,1,0,3,1,0,1,1,0,0,1,1,6,1,4,0,2,0,1,524
GSE206325_1531_Post,0,10,15,4,0,0,1,8,1,8,3,0,0,0,0,0,1,3,13,2,15,11,5,24,16,22,17,10,87,119,57,69,0,50,52,16,34,53,2,0,0,0,2,0,0,1,0,1,1,0,1,3,0,0,0,0,2,0,0,0,0,0,0,0,0,0,0,0,0,0,0,0,1,0,0,0,10,10,0,0,16,1,0,0,0,4,3,0,2,1,1,0,0,0,0,0,2,0,1,0,0,0,3,1,1,0,0,0,0,901
GSE206325_1532_Post,0,4,2,0,0,0,0,3,1,1,1,0,0,0,0,0,0,0,6,0,1,4,1,10,3,2,5,2,16,29,15,16,0,12,13,6,14,9,5,3,4,2,5,0,6,2,2,1,3,3,1,7,0,0,0,0,1,0,0,0,0,0,0,0,0,0,0,0,0,0,0,0,0,0,0,0,1,2,0,1,0,0,0,0,0,1,0,0,9,0,0,0,0,0,0,0,2,0,0,0,0,1,1,1,1,0,0,0,1,429
GSE206325_1533_Post,0,4,8,1,0,0,1,6,3,4,2,0,0,1,0,0,2,0,0,1,1,0,1,1,0,2,0,2,6,11,3,3,0,5,1,0,2,8,1,1,0,0,2,0,0,0,0,0,0,1,0,0,0,0,0,0,0,0,0,0,0,0,0,0,0,0,0,0,0,0,0,0,0,0,0,0,0,0,0,0,0,0,0,0,0,0,0,0,9,0,1,0,0,0,0,0,1,0,0,0,1,1,2,0,0,0,2,0,0,146
GSE206325_1536_Post,0,38,28,11,0,0,4,29,15,28,3,0,0,1,0,1,1,1,27,13,25,29,19,112,47,77,45,41,290,495,238,263,3,160,241,61,130,211,3,4,7,1,4,0,3,1,1,3,3,5,1,2,0,0,0,0,4,0,0,0,0,0,0,0,0,0,0,0,0,0,0,0,0,1,0,1,15,29,0,2,67,3,0,0,0,13,3,0,20,2,2,1,1,2,2,0,2,0,1,0,1,1,1,0,0,0,0,0,2,2932
GSE206325_1537_Post,0,6,7,3,0,0,2,7,5,9,2,1,0,0,0,0,1,0,9,4,5,9,5,20,10,18,4,11,65,120,56,58,0,30,46,8,39,48,4,11,9,4,7,2,7,4,7,3,12,12,4,7,0,0,0,0,0,0,0,0,0,0,0,0,0,0,0,0,0,0,0,0,0,0,0,0,3,1,0,0,8,0,0,0,0,0,1,0,29,2,1,3,2,4,1,1,5,0,0,0,2,5,3,0,6,1,2,1,1,1292
GSE206325_1538_Post,0,34,35,8,0,0,3,24,7,17,4,0,0,0,0,0,0,0,2,1,5,4,1,7,3,7,3,11,20,36,18,19,0,13,15,4,9,23,3,2,2,2,5,0,4,3,0,1,4,4,0,3,0,0,0,0,3,0,0,0,0,0,0,0,0,0,0,0,0,0,0,0,0,0,0,0,0,0,0,0,2,0,0,0,0,0,0,0,16,5,1,1,1,3,0,1,5,0,0,0,1,2,1,0,4,2,1,0,0,538
GSE206325_1541_Post,0,47,35,13,0,2,6,39,10,31,6,0,0,0,0,0,5,2,11,5,28,24,12,55,29,51,25,43,196,304,154,132,1,91,138,29,87,131,0,1,0,1,1,1,0,1,4,1,2,0,1,6,0,0,0,0,6,0,0,0,0,0,0,0,0,0,0,0,0,0,0,0,1,1,0,0,21,18,1,5,47,1,0,0,0,9,2,1,22,3,0,0,3,2,2,1,5,0,0,0,1,4,2,0,3,2,1,0,0,2008
GSE206325_1542_Post,0,41,40,12,0,2,5,44,14,44,13,0,1,4,0,0,7,2,31,13,25,38,13,88,35,50,40,47,254,371,192,204,0,135,169,52,132,181,0,0,0,0,0,0,0,0,0,0,0,0,0,0,0,0,0,0,0,0,0,0,0,0,0,0,0,0,0,0,0,0,0,0,0,0,0,0,1,2,0,0,1,0,0,0,0,1,0,0,5,0,1,0,0,0,1,0,1,0,0,0,0,1,1,0,1,0,1,0,0,1040
GSE206325_1545_Post,0,39,41,11,1,2,6,30,9,29,8,0,1,3,0,0,2,1,12,10,16,19,10,69,24,45,32,34,185,290,148,175,1,69,140,35,93,126,1,2,3,0,1,0,0,3,0,1,2,1,0,2,0,0,0,0,2,0,0,0,0,0,0,0,0,0,0,0,0,0,0,0,0,0,0,0,19,10,0,6,27,0,0,0,0,10,0,0,19,0,1,0,0,5,0,0,6,0,0,0,1,2,3,0,1,0,1,0,0,1767
GSE206325_1546_Post,2,35,32,10,0,0,5,36,15,43,7,0,1,4,0,0,7,1,20,10,30,27,14,90,48,65,39,34,257,359,184,196,3,141,181,43,109,148,1,0,0,0,0,0,0,0,0,0,0,0,0,0,0,0,0,0,1,0,0,0,0,0,0,0,0,0,0,0,0,0,0,0,0,0,0,0,0,1,0,0,1,0,0,0,0,1,0,0,11,1,0,1,0,1,0,0,0,0,0,0,0,2,0,0,0,0,2,0,0,938
GSE206325_1549_Post,1,28,31,24,0,1,5,34,14,22,5,0,1,5,0,1,6,0,19,13,17,13,8,67,23,53,41,35,189,280,142,169,0,90,111,27,81,125,2,3,3,1,0,0,5,0,0,2,1,5,1,1,0,0,0,0,6,0,0,0,0,0,0,0,0,0,0,0,0,0,0,0,0,1,0,1,16,16,0,3,36,1,0,0,0,12,1,0,18,1,2,1,0,3,1,0,2,1,0,0,0,1,6,0,1,1,2,0,0,1935
GSE206325_1550_Post,0,47,34,15,0,0,7,32,11,51,7,0,0,9,0,0,8,0,27,10,38,22,11,79,36,50,41,37,247,376,187,218,2,126,186,76,139,171,0,1,0,0,0,0,1,0,0,0,0,0,0,0,0,0,0,0,0,0,0,0,0,0,0,0,0,0,0,0,0,0,0,0,0,0,0,0,2,0,0,1,1,0,0,0,0,0,0,0,6,1,0,1,0,1,0,0,3,0,0,0,0,1,0,0,1,0,0,0,0,1030
GSE206325_1553_Post,1,38,42,15,1,0,6,34,9,31,8,0,1,7,0,1,5,0,20,11,12,25,9,61,31,47,36,21,182,274,120,154,0,108,142,37,99,127,0,1,1,1,1,2,3,1,2,1,1,2,0,4,0,0,0,0,3,0,0,0,0,0,0,0,0,0,0,0,0,0,0,0,0,0,0,0,12,20,0,3,35,0,0,0,0,11,0,0,17,1,1,1,1,1,1,2,3,0,0,0,0,6,3,0,7,2,1,0,2,1879
GSE206325_1554_Post,1,43,47,11,0,2,6,34,18,39,6,1,0,8,0,3,9,3,28,14,33,31,18,104,35,62,39,46,300,380,208,252,2,141,170,50,109,182,0,0,0,0,0,0,0,0,0,0,0,1,0,0,0,0,0,0,1,0,0,0,0,0,0,0,0,0,0,0,0,0,0,0,0,0,0,0,1,0,0,1,2,0,0,0,0,0,0,0,3,1,1,1,0,0,0,0,1,0,0,0,0,3,0,0,1,0,1,0,0,1022
GSE206325_1557_Post,0,26,34,16,0,0,4,22,15,32,2,0,2,5,0,0,4,0,19,12,13,22,6,45,25,57,20,29,163,269,120,169,0,82,125,55,85,112,1,6,1,4,4,0,2,1,1,1,2,2,0,1,0,0,0,0,3,0,0,0,0,0,0,0,0,0,0,0,0,0,0,0,1,1,0,0,16,14,0,6,40,0,0,0,0,6,4,0,21,3,3,0,0,5,0,0,5,2,0,0,1,5,3,0,4,1,1,0,1,1918
GSE206325_1558_Post,1,42,45,13,1,0,8,35,21,34,8,0,3,8,0,0,7,0,27,12,21,20,19,94,38,70,40,34,263,421,186,216,3,146,207,61,118,169,0,1,0,0,0,0,0,0,0,0,0,2,0,1,0,0,0,0,1,0,0,0,0,0,0,0,0,0,0,0,0,0,0,0,0,0,0,0,1,1,0,0,0,1,0,0,0,1,0,0,7,2,0,0,1,0,1,0,0,0,0,0,0,0,0,0,1,0,1,0,0,999
GSE206325_1561_Post,0,30,39,8,1,0,3,21,11,22,2,0,2,8,0,3,3,1,26,9,26,21,11,61,25,52,25,32,163,279,150,170,1,107,135,33,101,134,5,0,2,1,2,2,2,0,0,1,1,3,1,1,0,0,0,0,3,0,0,0,0,0,0,0,0,0,0,0,0,0,0,0,0,0,0,0,17,10,0,4,34,2,0,0,0,7,1,0,20,6,0,1,0,1,0,1,4,0,0,0,1,4,2,0,4,0,0,0,1,1868
GSE206325_1562_Post,1,54,45,11,1,2,10,26,13,37,11,0,0,11,0,1,3,0,20,17,31,23,17,87,36,64,29,32,230,410,221,239,0,135,203,37,129,155,0,0,0,0,0,0,1,0,0,0,1,0,0,0,0,0,0,0,1,0,0,0,0,0,0,0,0,0,0,0,0,0,0,0,0,0,0,0,0,0,0,0,0,0,0,0,0,0,0,0,5,0,2,1,0,0,0,0,2,0,0,0,1,2,0,0,1,0,2,0,0,963
GSE206325_1565_Post,0,32,41,8,0,0,6,26,19,24,4,0,1,8,0,2,2,1,10,11,25,13,12,55,23,53,33,31,189,296,129,161,0,92,135,32,91,133,4,1,1,1,3,0,4,4,0,0,3,2,0,2,0,0,0,0,5,0,0,0,0,0,0,0,0,0,0,0,0,0,0,0,0,4,0,0,18,15,0,4,31,2,0,0,0,7,1,1,10,5,4,1,1,2,0,0,4,0,0,1,2,8,2,0,3,0,2,0,0,1923
GSE206325_1566_Post,0,42,35,13,0,1,6,29,15,37,11,0,1,2,0,1,6,1,20,10,29,26,8,75,40,62,53,45,233,401,193,216,2,145,163,48,129,149,0,0,0,0,0,0,0,0,0,0,0,1,0,0,0,0,0,0,2,0,0,0,0,0,0,0,0,0,0,0,0,0,0,0,0,0,0,0,0,0,0,0,1,0,0,0,0,0,1,0,2,0,0,0,0,0,0,0,1,0,0,0,0,1,1,0,2,0,0,0,0,956
GSE206325_1569_Post,1,35,33,9,0,1,5,24,14,22,7,0,3,4,0,0,9,0,17,9,19,22,9,69,23,53,27,24,171,279,129,158,1,107,144,32,83,124,4,2,3,0,1,2,4,2,1,0,2,3,0,2,0,0,0,0,4,0,0,0,0,0,0,0,0,0,0,0,0,0,0,0,0,1,0,0,20,21,0,6,30,0,0,0,0,6,2,0,18,4,0,0,1,1,1,0,1,0,0,0,3,6,2,0,1,1,2,0,0,1870
GSE206325_1570_Post,3,50,42,13,0,0,6,33,13,41,9,0,0,5,0,0,5,0,41,10,26,26,19,88,45,57,38,32,250,405,190,229,0,122,161,48,115,180,0,0,0,0,0,0,0,0,0,0,1,0,0,0,0,0,0,0,1,0,0,0,0,0,0,0,0,0,0,0,0,0,0,0,0,0,0,1,1,1,0,0,5,1,0,0,0,0,0,0,8,0,0,2,0,2,1,0,1,0,0,0,0,0,2,1,2,0,0,0,0,1060
GSE206325_1573_Post,2,34,39,16,0,0,6,24,17,37,2,0,1,3,0,0,3,1,26,11,25,23,7,80,42,40,30,34,197,297,155,183,3,123,166,40,106,155,1,1,1,1,2,0,0,1,0,0,1,3,2,2,0,0,0,0,1,0,0,0,0,0,0,0,0,0,0,0,0,0,0,0,0,2,0,0,21,21,0,2,53,0,1,0,0,12,2,0,26,3,0,0,1,3,1,2,4,0,0,1,0,4,4,1,6,1,1,1,2,2478
GSE206325_1574_Post,3,57,40,20,0,2,7,46,21,43,6,0,0,2,0,1,11,5,35,19,44,32,22,118,56,80,51,52,337,539,252,307,1,202,284,75,187,244,0,0,0,1,1,0,0,1,1,0,0,0,0,2,0,0,0,0,1,0,0,0,0,0,0,0,0,0,0,0,0,0,0,0,0,0,0,0,6,3,0,1,15,1,0,0,0,5,0,0,39,5,1,0,0,5,3,2,5,0,0,0,3,8,3,2,3,2,2,0,1,2206
GSE206325_1577_Post,1,31,17,7,0,0,3,28,7,20,4,0,0,0,0,0,0,0,15,12,13,20,7,57,10,33,12,25,145,191,115,114,1,74,102,31,67,78,0,1,0,2,1,0,1,1,1,0,1,1,0,0,0,0,0,0,1,0,0,0,0,0,0,0,0,0,0,0,0,0,0,0,0,0,1,0,13,14,0,4,34,1,0,0,1,7,1,0,16,0,0,2,0,2,1,0,6,1,0,1,1,1,0,0,1,0,0,0,3,1732
GSE206325_1578_Post,0,31,22,10,1,0,4,22,15,21,1,0,2,2,0,0,7,3,20,14,29,18,17,74,42,36,28,31,217,360,169,204,1,108,187,36,110,134,2,0,0,0,0,0,0,0,1,0,0,0,0,1,0,0,0,0,0,0,0,0,0,0,0,0,0,0,0,0,0,0,0,0,0,1,0,0,3,2,0,1,4,0,0,0,0,0,0,0,24,1,1,0,0,1,2,0,4,0,0,0,1,2,4,0,1,0,4,0,0,1388
GSE206325_1581_Post,2,29,45,11,1,1,5,40,12,34,7,0,0,1,0,1,5,2,13,12,16,23,16,72,27,48,36,32,212,341,142,185,2,92,132,38,103,136,0,2,0,2,0,1,2,1,0,1,0,1,1,0,0,0,0,0,0,0,0,0,0,0,0,0,0,0,0,0,0,0,0,0,0,0,1,1,22,26,0,5,64,4,0,0,0,11,0,0,27,6,2,2,1,3,2,1,4,0,0,0,4,5,2,1,5,0,1,0,2,2369
GSE206325_1582_Post,1,60,50,12,0,0,4,41,13,48,7,0,2,1,0,2,12,0,32,14,28,28,19,116,49,94,40,45,327,538,239,297,3,190,286,67,181,208,0,1,1,0,1,0,0,0,0,0,2,2,0,0,0,0,0,0,0,0,0,0,0,0,0,0,0,0,0,0,0,0,0,0,0,0,0,0,2,4,0,1,9,0,0,0,0,0,0,0,40,6,4,1,0,3,2,1,8,0,1,0,0,9,4,1,7,0,4,0,2,2085
GSE206325_1585_Post,0,40,37,10,0,1,8,52,13,37,9,0,0,6,0,0,2,4,19,7,19,21,13,74,44,54,36,33,199,364,163,202,2,131,160,37,116,144,0,1,0,1,0,0,2,1,1,1,0,2,0,1,0,0,0,0,2,0,0,0,0,0,0,0,0,0,0,0,0,0,0,0,0,4,0,0,29,17,1,8,59,2,0,0,0,17,2,0,25,3,3,0,2,0,2,0,4,1,0,0,2,5,6,0,3,1,1,0,1,2606
GSE206325_1586_Post,1,47,51,19,1,1,5,45,15,32,8,1,2,4,0,1,8,1,37,13,34,50,17,132,66,91,50,49,334,569,307,368,2,207,268,78,166,249,0,0,1,1,0,0,0,0,0,0,0,1,0,0,0,0,0,0,1,0,0,0,0,0,0,0,0,0,0,0,0,0,0,0,0,0,0,0,5,5,0,1,15,0,0,0,0,1,0,0,32,9,4,3,2,4,0,0,5,0,0,0,1,8,6,1,9,1,5,0,2,2220
GSE206325_1589_Post,3,36,47,17,1,0,5,36,17,33,8,0,0,4,0,1,6,1,21,9,25,22,16,84,27,58,34,45,211,345,178,223,0,133,182,62,115,138,0,1,1,0,2,0,3,0,0,0,2,1,0,0,0,0,0,0,3,0,0,0,0,0,0,0,0,0,0,0,0,0,0,0,0,4,0,0,18,37,0,6,55,4,0,0,0,12,3,0,17,4,3,3,0,1,1,1,4,0,0,0,1,3,2,0,8,1,2,0,1,2647
GSE206325_1590_Post,0,51,49,18,1,0,5,38,15,40,2,0,1,2,0,2,12,1,42,20,37,37,20,147,74,98,53,48,339,599,320,285,2,187,292,79,179,271,2,1,0,0,1,0,1,2,0,0,1,1,0,0,0,0,0,0,0,0,0,0,0,0,0,0,0,0,0,0,0,0,0,0,0,0,0,1,1,7,0,0,8,0,0,0,0,6,2,0,42,6,0,4,1,9,1,2,6,0,1,0,0,7,4,1,11,1,4,1,0,2303
GSE206325_1593_Post,2,38,41,15,0,0,4,44,13,34,7,0,0,3,0,2,7,1,19,15,27,21,17,82,33,62,30,36,246,364,150,192,0,114,143,42,115,133,1,0,1,0,0,0,0,1,0,0,0,1,0,1,0,0,0,0,3,0,0,0,0,0,0,0,0,0,0,0,0,0,0,0,0,2,1,1,19,26,0,1,54,1,0,0,0,7,3,0,35,5,1,0,0,4,0,2,2,0,0,0,1,4,5,0,4,0,4,0,1,2552
GSE206325_1594_Post,2,66,39,15,2,1,10,46,16,34,9,0,1,8,0,0,8,2,26,19,39,41,26,116,51,77,53,68,379,540,301,295,2,151,251,69,192,262,1,0,1,0,0,0,1,1,0,0,0,1,0,2,0,0,0,0,2,0,0,0,0,0,0,0,0,0,0,0,0,0,0,0,0,0,0,0,5,7,0,2,7,0,0,0,0,1,1,0,26,5,1,1,2,5,5,2,6,0,0,1,0,4,4,0,5,0,5,0,1,2146
GSE206325_1597_Post,1,45,44,18,2,2,15,34,20,50,8,0,0,3,0,0,8,4,8,8,18,17,9,63,34,41,34,24,189,292,140,194,1,118,145,41,111,141,0,6,0,2,0,0,1,1,2,0,2,2,0,2,0,0,0,0,1,0,0,0,0,0,0,0,0,0,0,0,0,0,0,0,0,0,0,0,22,22,0,4,38,0,0,0,0,10,4,0,21,0,5,1,0,4,3,1,5,0,0,0,1,2,2,0,4,3,2,1,0,2310
GSE206325_1598_Post,0,18,20,4,0,0,5,21,3,16,1,0,0,2,0,0,4,0,7,3,8,15,4,38,17,21,14,25,104,150,89,75,0,61,57,16,54,62,3,4,1,1,7,2,4,0,2,1,2,8,2,6,0,0,0,0,5,0,0,0,0,0,0,0,0,0,0,0,0,0,0,0,0,1,0,0,22,18,0,1,36,0,0,0,0,8,0,0,37,3,1,1,0,1,6,3,5,2,0,1,2,6,8,2,2,2,4,0,2,1936
GSE206325_1601_Post,1,42,51,12,0,1,12,36,13,44,4,0,0,3,0,1,7,0,22,11,12,33,10,72,25,50,26,32,177,265,138,155,0,91,137,37,93,119,0,2,3,1,3,1,1,1,2,0,2,2,0,2,0,0,0,0,1,0,0,0,0,0,0,0,0,0,0,0,0,0,0,0,1,0,0,1,17,22,0,5,36,2,0,0,0,11,3,0,19,2,3,1,1,2,1,0,7,0,0,1,2,6,1,0,8,0,1,0,2,2047
GSE206325_1602_Post,0,23,18,5,0,0,2,15,6,18,1,0,0,2,0,1,3,1,7,4,8,15,6,27,13,18,9,18,108,142,77,105,2,51,90,21,47,76,2,4,3,5,2,0,2,1,1,5,4,2,0,0,0,0,0,0,0,0,0,0,0,0,0,0,0,0,0,0,0,0,0,0,1,1,0,0,8,12,0,5,24,1,0,0,0,14,1,0,30,1,4,0,2,4,2,2,6,0,0,0,0,4,6,3,4,1,1,1,1,1887
GSE206325_1605_Post,1,42,37,13,1,1,11,44,12,49,8,0,0,1,0,0,4,0,20,7,10,21,11,59,23,45,23,26,143,257,124,164,2,94,135,34,86,114,2,1,1,1,1,0,4,1,1,0,0,1,0,0,0,0,0,0,3,0,0,0,0,0,0,0,0,0,0,0,0,0,0,0,0,2,0,0,16,19,0,1,34,2,0,0,0,11,4,0,17,4,2,1,0,3,1,1,3,0,1,1,0,3,0,1,6,2,1,0,2,2070
GSE206325_1606_Post,0,17,15,4,0,1,2,15,8,15,5,0,0,1,0,0,2,0,10,7,6,15,7,35,22,24,10,17,86,137,75,91,0,41,72,16,46,62,4,0,1,1,2,2,4,3,2,1,1,3,0,3,0,0,0,0,5,0,0,0,0,0,0,0,0,0,0,0,0,0,0,0,0,0,0,0,19,17,0,2,45,2,0,0,0,7,1,0,16,2,0,1,3,2,3,0,7,0,0,0,1,8,2,3,6,1,3,0,2,1811
GSE206325_1609_Post,1,31,43,12,1,0,7,50,19,38,7,0,2,3,0,0,2,0,19,7,18,13,5,54,23,43,24,20,164,277,147,149,0,87,120,42,86,115,1,1,0,0,2,0,2,0,0,0,1,1,0,4,0,0,0,0,4,0,0,0,0,0,0,0,0,0,0,0,0,0,0,0,0,3,0,0,16,16,0,1,46,1,0,0,0,8,3,0,21,3,1,0,0,2,1,0,4,0,0,0,3,7,5,0,1,0,5,0,0,1924
GSE206325_1610_Post,0,13,10,7,0,0,2,16,6,12,7,0,0,2,0,0,3,1,6,1,17,8,3,23,10,24,20,13,86,144,76,70,1,50,75,21,53,69,2,4,5,3,4,0,5,2,4,2,1,2,1,4,0,0,0,0,2,0,0,0,0,0,0,0,0,0,0,0,0,0,0,0,0,3,1,0,15,18,0,5,16,0,0,0,0,6,0,0,29,8,1,1,0,4,2,1,6,0,0,0,2,3,5,0,4,0,1,0,0,1649
GSE206325_1613_Post,1,40,42,17,0,0,10,53,14,30,10,0,0,4,0,1,4,2,16,8,18,21,9,66,30,40,15,18,139,262,164,159,1,99,128,47,104,120,2,1,0,2,2,0,1,1,1,0,2,2,1,4,0,0,0,0,1,0,0,0,0,0,0,0,0,0,0,0,0,0,0,0,0,1,0,1,16,20,0,1,38,1,0,0,0,6,1,0,25,2,1,0,0,1,4,1,1,0,0,0,1,3,3,1,4,1,2,0,1,2050
GSE206325_1614_Post,1,14,18,8,0,0,0,14,6,14,3,0,0,2,0,0,1,0,4,7,13,7,5,33,12,23,20,15,100,129,79,85,1,62,79,21,56,54,3,5,1,3,2,2,4,0,3,1,2,3,1,8,0,0,0,0,6,0,0,0,0,0,0,0,0,1,0,0,0,0,0,0,0,2,0,0,17,26,0,5,36,0,0,0,0,9,1,0,22,5,0,2,0,1,3,2,4,0,0,1,0,8,2,0,3,0,3,0,2,1824
GSE206325_1617_Post,0,41,44,13,1,0,5,45,16,32,9,0,0,2,0,0,3,0,20,10,23,17,11,68,34,43,23,23,185,282,133,152,0,120,128,45,98,120,1,2,0,2,2,1,1,4,1,0,0,2,0,3,0,0,0,0,4,0,0,0,0,0,0,0,0,0,0,0,0,0,0,0,0,1,0,0,19,14,0,5,53,0,0,0,0,13,2,0,17,1,3,0,2,2,2,0,5,0,0,0,0,2,7,0,5,0,1,0,0,2284
GSE206325_1618_Post,0,12,18,7,0,0,0,20,9,12,2,1,0,1,0,0,5,3,9,4,13,10,9,35,16,23,12,16,112,160,97,89,2,53,91,17,40,67,3,2,1,0,5,0,2,3,1,4,2,5,1,6,0,0,0,0,5,0,0,0,0,0,0,0,0,0,0,0,0,0,0,0,0,3,0,2,20,12,0,2,38,0,0,0,0,13,2,0,40,7,0,0,0,2,1,1,6,0,0,1,1,4,4,0,5,1,5,0,1,1938
GSE206325_1621_Post,0,10,10,4,0,0,3,13,7,19,7,0,0,0,0,0,5,1,30,12,34,28,18,96,40,69,38,45,247,446,208,242,3,137,227,47,142,175,2,2,4,0,1,0,0,1,1,0,3,1,0,1,0,0,0,0,4,1,0,0,0,0,0,0,0,0,0,0,0,0,0,0,0,0,0,0,0,0,0,0,0,0,0,0,0,0,0,0,13,3,1,0,0,2,2,0,2,0,0,0,0,3,1,1,3,0,2,0,1,1180
GSE206325_1622_Post,4,69,66,31,1,1,14,73,32,72,12,0,0,7,0,3,4,1,27,15,38,27,14,97,45,69,45,41,276,414,234,261,1,161,217,51,154,194,12,7,11,5,13,4,9,6,6,1,9,9,4,21,0,0,0,0,2,0,0,0,0,0,0,0,0,0,0,0,0,0,0,0,0,0,0,0,0,0,0,0,0,0,0,0,0,0,0,0,17,5,2,2,1,3,0,0,3,1,0,1,1,7,4,1,5,2,2,1,2,1899
GSE206325_1624_Post,0,12,12,7,0,0,5,15,4,11,4,0,0,1,0,0,8,0,21,11,15,28,15,84,43,68,31,27,210,366,179,194,1,136,189,38,120,160,0,0,0,1,1,0,1,1,2,1,3,0,0,3,0,0,0,0,7,0,0,0,0,0,0,0,0,0,0,0,0,0,0,0,1,0,0,0,0,0,0,0,0,0,0,0,0,0,0,0,12,3,1,0,0,0,1,0,1,0,0,0,0,2,1,0,1,1,2,0,0,969
GSE206325_1625_Post,1,74,64,31,2,2,12,68,33,60,16,0,2,3,0,1,9,1,25,8,37,34,10,108,45,71,29,51,262,429,183,236,3,139,231,61,124,176,9,10,11,7,15,3,10,4,10,5,10,15,1,13,0,0,0,0,2,0,0,0,0,0,0,0,0,0,0,0,0,0,0,0,0,0,0,0,0,0,0,1,0,0,0,0,0,0,0,0,36,6,1,2,2,8,2,0,9,0,0,0,1,5,5,2,3,0,5,0,1,1926
GSE206325_1627_Post,0,10,16,7,0,0,0,11,4,10,2,0,0,2,0,2,6,0,15,9,30,26,16,100,40,61,25,38,227,388,201,219,1,150,168,43,110,172,1,0,3,1,0,0,3,0,1,0,1,2,0,1,0,0,0,0,5,0,0,0,0,0,0,0,0,0,0,0,0,0,0,0,0,0,0,0,0,0,0,0,0,0,0,0,0,0,0,0,6,2,0,1,1,1,0,1,2,0,0,0,0,0,2,0,1,0,1,0,0,898
GSE206325_1628_Post,0,80,75,36,1,0,9,63,28,73,11,0,1,11,0,4,11,3,27,9,49,28,17,111,64,81,46,46,317,522,230,297,1,159,218,60,173,223,9,6,12,5,11,2,12,5,6,2,14,9,4,19,0,0,0,0,2,0,0,0,0,0,0,0,0,0,0,0,0,0,0,0,0,0,0,0,0,0,0,0,0,0,0,0,0,0,0,0,30,4,3,1,2,2,1,1,5,0,2,0,2,8,4,1,6,2,3,0,1,2108
GSE206325_1630_Post,0,15,12,7,0,0,2,9,5,12,5,0,0,1,0,2,6,0,25,17,26,19,17,75,36,65,34,37,231,390,172,199,0,128,178,39,134,185,1,0,1,2,0,0,0,0,1,0,0,0,0,1,0,0,0,0,3,0,0,0,0,0,0,0,0,0,0,0,0,0,0,0,0,0,0,0,0,0,0,0,0,0,0,0,0,0,0,0,5,3,0,1,0,2,2,0,1,0,0,0,0,0,2,0,1,0,0,0,0,979
GSE206325_1631_Post,5,74,68,25,0,0,8,60,24,80,14,0,3,15,0,1,11,2,24,17,34,26,15,106,48,69,48,51,292,493,244,272,0,162,234,55,160,228,10,14,8,8,14,1,14,10,7,7,18,17,4,12,0,0,0,0,1,0,0,0,0,0,0,0,0,0,0,0,0,0,0,0,0,0,0,0,0,0,0,0,0,0,0,0,0,0,0,0,33,4,0,2,3,6,1,0,5,0,0,0,2,9,6,1,10,1,5,0,2,2144
GSE206325_1706_Post,0,0,1,0,0,0,0,0,0,0,0,0,0,0,0,0,0,0,1,0,0,1,1,2,0,3,1,2,7,18,8,10,0,7,10,1,5,5,0,0,0,0,0,0,0,0,0,0,0,0,0,0,0,0,0,0,0,0,0,0,0,0,0,0,0,0,0,0,0,0,0,0,0,0,0,0,0,0,0,0,0,0,0,0,0,0,0,0,2,0,0,0,0,0,0,0,0,0,0,0,1,1,0,1,0,0,0,0,0,83
GSE206325_1707_Post,0,0,0,0,0,0,0,0,0,0,0,0,0,0,0,0,2,0,1,3,5,7,7,23,5,13,6,12,56,90,47,49,0,29,39,12,29,33,0,0,0,0,0,0,0,0,0,0,0,1,0,0,0,0,0,0,0,0,0,0,0,0,0,0,0,0,0,0,0,0,0,0,0,0,0,0,0,0,0,0,0,0,0,0,0,0,0,0,18,5,1,1,0,0,0,0,5,0,0,1,0,2,2,0,5,2,2,0,0,392
GSE206325_1710_Post,0,0,0,0,0,0,0,0,0,0,0,0,0,0,0,0,0,0,0,2,0,0,0,2,1,1,2,4,12,9,11,7,0,4,7,2,4,6,1,0,0,0,1,0,0,0,0,0,0,0,0,0,0,0,0,0,0,0,0,0,0,0,0,0,0,0,0,0,0,0,0,0,0,0,0,0,0,0,0,0,0,0,0,0,0,0,0,0,2,0,0,1,0,1,1,0,1,0,0,0,0,0,0,0,2,0,3,0,0,80
GSE206325_1711_Post,1,0,0,0,0,0,0,1,0,0,0,0,0,0,0,0,2,1,6,2,8,7,3,19,9,14,9,11,58,94,41,51,0,33,55,11,32,45,0,0,1,0,0,0,0,0,0,0,0,1,0,0,0,0,0,0,0,0,0,0,0,0,0,0,0,0,0,0,0,0,0,0,0,0,0,0,0,0,0,0,0,0,0,0,0,0,0,0,14,1,0,1,0,1,2,0,1,0,0,0,0,2,5,0,3,0,0,0,0,437
GSE206325_1714_Post,0,1,0,0,0,0,0,0,0,0,0,0,0,0,0,0,0,0,0,2,1,0,1,1,0,2,2,0,6,11,7,4,0,3,7,1,7,2,1,0,0,0,0,0,0,0,0,0,0,0,0,0,0,0,0,0,0,0,0,0,0,0,0,0,0,0,0,0,0,0,0,0,0,0,0,0,0,0,0,0,0,0,0,0,0,0,0,0,2,1,0,0,0,0,0,0,0,0,0,0,0,0,0,0,0,0,0,0,1,49
GSE206325_1715_Post,0,1,0,0,0,0,0,0,0,0,1,0,0,0,0,0,1,0,10,7,8,9,8,26,12,12,6,6,59,99,48,60,0,47,62,12,35,39,0,0,0,0,0,1,0,0,0,0,1,0,0,0,0,0,0,0,0,0,0,0,0,0,0,0,0,0,0,0,0,0,0,0,0,0,0,0,0,0,0,0,0,0,0,0,0,0,0,0,10,0,0,0,0,2,0,1,0,0,0,0,1,3,1,0,2,0,1,0,1,455
GSE206325_1718_Post,0,0,0,0,0,0,1,1,0,0,0,0,0,0,0,0,0,0,3,0,0,2,0,2,3,2,0,0,6,12,2,4,0,7,3,4,2,6,0,0,0,0,1,0,0,0,0,0,1,0,0,0,0,0,0,0,0,0,0,0,0,0,0,0,0,0,0,0,0,0,0,0,0,0,0,0,0,0,0,0,0,0,0,0,0,0,0,0,7,1,0,0,0,0,0,0,1,0,1,0,0,0,0,0,0,0,0,0,0,71
GSE206325_1719_Post,0,0,0,1,0,0,0,1,0,0,0,0,0,0,0,0,1,0,4,7,6,9,3,28,8,14,7,11,39,77,44,54,1,42,52,18,34,51,0,1,0,0,0,0,0,0,0,0,0,0,0,0,0,0,0,0,0,0,0,0,0,0,0,0,0,0,0,0,0,0,0,0,0,0,0,0,0,0,0,0,0,0,0,0,0,0,0,0,9,2,0,1,1,2,0,0,2,0,0,0,1,1,2,1,1,0,1,0,0,426
GSE206325_1722_Post,0,1,1,0,0,0,0,0,0,0,0,0,0,0,0,0,0,0,0,0,0,0,0,2,2,1,3,2,5,12,4,6,0,3,7,2,0,3,0,0,0,0,0,0,0,0,0,0,0,0,0,0,0,0,0,0,0,0,0,0,0,0,0,0,0,0,0,0,0,0,0,0,0,0,0,0,0,0,0,0,0,0,0,0,0,0,0,0,3,0,0,1,0,0,0,0,0,0,0,0,0,0,0,0,0,0,0,0,0,60
GSE206325_1723_Post,0,1,0,1,0,0,0,0,0,0,0,0,0,0,0,0,4,1,7,6,6,8,4,31,14,25,8,15,60,106,60,59,0,36,50,20,34,48,0,0,0,0,0,0,0,1,0,0,1,0,0,1,0,0,0,0,2,0,0,0,0,0,0,0,0,0,0,0,0,0,0,0,0,0,0,0,0,0,0,0,0,0,0,0,0,0,0,0,10,4,0,0,1,0,0,0,5,0,0,0,1,2,3,0,3,0,2,0,0,474
GSE206325_1726_Post,0,0,0,0,0,0,0,0,0,0,0,0,0,0,0,0,0,0,1,1,1,1,1,2,1,0,0,1,3,11,5,6,0,7,5,1,4,3,0,0,0,0,0,0,0,0,0,0,0,0,0,0,0,0,0,0,0,0,0,0,0,0,0,0,0,0,0,0,0,0,0,0,0,0,0,0,0,0,0,0,0,0,0,0,0,0,0,0,3,0,0,0,0,0,0,0,0,0,0,0,0,0,0,0,1,0,0,0,0,71
GSE206325_1727_Post,0,0,0,0,0,0,0,0,0,1,0,0,0,0,0,0,5,0,5,0,8,8,3,25,7,18,8,10,66,124,49,76,2,47,50,20,41,60,0,0,0,0,0,0,0,0,1,0,0,0,0,0,0,0,0,0,4,0,0,0,0,0,0,0,0,0,0,0,0,0,0,0,0,0,0,0,0,0,0,0,0,0,0,0,0,0,0,0,16,2,1,1,0,1,1,1,2,0,1,0,2,2,3,0,1,1,3,0,3,471
GSE206325_345_Post,0,17,17,5,0,0,6,10,8,22,3,0,0,0,0,0,10,0,35,23,37,42,18,120,51,103,56,62,370,599,295,365,3,191,287,67,193,273,0,4,0,0,2,0,0,0,0,0,1,0,0,1,0,0,0,0,1,0,0,0,0,0,0,0,0,0,0,0,0,0,0,0,0,1,0,0,8,14,0,2,19,0,0,0,0,4,1,0,16,2,0,1,1,2,0,0,3,0,0,0,0,1,3,0,4,1,1,0,0,2236
GSE206325_346_Post,0,21,30,8,0,0,9,14,11,23,3,0,0,4,0,0,7,1,27,22,35,48,18,129,47,79,40,69,367,551,235,279,4,186,254,61,201,226,4,0,2,3,2,0,1,1,0,1,3,3,1,3,0,0,0,0,1,0,0,0,0,0,0,0,0,0,0,0,0,0,0,0,0,0,0,0,3,9,0,1,11,0,0,0,0,2,0,0,13,0,0,0,0,2,1,0,3,1,0,0,1,5,3,0,1,0,1,0,0,1817
GSE206325_506_Post,0,1,0,0,0,0,0,0,0,2,0,0,0,0,0,0,11,0,23,17,34,34,14,111,53,82,43,42,328,517,243,289,1,163,217,66,176,201,1,0,0,0,0,0,0,0,0,0,0,0,0,0,0,0,0,0,0,0,0,0,0,0,0,0,0,0,0,0,0,0,0,0,0,2,0,0,19,17,0,4,43,2,0,0,0,7,6,0,1,0,0,1,1,0,0,0,0,0,0,0,0,1,0,0,0,0,1,0,0,2105
GSE206325_507_Post,0,0,0,0,0,0,0,1,0,0,0,0,0,0,0,0,7,5,47,23,38,38,22,152,75,103,60,66,411,624,337,355,2,239,305,92,224,289,1,0,0,0,0,0,0,0,0,0,0,1,0,0,0,0,0,0,0,0,0,0,0,0,0,0,0,0,0,0,0,0,0,0,0,3,0,0,8,8,0,3,17,0,0,0,0,1,0,0,2,0,0,0,0,0,0,0,0,0,0,0,0,0,1,0,0,0,1,0,0,1834
GSE206325_508_Post,0,0,0,0,0,0,0,0,0,0,0,0,0,0,0,0,6,0,33,24,34,42,26,135,47,86,55,68,351,560,294,303,2,167,266,86,214,244,0,0,0,0,0,0,0,0,0,0,0,0,0,0,0,0,0,0,0,0,0,0,0,0,0,0,0,0,0,0,0,0,0,0,0,0,0,0,9,7,0,0,15,0,0,0,0,1,0,0,0,1,0,0,0,1,0,0,1,0,0,0,0,0,0,0,2,0,0,0,0,1488
GSE206325_509_Post,0,1,0,0,0,0,0,1,0,1,0,0,0,0,0,0,1,0,17,8,20,29,11,66,31,54,30,27,205,345,150,173,2,111,167,35,99,153,0,0,0,0,0,0,0,0,0,0,0,0,0,1,0,0,0,0,0,0,0,0,0,0,0,0,0,0,0,0,0,0,0,0,0,1,0,0,13,16,0,2,26,1,0,0,0,6,2,0,2,0,0,0,0,0,0,0,1,0,0,0,0,0,0,0,0,0,0,0,0,1374
GSE206325_740_Post,1,5,1,0,0,0,0,4,3,3,0,0,0,0,0,0,1,1,7,4,6,3,6,16,7,20,4,4,43,73,38,50,0,24,34,13,25,34,2,6,6,6,12,1,10,4,8,3,12,10,4,13,0,0,0,0,5,0,0,0,0,0,0,0,0,0,0,0,0,0,0,0,1,0,0,0,1,3,0,0,0,0,0,0,0,0,1,0,9,0,1,0,0,1,2,0,0,0,0,0,1,2,1,0,1,0,1,0,1,708
GSE206325_741_Post,0,8,9,4,0,0,5,13,6,9,4,0,0,1,0,0,4,0,11,3,15,15,5,39,29,28,17,16,113,204,84,109,2,74,75,32,62,85,0,0,0,0,0,0,0,0,1,0,2,0,0,0,0,0,0,0,1,0,0,0,0,0,0,0,0,0,0,0,0,0,0,0,0,0,0,0,3,2,0,0,6,1,0,0,0,4,1,0,10,0,1,0,0,1,0,0,1,0,0,0,1,1,1,1,2,0,3,0,1,726
GSE206325_785_Post,0,7,11,4,0,0,1,6,7,7,0,0,1,3,0,0,3,0,5,4,6,10,2,24,8,17,10,9,82,113,50,72,0,40,41,17,32,51,1,1,1,0,1,0,0,0,0,0,0,0,0,0,0,0,0,0,0,0,0,0,0,0,0,0,0,0,0,0,0,0,0,0,0,0,0,0,0,0,0,1,2,0,0,0,0,0,0,0,7,0,0,0,1,0,0,0,3,0,0,0,0,0,0,0,0,0,0,0,1,295
GSE206325_786_Post,0,8,5,4,0,0,2,5,2,6,0,0,0,2,0,0,1,0,1,1,2,2,2,3,1,7,5,3,32,45,10,33,0,5,17,4,12,15,0,1,0,0,0,0,1,0,0,0,0,0,0,0,0,0,0,0,1,0,0,0,0,0,0,0,0,0,0,0,0,0,0,0,0,0,0,0,0,0,0,0,2,0,0,0,0,1,0,0,6,0,1,0,0,0,0,0,1,0,0,0,1,1,1,0,0,0,2,0,0,209
GSE206325_787_Post,0,0,0,0,0,0,0,0,1,0,0,0,0,1,0,0,0,0,0,0,0,0,0,0,1,2,1,1,1,4,0,0,0,0,0,0,0,1,0,0,0,0,0,0,0,0,0,0,0,0,0,0,0,0,0,0,0,0,0,0,0,0,0,0,0,0,0,0,0,0,0,0,0,0,0,0,0,0,0,0,0,0,0,0,0,0,0,0,0,0,0,0,0,0,0,0,0,0,0,0,1,0,0,0,1,0,0,0,0,13
GSE206325_788_Post,0,1,2,0,0,0,0,0,1,0,0,0,0,0,0,0,0,0,0,0,0,0,0,0,0,0,0,0,0,1,0,0,0,0,0,0,0,0,0,0,0,1,0,0,0,0,0,0,0,0,0,2,0,0,0,0,0,0,0,0,0,0,0,0,0,0,0,0,0,0,0,0,0,0,0,0,0,0,0,0,0,0,0,0,0,0,0,0,2,0,0,0,0,0,0,0,0,0,0,0,0,1,0,0,0,0,0,0,0,9
GSE206325_790_Post,0,10,10,4,0,3,4,12,2,12,1,0,1,1,0,1,2,1,9,11,12,7,7,34,19,28,11,11,89,151,69,97,1,43,75,17,54,64,0,0,0,0,1,0,1,0,0,0,0,0,0,0,0,0,0,0,0,0,0,0,0,0,0,0,0,0,0,0,0,0,0,0,0,0,0,0,1,0,0,0,1,0,0,0,0,0,0,0,1,0,0,0,0,0,0,1,0,0,0,0,0,0,0,0,1,0,0,0,0,416
GSE206325_791_Post,0,9,4,3,0,0,1,13,2,7,0,0,0,0,0,1,1,0,3,2,5,9,2,11,6,4,1,1,32,53,23,31,0,14,17,3,18,26,0,1,0,0,1,0,1,0,0,0,0,1,1,0,0,0,0,0,3,0,0,0,0,0,0,0,0,0,0,0,0,0,0,0,0,0,0,0,1,0,0,0,1,0,0,0,0,0,1,0,6,3,2,0,0,0,1,1,0,0,0,0,0,0,1,0,0,0,1,0,0,235
GSE206325_792_Post,0,0,0,0,0,0,0,1,0,0,0,0,0,0,0,0,0,0,0,0,1,0,0,1,0,0,0,0,0,0,1,1,0,1,0,0,0,1,0,0,0,0,0,0,0,0,0,0,0,0,0,0,0,0,0,0,0,0,0,0,0,0,0,0,0,0,0,0,0,0,0,0,0,0,0,0,0,0,0,0,0,0,0,0,0,0,0,0,1,0,0,0,0,0,0,0,0,0,0,0,0,0,0,0,0,0,0,0,0,15
GSE206325_793_Post,0,1,0,0,0,0,0,0,1,1,0,0,0,0,0,0,0,0,0,0,0,0,0,1,0,0,0,0,0,0,0,0,0,0,0,0,0,0,0,1,0,1,1,0,0,0,0,0,0,0,0,0,0,0,0,0,0,0,0,0,0,0,0,0,0,0,0,0,0,0,0,0,0,0,0,0,0,0,0,0,0,0,0,0,0,0,0,0,0,0,1,0,0,0,0,0,0,0,0,0,0,0,0,0,0,0,0,0,0,14
GSE206325_810_Post,2,42,32,9,0,0,7,24,8,36,9,0,1,2,0,0,7,1,22,20,27,32,12,109,44,55,39,44,296,462,223,247,1,164,194,46,158,170,1,4,7,1,4,1,7,3,3,0,3,2,0,5,0,0,0,0,12,0,0,0,0,0,0,0,0,0,0,0,0,0,0,0,0,1,0,0,17,10,0,3,18,2,0,0,0,8,0,0,28,2,0,2,0,1,0,1,4,0,1,0,2,4,1,0,7,1,1,0,2,2020
GSE206325_811_Post,1,26,23,9,1,1,4,19,6,16,3,0,0,2,0,1,3,2,20,9,25,22,10,67,29,48,21,32,230,285,176,185,1,112,155,32,104,146,0,1,0,0,1,0,1,0,0,1,1,0,0,1,0,0,0,0,7,0,0,0,0,0,0,0,0,0,0,0,0,0,1,0,0,3,0,0,21,15,0,4,45,2,0,0,0,12,1,0,9,1,0,0,1,1,0,1,0,0,0,1,1,2,3,0,4,1,3,1,1,1794
GSE206325_821_Post,0,15,10,7,0,0,1,9,3,11,2,0,0,1,0,0,2,0,2,8,8,3,3,13,10,13,9,12,73,116,46,61,0,36,45,14,25,48,104,101,101,55,101,30,125,62,62,24,95,128,35,124,0,0,0,0,12,0,0,0,0,0,1,0,0,0,0,0,0,0,0,0,0,0,0,0,1,4,0,1,8,0,0,0,0,0,0,0,19,6,2,0,0,1,1,0,1,0,0,0,1,4,5,0,3,0,0,0,1,4214
GSE206325_822_Post,0,29,36,13,1,1,4,43,16,35,2,0,0,1,0,0,1,0,13,6,12,16,10,42,19,38,19,26,141,215,86,126,0,72,113,22,72,88,1,1,1,0,0,1,0,0,0,0,2,0,0,0,0,0,0,0,5,0,0,0,0,0,0,0,0,0,0,0,0,0,0,0,0,1,0,0,4,14,0,2,17,0,0,0,0,2,1,0,12,1,1,0,0,0,0,0,0,0,0,0,0,1,0,1,0,1,1,0,1,1101
GSE206325_824_Post,1,59,56,32,0,1,12,59,24,38,9,0,1,7,0,0,2,1,25,9,24,24,12,90,42,63,25,29,243,399,216,197,5,127,147,50,126,167,0,1,0,0,1,0,0,0,0,0,0,0,0,2,0,0,0,0,25,0,0,0,0,0,0,0,0,0,0,0,0,0,0,0,0,2,0,0,5,7,0,0,16,0,0,0,0,0,0,0,10,1,0,0,0,3,0,0,0,0,0,0,0,2,0,0,2,0,0,0,1,1228
GSE206325_825_Post,0,40,35,18,0,0,5,30,9,42,10,0,2,2,0,0,5,2,12,11,20,20,9,76,27,48,26,27,176,260,151,179,0,108,138,28,99,119,0,1,0,0,0,0,0,0,1,0,0,0,0,1,0,0,0,0,4,0,0,0,0,0,0,0,0,0,0,0,0,0,0,0,0,0,0,0,4,13,0,4,23,0,0,0,0,4,0,0,9,0,0,0,0,1,0,2,2,0,0,0,1,1,3,0,1,1,0,0,1,1302
GSE206325_836_Post,1,98,94,40,0,4,24,88,31,107,18,0,0,5,0,2,5,3,28,16,45,29,21,106,41,87,45,56,314,457,232,277,3,150,231,60,144,203,0,5,0,0,0,0,2,1,2,2,1,2,0,3,0,0,0,0,0,0,0,0,0,0,0,0,0,0,0,0,0,0,0,0,0,0,0,0,0,0,0,0,1,0,0,0,0,0,0,0,7,1,1,1,0,0,1,0,2,0,0,0,0,2,2,1,3,0,2,0,1,1251
GSE206325_837_Post,2,67,63,18,1,1,8,65,23,67,12,0,1,10,0,1,3,0,24,22,33,23,11,98,38,64,42,38,341,444,245,250,4,168,237,63,133,223,0,0,1,2,3,0,1,0,2,0,1,3,0,1,0,0,0,0,12,0,0,0,0,0,0,0,0,1,0,0,0,0,0,0,0,0,0,0,11,11,0,3,26,0,0,0,0,8,2,0,9,0,1,0,0,2,1,0,2,0,1,0,0,3,1,1,0,0,0,0,0,1802
GSE206325_839_Post,1,66,56,25,2,1,10,57,33,62,7,1,0,2,0,1,4,0,20,10,28,17,10,85,32,56,24,34,242,320,182,204,0,100,167,52,83,151,0,2,3,2,3,2,3,1,2,1,0,3,0,3,0,0,0,0,8,0,0,0,0,0,0,0,0,0,0,0,0,0,0,0,0,0,0,0,3,3,1,0,5,1,0,0,0,0,0,0,28,2,1,0,2,3,2,0,5,0,1,0,2,6,1,0,4,1,4,0,1,1391
GSE206325_840_Post,0,18,16,7,0,1,3,15,6,12,7,0,0,2,0,0,2,0,9,3,11,12,7,38,17,24,14,21,101,166,82,83,0,65,82,19,46,73,0,0,0,1,1,0,0,0,0,0,0,2,0,3,0,0,0,0,13,0,0,0,0,0,0,0,0,0,0,0,0,0,0,0,0,3,1,0,8,13,0,1,22,0,0,0,0,6,1,0,9,0,0,0,0,3,0,0,2,0,0,0,0,4,2,0,2,0,1,0,0,1134
GSE206325_852_Post,0,0,2,1,0,0,0,3,0,3,0,0,0,0,0,0,1,1,3,2,9,6,2,20,13,14,12,11,48,73,49,39,0,26,30,8,17,33,6,2,5,1,7,2,7,3,1,3,3,4,2,2,0,0,0,0,0,0,0,0,0,0,0,0,0,0,0,0,0,0,0,0,0,2,0,0,14,9,0,5,23,0,0,0,0,6,4,0,17,1,1,3,1,5,0,2,6,0,0,0,1,5,1,1,3,0,0,0,2,1051
GSE206325_853_Post,0,10,8,4,0,0,4,4,3,10,0,0,0,1,0,0,8,1,29,18,16,32,13,85,41,52,27,41,202,342,178,198,3,130,159,52,111,125,2,6,4,2,1,1,3,1,2,1,4,3,1,7,0,0,0,0,0,0,0,0,0,0,0,0,0,0,0,0,0,0,0,0,0,1,0,0,11,8,0,1,22,4,0,0,0,6,2,0,12,0,0,0,0,1,1,1,2,0,0,0,1,2,1,0,2,0,1,0,0,1629
GSE206325_855_Post,0,2,2,0,0,0,0,3,2,0,0,0,0,0,0,0,1,0,3,2,7,4,4,11,12,10,7,19,47,75,46,65,0,22,35,14,27,36,9,4,4,3,8,1,2,3,4,2,7,4,2,10,0,0,0,0,0,0,0,0,0,0,0,0,0,0,0,0,0,0,0,0,0,1,0,0,4,13,0,2,24,1,0,0,0,4,0,0,17,1,1,2,1,2,1,0,3,0,0,0,1,1,7,0,5,0,3,0,1,1141
GSE206325_856_Post,0,13,10,9,0,0,1,6,3,9,1,0,0,0,0,0,4,1,17,13,17,23,8,97,28,57,37,37,203,326,138,170,2,107,169,44,111,152,1,4,5,0,3,1,1,4,2,2,3,2,3,6,0,0,0,0,0,0,0,0,0,0,0,0,0,0,0,0,0,0,0,0,0,0,0,0,12,6,0,3,24,0,0,0,0,3,1,0,14,0,0,0,0,1,0,0,4,0,0,0,2,4,1,0,2,0,2,0,0,1464
GSE206325_985_Post,0,31,23,10,1,0,3,20,8,17,1,0,0,1,0,0,6,2,14,10,8,18,8,36,23,23,13,23,134,222,93,115,1,51,98,37,82,87,0,0,1,0,0,0,0,0,0,0,1,0,0,0,0,0,0,0,1,0,0,0,0,0,0,0,0,0,0,0,0,0,0,0,0,0,0,0,0,1,0,0,2,0,0,0,0,0,1,0,8,2,1,0,0,2,2,1,2,0,0,0,3,2,2,0,2,1,0,0,0,718
GSE206325_986_Post,2,15,21,8,0,0,3,17,10,23,4,0,0,0,0,0,2,1,5,4,10,11,8,30,10,23,17,19,94,123,70,75,1,55,69,15,40,70,0,0,0,0,1,0,0,0,1,0,0,0,0,1,0,0,0,0,0,0,0,0,0,0,0,0,0,0,0,0,0,0,0,0,0,0,0,0,1,3,0,2,8,0,0,0,0,0,0,0,7,1,3,0,0,2,1,0,4,0,0,1,1,1,2,0,1,1,0,0,0,680
GSE206325_989_Post,0,31,28,6,0,0,3,16,7,35,1,0,0,3,0,0,1,0,8,10,18,15,7,52,18,35,16,30,116,242,97,121,0,81,93,27,69,90,0,0,0,0,0,0,0,0,0,0,0,0,0,0,0,0,0,0,1,0,0,0,0,0,0,0,0,0,0,0,0,0,0,0,0,0,0,0,1,0,0,1,4,0,0,0,0,1,0,0,15,3,2,0,0,1,0,1,2,0,0,0,0,1,1,0,0,0,1,0,1,716
GSE206325_990_Post,0,17,19,7,1,0,6,17,8,17,5,0,0,3,0,0,3,0,6,7,8,18,5,21,13,14,11,13,97,121,57,59,0,38,70,17,35,63,0,0,0,0,0,0,0,0,0,0,0,1,0,0,0,0,0,0,0,0,0,0,0,0,0,0,0,0,0,0,0,0,0,0,0,0,0,0,1,5,0,0,3,0,0,0,0,2,2,0,12,0,0,0,0,1,2,0,0,0,1,0,1,1,0,0,2,0,0,0,0,656
GSE206325_993_Post,0,34,17,9,0,0,1,28,10,27,5,0,0,1,0,0,4,0,8,7,16,8,7,33,17,21,16,15,139,174,88,122,2,71,110,19,61,94,1,0,0,0,0,0,0,0,0,0,1,1,0,0,0,0,0,0,0,0,0,0,0,0,0,0,0,0,0,0,0,0,0,0,0,0,0,0,2,4,0,0,3,2,0,0,0,0,0,0,11,2,1,0,0,1,1,1,4,0,1,0,0,2,0,0,4,0,1,0,1,698
GSE206325_994_Post,0,19,24,7,2,0,1,21,7,16,3,0,0,1,0,1,2,0,8,2,12,11,6,38,12,26,11,15,76,143,49,67,0,43,58,18,41,59,0,2,0,0,0,0,0,0,0,0,0,0,0,0,0,0,0,0,0,0,0,0,0,0,0,0,0,0,0,0,0,0,0,0,0,0,0,0,6,3,0,0,7,0,0,0,0,0,0,0,11,0,0,1,0,1,1,0,0,0,0,0,1,2,2,1,0,0,0,0,1,608
GSE206325_997_Post,1,32,28,10,0,0,6,19,6,29,7,0,1,2,0,0,6,1,12,7,18,20,5,63,25,24,20,19,134,223,105,116,0,76,109,28,71,109,0,0,0,0,1,0,1,0,1,0,1,1,0,0,0,1,0,0,1,0,0,0,0,0,0,0,0,0,0,0,0,0,0,0,0,0,0,0,0,1,0,0,2,0,0,0,0,0,1,0,13,0,0,1,0,1,0,2,1,0,1,0,1,3,1,1,1,1,1,0,0,728
GSE206325_998_Post,0,24,18,9,0,0,1,17,7,24,3,0,0,3,0,0,1,3,5,9,8,15,6,36,11,21,21,11,75,151,63,69,0,55,60,17,46,52,0,0,0,0,0,0,0,0,0,0,0,0,0,0,0,0,0,0,0,0,0,0,0,0,0,0,0,0,0,0,0,0,0,0,0,1,0,0,4,5,0,1,6,0,0,0,0,1,1,0,12,1,0,0,0,4,1,0,0,1,0,0,2,4,3,0,0,1,0,0,0,671
GSE213047_HN19_1_Post,6,28,74,5,0,0,31,53,17,4,1,2,19,60,1,4,2,5,11,1,26,9,4,14,23,101,5,25,45,563,37,297,0,386,509,31,10,3,0,17,3,0,5,18,23,8,14,42,16,103,105,84,55,1,3,1,4,4,0,0,0,0,13,13,4,0,0,0,0,0,2,0,0,0,0,0,0,0,0,0,0,19,1,0,0,0,0,0,0,29,7,4,1,16,4,1,11,0,1,11,4,19,1,8,11,18,10,7,12,673
GSE213047_HN19_2_Post,0,5,2,1,0,4,0,9,2,1,0,0,11,59,0,1,0,1,2,0,3,3,0,2,1,5,3,2,7,71,3,140,0,116,142,36,10,3,2,2,5,0,3,6,9,14,0,12,15,9,34,25,1520,0,1,0,1,0,1,0,0,0,0,2,0,3,0,0,0,1,1,0,0,0,0,0,0,0,0,0,0,0,0,0,0,0,0,0,0,2,6,0,1,16,6,6,0,1,2,0,0,2,0,0,5,2,2,0,1,506
GSE213047_HN19_3_Post,3,34,62,8,3,21,18,240,30,116,11,9,60,160,6,1,1,4,15,1,9,7,9,39,22,56,9,41,77,540,20,269,0,364,521,39,36,1,1,2,1,2,4,2,3,15,6,4,12,1,16,12,981,1,2,11,22,0,0,0,0,3,4,13,4,3,0,2,0,0,7,0,0,2,0,0,0,0,0,0,1,19,0,0,0,0,0,0,0,2,28,4,0,30,5,7,1,1,3,4,3,2,4,0,8,8,2,2,5,643
GSE222300_P01-T_Pre,0,3,4,0,0,0,2,8,1,3,0,25,140,114,6,19,0,6,2,1,11,12,9,19,14,52,39,3,113,67,14,196,0,29,111,35,22,10,0,0,3,1,0,0,3,0,0,2,0,3,1,0,618,0,0,0,1,0,0,1,0,0,1,2,0,4,0,2,0,0,0,0,0,0,0,0,0,0,0,0,0,0,0,0,0,0,0,0,0,0,22,5,1,19,2,9,8,1,7,1,2,7,5,3,8,4,2,0,0,350
GSE222300_P02-N_Pre,1,4,12,0,0,0,1,20,0,3,0,3,374,75,161,2,0,0,1,0,0,2,24,53,10,20,114,1,62,53,4,103,0,68,97,14,42,7,1,2,8,0,7,0,0,0,0,0,3,0,0,0,487,94,8,2,9,0,12,4,0,0,0,0,0,1,1,0,0,1,0,0,0,6,0,0,0,0,0,0,0,0,0,0,0,0,0,0,0,3,3,1,0,17,6,3,14,0,0,12,1,5,1,0,13,0,1,0,0,463
GSE222300_P02-T_Pre,2,9,25,2,0,0,0,3,1,9,1,0,2,43,1,12,2,2,4,1,20,92,7,13,2,52,14,10,40,48,11,184,0,8,64,29,19,8,0,0,0,0,0,0,0,0,0,0,0,0,0,0,87,0,0,0,1,0,0,0,0,0,1,1,0,0,0,1,0,0,0,0,0,0,0,0,0,0,0,0,0,0,0,0,0,0,0,0,0,0,10,5,15,1,0,2,2,0,27,2,7,18,1,2,2,4,6,2,1,783
GSE226438_T111_Post,0,0,0,0,0,0,1,0,0,1,0,0,0,0,0,0,0,0,0,1,0,0,0,0,0,0,0,0,0,0,3,0,0,1,2,0,0,0,0,0,0,0,0,0,0,0,0,1,0,0,0,0,6256,1,0,0,2,8,0,0,0,0,0,0,0,0,0,7,0,0,0,0,0,0,0,0,0,0,0,0,0,0,1,0,0,0,0,0,0,0,0,0,4,0,0,0,0,0,0,0,0,0,0,0,0,0,0,0,0,0
GSE226438_T96_Post,4,130,98,5,20,29,0,444,23,93,31,16,15,28,0,18,35,19,14,0,85,11,0,72,40,88,0,79,26,341,10,188,0,89,416,20,12,0,0,0,0,2,1,0,0,2,0,0,3,2,1,1,2186,0,2,1,2,0,0,0,0,0,0,0,0,1,0,19,0,0,0,0,0,5,0,0,7,0,0,1,4,14,0,0,0,6,0,0,0,8,2,0,0,3,0,3,2,0,0,0,3,7,7,2,9,1,2,0,26,182
GSE235500_ci1168normal-1_Pre,0,0,3,0,0,0,0,7,0,0,0,0,0,0,0,0,88,6,85,7,58,11,71,551,79,143,300,335,249,1890,182,656,0,1692,2020,9,1519,286,0,0,0,0,0,0,0,0,0,0,0,0,0,0,3,0,0,0,0,0,0,0,0,0,0,0,0,0,0,0,0,0,0,0,0,0,0,0,0,0,0,0,0,0,0,0,0,0,0,0,0,0,0,0,0,0,0,0,0,0,0,0,0,0,0,0,0,0,0,0,0,2023
GSE235500_ci1168tumor-1_Pre,0,0,1,0,0,0,0,0,0,1,0,0,0,0,0,0,2,5,11,0,76,8,39,115,30,48,34,60,107,593,13,320,0,407,955,4,283,34,0,0,0,0,0,0,0,0,0,0,0,0,0,0,8,0,0,0,0,0,0,0,0,0,0,0,0,0,0,0,0,0,0,0,0,0,0,0,0,0,0,0,0,0,0,0,0,0,0,0,0,0,0,0,0,0,0,0,0,0,0,0,0,0,0,0,0,0,0,0,0,578
GSE235500_ci1168tumor-2_Pre,0,0,5,0,0,0,0,1,0,1,0,0,0,0,0,0,17,11,61,1,225,19,52,272,121,164,122,260,262,2188,40,980,0,909,3365,10,601,125,0,0,0,0,0,0,0,0,0,0,0,0,0,0,37,0,0,0,0,0,0,0,0,0,0,0,0,0,0,0,0,0,0,0,0,0,0,0,0,0,0,0,0,0,0,0,0,0,0,0,0,0,0,0,0,0,0,0,0,0,0,0,0,0,0,0,0,0,0,0,0,2397
GSE235500_ci1168tumor-3_Pre,0,0,2,0,0,0,0,6,0,0,0,0,0,0,0,0,11,9,45,6,193,19,52,263,91,137,78,197,278,2160,71,820,2,763,3134,14,611,102,0,0,0,0,0,0,0,0,0,0,0,0,0,0,24,0,0,0,0,0,0,0,0,0,0,0,0,0,0,0,0,0,0,0,0,0,0,0,0,0,0,0,0,0,0,0,0,0,0,0,0,0,0,0,0,0,0,0,0,0,0,0,0,0,0,0,0,0,0,0,0,2141
GSE235500_ci1168tumor-4_Pre,0,0,0,0,0,0,0,2,0,0,0,0,0,0,0,0,10,11,37,3,111,8,39,164,56,94,49,92,129,1072,29,450,0,407,1643,4,312,51,0,0,0,0,0,0,0,0,0,0,0,0,0,0,12,0,0,0,0,0,0,0,0,0,0,0,0,0,0,0,0,0,0,0,0,0,0,0,0,0,0,0,0,0,0,0,0,0,0,0,0,0,0,0,0,0,0,0,0,0,0,0,0,0,0,0,0,0,0,0,0,972
GSE235500_ci1168tumor-5_Pre,0,0,2,0,0,0,0,3,0,1,0,0,0,0,0,0,13,9,64,8,197,14,53,256,106,141,99,179,262,2058,47,808,0,760,3058,6,576,108,0,0,0,0,0,0,0,0,0,0,0,0,0,0,18,0,0,0,0,0,0,0,0,0,0,0,0,0,0,0,0,0,0,0,0,0,0,0,0,0,0,0,0,0,0,0,0,0,0,0,0,0,0,0,0,0,0,0,0,0,0,0,0,0,0,0,0,0,0,0,0,1966
GSE235500_ci1415tumor-1_Pre,0,3,5,0,0,0,0,10,0,0,0,0,1,13,0,0,25,5,113,9,530,359,57,201,261,415,79,198,298,2225,116,2233,0,596,1445,79,512,210,0,0,0,0,0,0,0,0,0,0,0,0,0,0,60,0,0,0,0,0,0,0,0,0,0,0,0,0,0,0,0,0,0,0,0,0,0,0,0,0,0,0,0,0,0,0,0,0,0,0,0,0,0,0,0,0,0,0,0,0,0,0,0,0,0,0,0,0,0,0,0,541
GSE235500_ci1445normal-1_Pre,0,0,0,0,0,0,0,1,0,0,0,0,0,0,0,0,20,4,68,29,23,7,54,634,58,21,68,15,155,503,257,90,0,701,387,5,597,142,0,0,0,0,0,0,0,0,0,0,0,0,0,0,2,0,0,0,0,0,0,0,0,0,0,0,0,0,0,0,0,0,0,0,0,0,0,0,0,0,0,0,0,0,0,0,0,0,0,0,0,0,0,0,0,0,0,0,0,0,0,0,0,0,0,0,0,0,0,0,0,238
GSE235500_ci1445tumor-1_Pre,0,1,1,0,0,0,0,1,0,0,0,0,0,0,0,0,43,22,76,12,126,19,56,270,70,122,36,87,173,413,137,210,0,407,382,4,535,132,0,0,0,0,0,0,0,0,0,0,0,0,0,0,2,0,0,0,0,0,0,0,0,0,0,0,0,0,0,0,0,0,0,0,0,0,0,0,0,0,0,0,0,0,0,0,0,0,0,0,0,0,0,0,0,0,0,0,0,0,0,0,0,0,0,0,0,0,0,0,0,262
GSE235500_ci1447normal-1_Pre,0,0,1,0,0,0,0,2,0,0,0,0,0,0,0,0,52,9,17,5,19,10,77,763,100,31,104,43,154,198,52,50,0,1260,341,6,536,39,0,0,0,0,0,0,0,0,0,0,0,0,0,0,1,0,0,0,0,0,0,0,0,0,0,0,0,0,0,0,0,0,0,0,0,0,0,0,0,0,0,0,0,0,0,0,0,0,0,0,0,0,0,0,0,0,0,0,0,0,0,0,0,0,0,0,0,0,0,0,0,194
GSE235500_ci1447normal-2_Pre,0,1,1,0,0,0,0,1,0,0,0,0,0,0,0,0,45,42,46,27,5,11,92,1658,233,75,250,63,537,651,292,98,0,3196,1048,15,2097,118,0,0,0,0,0,0,0,0,0,0,0,0,0,0,1,0,0,0,0,0,0,0,0,0,0,0,0,0,0,0,0,0,0,0,0,0,0,0,0,0,0,0,0,0,0,0,0,0,0,0,0,0,0,0,0,0,0,0,0,0,0,0,0,0,0,0,0,0,0,0,0,512
GSE235500_ci1447tumor-1_Pre,0,0,2,0,0,0,0,0,0,0,0,0,0,0,0,0,8,17,15,2,274,97,13,61,140,211,28,45,136,371,24,647,0,305,765,17,122,54,0,0,0,0,0,0,0,0,0,0,0,0,0,0,3,0,0,0,0,0,0,0,0,0,0,0,0,0,0,0,0,0,0,0,0,0,0,0,0,0,0,0,0,0,0,0,0,0,0,0,0,0,0,0,0,0,0,0,0,0,0,0,0,0,0,0,0,0,0,0,0,304
GSE235500_ci1447tumor-2_Pre,0,0,4,0,0,1,0,4,0,2,0,0,0,0,0,0,23,340,100,34,865,292,42,295,468,822,124,94,924,2144,416,3295,0,1556,3233,123,896,288,0,0,0,0,0,0,0,0,0,0,0,0,0,0,1,0,0,0,0,0,0,0,0,0,0,0,0,0,0,0,0,0,0,0,0,0,0,0,0,0,0,0,0,0,0,0,0,0,0,0,0,0,0,0,0,0,0,0,0,0,0,0,0,0,0,0,0,0,0,0,0,941
GSE235500_ci1448normal-1_Pre,0,0,0,0,0,0,0,1,0,0,0,0,0,0,0,0,0,0,3,31,1,0,21,158,11,2,165,18,39,116,1148,7,0,962,166,12,1182,130,0,0,0,0,0,0,0,0,0,0,0,0,0,0,1,0,0,0,0,0,0,0,0,0,0,0,0,0,0,0,0,0,0,0,0,0,0,0,0,0,0,0,0,0,0,0,0,0,0,0,0,0,0,0,0,0,0,0,0,0,0,0,0,0,0,0,0,0,0,0,0,151
GSE235500_ci1448normal-2_Pre,0,0,0,0,0,0,0,0,0,0,0,0,0,0,0,0,5,3,21,137,3,2,14,295,37,6,444,37,190,482,3212,53,0,1930,451,8,3522,319,0,0,0,0,0,0,0,0,0,0,0,0,0,0,0,0,0,0,0,0,0,0,0,0,0,0,0,0,0,0,0,0,0,0,0,0,0,0,0,0,0,0,0,0,0,0,0,0,0,0,0,0,0,0,0,0,0,0,0,0,0,0,0,0,0,0,0,0,0,0,0,447
GSE235500_ci1448tumor-1_Pre,0,1,1,0,0,0,0,1,1,0,0,0,0,0,0,0,7,5,20,15,52,26,24,133,30,85,209,51,93,561,161,801,0,500,344,27,1068,137,0,0,0,0,0,0,0,0,0,0,0,0,0,0,4,0,0,0,0,0,0,0,0,0,0,0,0,0,0,0,0,0,0,0,0,0,0,0,0,0,0,0,0,0,0,0,0,0,0,0,0,0,0,0,0,0,0,0,0,0,0,0,0,0,0,0,0,0,0,0,0,199
GSE235500_ci1448tumor-2_Pre,0,0,0,0,0,0,0,0,0,0,0,0,0,0,0,0,4,14,38,73,62,52,9,259,41,115,702,62,264,1327,732,1612,0,983,539,81,3192,427,0,0,0,0,0,0,0,0,0,0,0,0,0,0,5,0,0,0,0,0,0,0,0,0,0,0,0,0,0,0,0,0,0,0,0,0,0,0,0,0,0,0,0,0,0,0,0,0,0,0,0,0,0,0,0,0,0,0,0,0,0,0,0,0,0,0,0,0,0,0,0,512
GSE235500_ci1450normal-1_Pre,0,0,1,0,0,0,0,2,0,2,0,0,0,0,0,0,19,14,35,14,7,8,52,399,93,46,23,36,93,557,500,56,0,584,772,6,392,93,0,0,0,0,0,0,0,0,0,0,0,0,0,0,0,0,0,0,0,0,0,0,0,0,0,0,0,0,0,0,0,0,0,0,0,0,0,0,0,0,0,0,0,0,0,0,0,0,0,0,0,0,0,0,0,0,0,0,0,0,0,0,0,0,0,0,0,0,0,0,0,324
GSE235500_ci1450tumor-1_Pre,0,1,0,0,0,0,0,2,0,0,0,0,0,0,0,0,21,17,37,1,130,109,13,52,25,153,4,83,117,968,54,663,0,179,414,19,240,44,0,0,0,0,0,0,0,0,0,0,0,0,0,0,2,0,0,0,0,0,0,0,0,0,0,0,0,0,0,0,0,0,0,0,0,0,0,0,0,0,0,0,0,0,0,0,0,0,0,0,0,0,0,0,0,0,0,0,0,0,0,0,0,0,0,0,0,0,0,0,0,336
GSE235500_ci1451normal-1_Pre,0,0,1,0,0,0,0,0,1,0,0,0,0,0,0,0,13,2,9,13,0,3,20,190,109,4,17,15,172,165,500,35,0,1419,359,4,355,33,0,0,0,0,0,0,0,0,0,0,0,0,0,0,1,0,0,0,0,0,0,0,0,0,0,0,0,0,0,0,0,0,0,0,0,0,0,0,0,0,0,0,0,0,0,0,0,0,0,0,0,0,0,0,0,0,0,0,0,0,0,0,0,0,0,0,0,0,0,0,0,520
GSE235500_ci1451tumor-1_Pre,0,0,0,0,0,0,0,0,0,0,0,0,0,0,0,0,10,7,24,5,31,34,41,175,115,229,33,52,158,336,143,550,0,876,224,95,464,46,0,0,0,0,0,0,0,0,0,0,0,0,0,0,2,0,0,0,0,0,0,0,0,0,0,0,0,0,0,0,0,0,0,0,0,0,0,0,0,0,0,0,0,0,0,0,0,0,0,0,0,0,0,0,0,0,0,0,0,0,0,0,0,0,0,0,0,0,0,0,0,120
GSE235500_ci1452normal-1_Pre,0,0,1,0,0,0,0,2,0,0,0,0,0,0,0,0,10,0,27,8,10,2,87,579,77,22,34,40,170,200,225,27,0,1156,448,0,595,78,0,0,0,0,0,0,0,0,0,0,0,0,0,0,2,0,0,0,0,0,0,0,0,0,0,0,0,0,0,0,0,0,0,0,0,0,0,0,0,0,0,0,0,0,0,0,0,0,0,0,0,0,0,0,0,0,0,0,0,0,0,0,0,0,0,0,0,0,0,0,0,528
GSE235500_ci1452normal-2_Pre,0,0,0,0,0,0,0,2,1,0,0,0,0,0,0,0,29,6,144,36,30,9,266,1679,169,50,198,71,631,743,618,66,0,2756,1470,3,2398,160,0,0,0,0,0,0,0,0,0,0,0,0,0,0,14,0,0,0,0,0,0,0,0,0,0,0,0,0,0,0,0,0,0,0,0,0,0,0,0,0,0,0,0,0,0,0,0,0,0,0,0,0,0,0,0,0,0,0,0,0,0,0,0,0,0,0,0,0,0,0,0,1041
GSE235500_ci1452tumor-1_Pre,0,0,4,0,0,0,0,1,0,1,0,0,0,0,0,0,38,10,8,1,136,25,43,167,91,210,16,128,335,233,38,445,0,275,959,7,228,38,0,0,0,0,0,0,0,0,0,0,0,0,0,0,2,0,0,0,0,0,0,0,0,0,0,0,0,0,0,0,0,0,0,0,0,0,0,0,0,0,0,0,0,0,0,0,0,0,0,0,0,0,0,0,0,0,0,0,0,0,0,0,0,0,0,0,0,0,0,0,0,455
GSE235500_ci1452tumor-2_Pre,1,0,3,0,0,0,0,7,0,2,0,0,0,0,0,0,49,109,48,24,411,75,114,566,341,609,95,179,1373,805,223,1375,0,691,3043,20,818,167,0,0,0,0,0,0,0,0,0,0,0,0,0,0,1,0,0,0,0,0,0,0,0,0,0,0,0,0,0,0,0,0,0,0,0,0,0,0,0,0,0,0,0,0,0,0,0,0,0,0,0,0,0,0,0,0,0,0,0,0,0,0,0,0,0,0,0,0,0,0,0,953
GSE235500_ci1453normal-1_Pre,0,0,1,0,0,0,0,1,0,0,0,0,0,0,0,0,13,4,36,22,9,2,115,425,51,55,31,57,250,424,582,64,0,351,634,9,381,123,0,0,0,0,0,0,0,0,0,0,0,0,0,0,2,0,0,0,0,0,0,0,0,0,0,0,0,0,0,0,0,0,0,0,0,0,0,0,0,0,0,0,0,0,0,0,0,0,0,0,0,0,0,0,0,0,0,0,0,0,0,0,0,0,0,0,0,0,0,0,0,339
GSE235500_ci1453normal-2_Pre,0,0,0,0,0,0,0,6,1,4,0,0,0,0,0,0,19,29,111,104,39,8,407,1209,110,116,79,168,2041,1616,1043,230,4,751,2670,9,1881,338,0,0,0,0,0,0,0,0,0,0,0,0,0,0,9,0,0,0,0,0,0,0,0,0,0,0,0,0,0,0,0,0,0,0,0,0,0,0,0,0,0,0,0,0,0,0,0,0,0,0,0,0,0,0,0,0,0,0,0,0,0,0,0,0,0,0,0,0,0,0,0,1329
GSE235500_ci1453tumor-1_Pre,0,0,0,0,0,0,0,0,0,0,0,0,1,0,0,0,23,2,10,5,11,4,1,65,64,35,11,79,95,197,142,134,0,433,97,15,110,10,0,0,0,0,0,0,0,0,0,0,0,0,0,0,0,0,0,0,0,0,0,0,0,0,0,0,0,0,0,0,0,0,0,0,0,0,0,0,0,0,0,0,0,0,0,0,0,0,0,0,0,0,0,0,0,0,0,0,0,0,0,0,0,0,0,0,0,0,0,0,0,379
GSE235500_ci1453tumor-2_Pre,0,0,0,0,0,0,0,0,0,0,0,0,0,0,0,0,19,3,21,13,12,3,7,147,73,35,11,81,181,444,317,187,0,763,224,13,244,15,0,0,0,0,0,0,0,0,0,0,0,0,0,0,0,0,0,0,0,0,0,0,0,0,0,0,0,0,0,0,0,0,0,0,0,0,0,0,0,0,0,0,0,0,0,0,0,0,0,0,0,0,0,0,0,0,0,0,0,0,0,0,0,0,0,0,0,0,0,0,0,880
GSE235500_ci1456tumor-1_Pre,0,0,2,0,0,0,0,1,0,0,0,0,0,0,0,0,15,4,21,8,182,145,51,97,50,121,66,99,146,454,45,1335,0,189,442,40,328,127,0,0,0,0,0,0,0,0,0,0,0,0,0,0,1,0,0,0,0,0,0,0,0,0,0,0,0,0,0,0,0,0,0,0,0,0,0,0,0,0,0,0,0,0,0,0,0,0,0,0,0,0,0,0,0,0,0,0,0,0,0,0,0,0,0,0,0,0,0,0,0,130
GSE236581_CRC01-B-IV_Post,14,0,1,0,0,0,0,0,3,2,271,1,0,0,0,0,0,7,0,1,1,0,0,11,34,1,2,0,8,2,132,1,0,6,101,6,0,0,0,0,0,0,0,0,0,0,0,0,0,0,0,0,0,0,0,0,0,0,0,0,0,0,0,0,0,0,0,0,0,0,0,0,0,0,0,1,0,0,0,1,0,1,0,0,0,93,0,0,0,0,0,0,0,0,0,0,0,0,0,0,21,0,45,1,0,0,0,0,1,91
GSE236581_CRC01-B-I_Pre,13,0,0,0,0,0,7,0,11,0,220,4,0,0,0,0,6,59,9,171,2,0,6,140,330,33,34,6,206,221,3246,9,0,79,754,41,11,67,0,0,0,0,0,0,0,0,0,0,0,0,0,0,0,0,0,0,0,0,0,0,0,0,0,0,0,0,0,0,0,0,0,0,0,0,6,4,1,0,4,16,1,4,0,0,0,836,1,0,0,5,0,0,0,0,0,0,2,0,0,0,638,17,193,42,57,3,2,1,24,1052
GSE236581_CRC01-N-IV_Post,0,5,17,0,17,52,1,68,2,773,6,4,662,46,4,0,1,2,11,2,60,4,132,101,11,35,132,3,341,118,3,108,0,851,293,2,80,5,2,0,8,0,6,2,0,1,2,0,2,0,0,0,526,51,45,13,3,0,53,15,0,0,0,0,0,30,29,10,1,0,0,0,0,14,0,0,0,0,0,0,0,0,0,0,0,0,1,0,0,0,0,0,0,0,0,0,0,0,0,1,0,0,0,0,0,0,1,0,0,139
GSE236581_CRC01-N-I_Pre,0,3,1,0,1,4,0,2,0,4,0,0,130,42,99,0,5,1,14,1,17,4,44,22,1,19,16,24,92,230,7,67,0,43,51,3,40,20,0,0,0,0,1,0,0,0,0,0,0,0,0,2,59,38,0,2,1,0,15,1,1,0,0,0,0,0,0,2,0,0,0,7,0,2,0,0,0,0,0,0,0,0,0,0,0,0,0,0,0,0,0,2,0,1,1,0,2,0,0,1,2,12,0,0,1,0,0,0,0,129
GSE236581_CRC01-T-IV_Post,0,45,43,0,15,26,4,132,8,790,7,0,609,99,10,0,1,2,32,2,171,10,71,82,9,106,51,11,391,644,10,340,0,500,453,6,50,28,0,1,1,3,2,0,0,0,0,1,3,0,0,0,503,5,14,2,2,0,13,2,0,0,0,0,0,24,1,5,0,0,6,1,0,32,0,0,0,0,0,0,0,0,0,0,0,0,0,0,0,0,2,0,0,2,0,0,3,0,0,3,0,4,0,0,4,3,0,0,0,233
GSE236581_CRC01-T-I_Pre,0,2,0,0,0,3,0,0,0,0,0,0,0,3,0,0,6,0,10,1,35,13,31,21,1,17,3,78,77,279,16,68,0,56,35,0,64,21,0,0,0,0,0,0,1,0,0,0,0,0,0,1,17,1,0,0,0,0,0,0,0,0,0,1,0,0,0,1,0,0,0,0,0,3,0,0,0,0,0,0,0,0,1,0,0,0,1,0,0,0,1,0,0,0,0,0,0,0,0,2,23,54,0,1,8,1,0,0,1,175
GSE236581_CRC02-B-II_Post,16,0,3,6,0,0,74,2,58,0,85,49,2,2,0,4,14,26,11,103,0,0,4,64,208,27,8,46,118,105,2011,28,0,184,718,113,88,8,0,0,0,0,0,0,0,0,0,0,0,0,0,0,0,0,0,0,0,0,0,0,0,0,0,0,0,0,0,0,0,0,0,0,0,0,7,611,1,0,14,0,0,0,0,4,0,2146,0,0,0,0,0,0,0,0,0,0,0,0,0,0,1,0,5,2,8,2,1,0,0,1787
GSE236581_CRC02-B-I_Pre,14,0,0,2,0,0,53,0,60,1,76,22,1,0,0,1,2,17,3,51,1,0,1,56,99,4,12,7,91,117,1655,4,0,104,528,27,16,12,0,0,0,0,0,0,0,0,0,0,0,0,0,0,0,0,0,0,0,0,0,0,0,0,0,0,0,0,0,0,0,0,0,0,0,0,4,15,0,0,4,1,0,0,0,0,0,414,0,0,0,1,1,0,0,0,0,0,0,0,0,0,1533,116,459,17,81,7,10,0,25,2396
GSE236581_CRC02-N-II_Post,0,0,2,0,0,0,0,14,2,2,0,2,126,208,9,8,0,1,8,3,0,4,18,26,0,14,43,73,86,383,266,207,0,100,43,31,720,63,0,0,1,1,1,0,1,1,1,1,1,1,0,1,1360,35,2,1,1,0,23,0,1,0,0,0,0,41,0,3,3,0,0,0,0,3,0,4,1,0,0,0,0,0,0,0,0,5,0,0,0,0,0,0,0,0,1,0,0,0,0,3,0,1,1,0,1,1,0,0,0,317
GSE236581_CRC02-N-I_Pre,0,1,2,0,0,0,0,40,0,1,0,1,137,25,43,1,0,0,2,1,6,0,30,27,0,14,34,2,96,195,19,16,0,95,56,6,147,13,1,2,2,3,10,1,0,0,3,2,5,0,0,4,916,219,4,5,1,0,44,3,0,0,0,0,0,31,0,7,0,0,0,0,1,6,0,0,0,0,0,0,0,0,0,0,0,0,0,0,0,0,0,1,0,1,0,0,2,0,0,2,3,3,0,0,5,0,1,0,0,57
GSE236581_CRC02-T-II_Post,0,0,2,0,0,0,0,12,0,2,0,0,1,235,1,2,2,0,2,1,2,0,1,1,1,14,0,17,3,11,1,72,0,11,3,6,7,5,0,1,0,0,0,0,36,0,1,1,0,0,0,0,353,0,0,0,1,2,0,0,0,0,26,2,111,0,0,7,0,0,0,0,0,0,0,1,0,0,0,0,0,0,0,0,0,0,0,0,0,0,0,45,3,0,0,0,3,1,16,5,0,17,0,35,12,0,0,0,0,520
GSE236581_CRC02-T-I_Pre,0,11,20,27,0,0,6,257,5,11,0,2,8,39,6,1,19,8,14,0,16,17,18,52,8,90,19,158,189,216,43,83,0,50,174,49,197,15,0,6,1,0,2,0,32,1,10,8,1,28,4,1,854,0,0,0,5,13,0,0,0,1,114,15,10,1,0,17,0,0,1,0,3,1,0,0,5,0,0,0,0,1,0,0,4,0,0,0,0,7,7,4,83,6,3,3,25,0,41,28,15,146,2,5,17,0,3,18,36,352
GSE236581_CRC03-B-III_Post,20,0,1,1,0,0,34,2,48,0,98,0,0,0,0,0,0,14,3,20,2,0,2,64,83,5,5,4,68,30,124,8,0,67,488,1,2,1,0,0,0,0,0,0,0,0,0,0,0,0,0,0,0,0,0,0,0,0,0,0,0,0,0,0,0,0,0,0,0,0,0,0,0,0,0,1,0,0,0,0,0,0,0,0,0,26,0,0,0,1,0,0,0,0,0,0,0,2,0,0,99,0,38,2,25,0,10,0,3,456
GSE236581_CRC03-B-I_Pre,111,1,1,8,0,2,176,10,316,6,583,49,0,0,0,1,3,48,9,46,0,0,4,168,321,30,6,14,118,118,452,5,0,128,1473,19,33,6,0,0,0,0,0,0,0,0,0,0,0,0,0,0,0,0,0,0,0,0,0,0,0,0,0,0,0,0,0,0,0,0,0,0,0,0,0,2,0,0,0,0,0,1,0,0,0,169,0,0,0,4,0,0,0,0,1,0,0,1,0,0,1593,5,102,33,37,5,10,0,7,1848
GSE236581_CRC03-N-III_Post,0,19,18,3,2,36,0,635,3,57,2,4,447,28,3,0,1,1,10,0,87,9,94,67,40,33,277,4,222,175,39,151,0,326,187,13,132,26,0,0,1,2,2,2,0,0,0,1,1,0,0,0,1465,2,8,0,0,0,9,15,0,0,0,0,0,3,4,1,0,0,0,0,0,17,0,0,0,0,0,1,0,0,0,0,0,1,0,0,0,0,0,0,0,0,0,0,0,0,0,0,0,0,0,0,3,0,0,0,0,45
GSE236581_CRC03-N-I_Pre,0,8,67,0,0,0,1,381,1,5,0,3,644,113,1531,0,0,3,3,2,29,4,140,94,6,30,492,5,586,272,18,70,0,704,750,13,544,47,3,1,15,0,34,14,0,0,6,0,17,0,2,29,1204,718,194,94,7,0,41,46,1,0,0,0,0,27,24,21,1,3,0,164,1,19,0,0,0,0,0,0,0,0,0,0,0,0,0,0,0,0,0,1,0,1,0,0,5,0,0,70,4,13,0,0,24,4,5,0,1,638
GSE236581_CRC03-T-III_Post,0,25,23,5,2,4,1,261,4,65,0,3,44,18,4,1,7,24,21,5,88,173,146,97,15,326,62,56,650,417,53,1300,0,143,212,183,507,125,0,0,0,0,0,0,0,0,0,1,0,0,0,0,2438,1,1,0,0,1,1,0,0,0,0,0,0,3,0,2,0,0,0,0,0,10,0,0,0,0,0,0,0,0,0,0,0,0,0,0,0,0,1,0,0,3,2,1,0,0,0,1,0,1,0,0,11,0,2,1,7,132
GSE236581_CRC03-T-I_Pre,0,51,95,2,0,0,4,629,8,123,1,6,146,110,112,2,2,14,13,0,24,9,60,72,9,137,171,12,530,286,71,166,0,158,502,20,240,77,0,0,1,0,0,0,4,1,1,3,2,4,3,1,2365,10,0,0,0,2,10,2,1,18,3,6,1,4,0,11,0,1,0,2,0,11,0,0,0,0,0,0,0,1,0,0,0,0,0,0,0,0,3,2,0,5,0,3,10,0,7,21,3,27,0,0,31,3,4,8,8,206
GSE236581_CRC04-B-III_Post,49,0,2,1,0,0,50,5,87,0,369,24,0,2,0,1,16,43,14,140,0,0,2,74,398,10,8,20,112,176,1926,7,0,180,1901,9,9,100,0,0,0,0,0,0,0,0,0,0,0,0,0,0,0,0,0,0,0,0,0,0,0,0,0,0,0,0,0,0,0,0,0,0,0,0,0,32,0,0,16,0,0,1,0,0,0,89,0,0,0,1,0,0,0,0,1,0,0,1,0,2,170,2,268,30,18,0,8,0,8,620
GSE236581_CRC04-B-I_Pre,52,0,0,2,0,0,61,4,60,4,433,35,0,0,0,1,15,68,44,205,2,0,3,149,747,36,14,13,208,317,3009,9,0,288,3590,13,10,115,0,0,0,0,0,0,0,0,0,0,0,0,0,0,0,0,0,0,0,0,0,0,0,0,0,0,0,0,0,0,0,0,0,0,0,0,0,1,1,0,3,2,0,0,0,0,0,144,0,0,0,2,0,0,0,0,0,0,0,0,0,1,482,29,178,30,26,5,1,0,7,482
GSE236581_CRC04-N-III_Post,0,16,15,0,27,132,4,278,8,70,5,15,2027,53,0,1,2,1,15,2,31,10,42,50,17,9,391,1,193,246,30,95,0,363,147,5,62,41,0,0,1,1,4,0,0,0,0,0,2,0,0,0,151,5,13,0,0,1,59,16,0,0,0,0,0,0,3,7,0,0,1,0,0,9,0,0,0,1,0,1,0,0,0,0,0,0,0,0,0,1,0,0,0,3,0,0,1,0,0,1,0,0,1,0,8,2,2,0,1,99
GSE236581_CRC04-N-I_Pre,0,110,73,1,135,142,3,696,10,318,2,15,1198,92,506,12,1,1,33,1,150,24,170,117,97,57,239,5,596,562,3,254,0,266,1029,23,492,53,0,0,1,0,9,0,0,0,1,0,3,0,0,2,504,118,8,78,0,0,164,28,0,0,0,0,0,7,0,10,1,0,0,0,0,18,0,0,0,0,0,0,0,0,0,0,0,0,0,0,0,1,0,0,0,2,0,0,6,0,0,18,0,0,1,0,24,3,11,4,1,165
GSE236581_CRC04-T-III_Post,0,62,75,4,13,28,0,625,16,432,5,1,127,47,4,5,3,5,228,3,353,159,84,119,118,159,111,30,465,2605,25,910,0,636,879,36,226,308,0,0,0,0,0,0,0,0,0,0,1,0,0,0,15,0,0,1,0,0,0,1,0,0,0,0,0,2,0,1,0,0,1,0,0,20,0,0,0,0,0,0,0,0,0,0,0,0,2,0,0,0,0,0,0,2,0,0,1,0,0,1,1,1,0,0,2,1,1,0,1,338
GSE236581_CRC04-T-I_Pre,0,3,0,3,0,0,0,25,0,5,0,1,19,14,5,1,14,76,32,2,50,84,167,119,1,497,89,119,865,218,125,601,1,61,165,383,578,113,0,14,1,0,1,1,80,0,16,21,0,50,29,0,634,0,0,0,3,7,1,0,0,31,11,17,4,22,0,93,0,0,0,0,1,14,0,0,4,0,0,0,0,1,2,0,0,0,0,0,1,0,0,0,0,0,0,0,0,2,2,34,0,4,13,0,12,4,12,17,5,237
GSE236581_CRC05-B-II_Post,89,2,0,0,0,0,66,4,99,6,1009,38,12,1,0,2,16,27,1,108,5,0,1,110,296,22,130,10,185,154,1321,10,0,104,1338,34,14,49,0,0,0,0,0,0,0,0,0,0,0,0,0,0,9,1,0,0,0,0,1,0,0,0,0,0,0,0,0,0,0,0,0,0,0,0,5,24,0,1,2,2,0,1,0,0,0,1138,0,0,0,0,0,0,0,0,0,0,0,0,0,0,38,0,93,8,13,0,4,0,4,2294
GSE236581_CRC05-B-I_Pre,101,42,3,1,0,0,220,82,170,4,1125,34,0,2,0,2,8,71,23,224,0,0,6,390,1173,35,137,14,233,325,1113,13,0,234,5395,25,15,43,0,0,0,0,0,0,0,0,0,0,0,0,0,0,0,0,0,0,0,0,0,0,0,0,0,0,0,0,0,0,0,0,0,0,0,0,0,31,0,0,1,3,0,2,0,0,1,411,6,0,0,2,0,0,0,0,0,0,0,0,0,0,83,0,72,2,52,9,1,0,10,1490
GSE236581_CRC05-N-II_Post,0,17,27,1,2,11,2,347,4,270,6,3,797,34,3,0,0,1,2,0,33,1,31,13,15,0,309,0,94,73,10,35,0,324,115,1,114,20,0,0,0,0,4,4,0,0,0,0,7,0,0,0,812,101,29,5,0,0,62,55,3,0,0,0,0,7,23,14,0,0,0,0,0,9,0,0,0,0,0,1,0,0,0,0,0,0,0,0,0,4,0,0,0,0,0,1,0,0,0,0,0,1,1,0,7,0,0,1,1,63
GSE236581_CRC05-T-II_Post,0,1,4,0,0,0,0,5,1,32,0,1,9,7,0,2,1,0,1,1,5,12,18,5,1,14,11,4,59,14,2,48,0,15,27,18,34,6,0,0,0,0,0,0,0,0,0,1,0,0,0,1,1275,0,0,0,0,0,1,1,0,3,0,0,0,0,0,1,0,0,0,0,0,0,0,0,0,0,0,0,0,0,0,0,0,0,0,0,0,0,0,0,0,2,0,0,0,0,0,0,0,1,0,0,0,0,0,0,2,20
GSE236581_CRC05-T-I_Pre,4,8,94,0,1,3,3,68,19,44,6,5,1501,196,0,1,1,3,5,3,15,9,34,27,24,17,629,1,238,194,15,49,0,1087,413,0,201,57,0,1,0,0,2,0,0,0,0,0,0,0,0,0,868,32,5,4,1,0,0,6,0,0,0,0,0,4,0,3,0,0,0,0,0,6,0,0,0,0,0,0,0,0,0,0,0,0,0,0,0,1,0,0,0,1,1,0,0,0,0,59,5,2,2,0,16,0,4,0,2,287
GSE236581_CRC08-B-IV_Post,10,0,2,1,0,0,83,7,50,2,221,22,0,0,0,0,12,70,5,81,1,0,1,115,191,41,4,10,125,136,470,11,0,100,1089,32,7,5,0,0,0,0,0,0,0,0,0,0,0,0,0,0,0,0,0,0,0,0,0,0,0,0,0,0,0,0,0,0,0,0,0,0,0,0,0,3,2,0,0,0,0,0,0,0,0,208,0,0,0,0,0,0,0,0,0,0,0,0,0,0,1161,30,595,35,104,7,2,0,24,2230
GSE236581_CRC08-B-I_Pre,85,1,3,3,0,0,463,18,233,23,952,80,4,0,0,5,8,187,19,388,4,1,3,351,691,25,69,5,308,200,1381,3,0,198,3262,20,14,16,0,0,0,0,0,0,0,0,0,0,0,0,0,0,3,0,0,0,0,0,0,0,0,0,0,0,0,0,0,0,0,0,0,0,0,0,1,12,0,0,2,2,0,1,0,0,0,123,0,0,0,1,0,0,0,0,0,0,0,0,0,0,41,0,63,3,9,0,0,0,1,1874
GSE236581_CRC08-N-IV_Post,0,6,25,3,0,2,0,272,5,11,0,3,371,16,51,0,0,0,2,0,16,1,36,33,2,6,156,2,112,55,8,15,0,72,116,4,136,4,0,0,0,1,0,0,0,0,0,0,0,0,0,0,2680,7,0,1,0,0,15,3,0,0,0,0,0,1,0,1,0,0,0,0,0,2,0,0,0,0,0,0,0,0,0,0,0,0,0,0,0,0,0,0,0,0,0,0,0,0,0,5,0,0,0,0,2,1,1,0,0,30
GSE236581_CRC08-N-I_Pre,0,15,71,1,0,0,5,146,7,35,24,6,561,31,369,0,1,4,2,11,34,8,122,39,21,17,277,7,320,119,100,40,0,186,273,1,295,31,0,1,1,0,2,0,0,0,0,1,3,0,0,0,1182,35,4,2,0,0,23,5,0,1,0,0,0,0,0,0,0,0,0,6,0,8,0,2,0,0,0,0,0,0,0,0,0,16,0,0,0,0,0,0,0,0,0,0,2,0,0,26,13,2,7,2,7,0,4,1,1,284
GSE236581_CRC08-T-IV_Post,0,10,44,0,5,4,1,416,4,12,0,0,251,17,73,0,0,0,5,0,28,6,46,33,2,16,147,0,129,163,0,27,0,87,183,14,169,21,1,1,2,2,4,3,0,0,1,0,4,0,0,0,571,145,48,72,44,1,147,101,0,0,0,0,0,16,28,11,0,2,4,0,0,4,0,0,0,0,0,0,0,0,0,0,0,0,0,0,0,0,0,1,0,1,0,0,2,0,0,22,0,1,1,0,3,1,0,0,0,110
GSE236581_CRC08-T-I_Pre,0,33,354,0,2,2,9,794,13,164,2,1,367,106,232,4,0,4,36,3,88,19,103,93,13,78,414,6,421,654,41,214,0,252,525,5,574,113,0,3,1,0,1,0,0,2,3,7,4,8,0,1,782,24,3,9,3,1,34,14,0,5,0,0,0,6,0,6,0,0,0,1,0,8,0,0,0,0,0,0,0,1,0,0,0,0,0,0,0,2,1,0,0,1,1,0,1,0,0,50,0,6,1,0,5,1,0,1,2,205
GSE236581_CRC08-TN-I_Pre,0,23,197,0,0,0,3,263,5,38,1,2,796,116,470,2,2,1,13,1,25,11,85,57,6,16,521,10,298,266,11,62,0,299,382,4,500,62,0,0,1,1,2,0,0,1,2,0,7,0,0,0,801,11,6,4,1,0,36,10,0,1,0,0,0,5,2,5,1,0,0,0,0,15,0,0,0,0,0,0,0,0,0,0,0,0,0,0,0,1,0,0,0,0,1,0,2,0,0,29,0,3,0,0,3,2,1,1,0,222
GSE236581_CRC09-B-II_Post,1,0,0,0,0,0,2,0,2,0,8,0,0,0,0,0,1,0,1,4,0,0,0,3,30,0,2,0,1,1,23,0,0,1,55,0,1,1,0,0,0,0,0,0,0,0,0,0,0,0,0,0,0,0,0,0,0,0,0,0,0,0,0,0,0,0,0,0,0,0,0,0,0,0,0,0,1,0,0,0,0,0,0,0,0,41,0,0,0,0,0,0,0,0,0,0,0,0,0,0,7,2,10,1,1,0,0,0,1,26
GSE236581_CRC09-B-I_Pre,179,2,5,5,0,0,108,10,154,22,165,14,0,0,0,0,1,8,7,65,1,0,0,28,126,11,12,11,61,105,1311,4,0,88,706,48,6,67,0,0,0,0,0,0,0,0,0,0,0,0,0,0,0,0,0,0,0,0,0,0,0,0,0,0,0,0,0,0,0,0,0,0,0,0,4,142,0,7,15,8,1,7,0,1,0,2352,2,0,0,1,0,0,0,0,0,0,0,0,0,0,43,2,708,15,49,6,7,0,21,1600
GSE236581_CRC09-N-II_Post,0,5,1,1,0,0,0,32,0,0,0,2,1997,59,31,1,0,3,2,0,2,2,32,25,1,14,44,13,165,103,12,32,0,84,97,5,300,24,0,2,30,0,54,13,5,0,1,0,3,0,5,21,395,729,158,6,5,1,9,146,0,0,0,0,0,48,224,36,1,5,0,327,3,5,0,0,1,0,0,0,0,0,0,0,0,1,0,0,0,1,18,17,1,16,4,3,0,3,2,39,14,63,2,3,23,1,5,1,3,449
GSE236581_CRC09-N-I_Pre,0,10,39,7,0,2,1,137,1,45,0,1,394,145,244,7,4,9,8,1,30,15,44,27,5,66,111,96,349,234,37,236,0,161,187,49,406,50,0,0,3,0,2,0,10,0,5,1,1,1,0,2,862,107,6,6,8,3,51,7,0,8,0,3,0,5,1,58,0,2,1,32,2,4,0,0,5,0,0,0,0,1,0,0,0,0,0,0,1,0,3,1,0,0,0,0,4,0,0,24,3,10,3,1,36,1,8,4,9,267
GSE236581_CRC09-T-II_Post,0,7,6,3,0,0,0,62,0,3,0,2,1191,160,126,2,0,1,3,0,2,1,15,10,0,8,25,18,97,82,5,24,0,42,30,5,174,20,2,7,29,0,39,10,1,2,3,1,1,0,6,24,722,666,151,20,18,5,42,105,0,1,0,2,0,46,157,42,3,9,4,156,5,1,0,0,1,0,0,0,0,0,0,0,0,0,0,0,0,15,72,22,1,36,12,4,7,0,0,63,9,42,1,0,18,0,7,2,0,371
GSE236581_CRC09-T-I_Pre,0,7,40,19,0,0,2,85,0,6,0,1,69,56,30,4,8,21,15,3,23,28,32,38,3,143,79,221,204,174,36,570,0,110,176,166,306,57,0,0,1,0,2,1,18,1,9,13,1,9,13,3,520,2,0,0,0,6,8,0,1,35,10,8,2,5,0,89,0,0,0,2,11,4,0,0,5,0,0,0,0,1,0,0,0,0,0,0,0,1,0,6,1,3,0,1,30,2,7,58,0,60,7,0,55,7,15,3,29,316
GSE236581_CRC11-B-I_Pre,18,0,1,0,0,0,46,2,28,2,594,18,0,0,0,1,5,96,12,126,1,0,2,168,680,40,50,6,32,223,1364,4,0,94,2119,39,8,11,0,0,0,0,0,0,0,0,0,0,0,0,0,0,0,0,0,0,0,0,0,0,0,0,0,0,0,0,0,0,0,0,0,0,0,0,0,1,0,1,2,1,0,1,0,0,0,391,0,0,0,4,0,0,1,0,0,0,0,0,0,1,470,6,367,12,32,4,8,0,11,1491
GSE236581_CRC11-N-II_Post,0,4,0,2,0,0,1,14,0,3,0,3,1066,91,358,0,2,1,18,2,8,1,86,70,1,9,35,63,247,305,22,14,0,309,112,5,783,17,0,0,1,0,18,13,0,2,0,0,4,1,0,8,447,206,38,29,18,1,63,14,1,1,0,0,0,5,2,10,1,2,0,1,0,3,0,0,0,0,0,0,0,0,0,0,0,0,0,0,0,2,1,1,1,0,0,1,5,0,0,45,1,20,7,0,17,1,2,2,1,237
GSE236581_CRC11-N-I_Pre,0,0,1,0,0,2,0,6,0,0,0,0,123,8,58,0,0,0,2,0,1,2,16,12,0,0,95,3,39,64,3,12,0,281,10,5,293,9,0,0,0,1,4,3,0,0,0,0,1,0,0,1,618,30,9,2,3,0,1,1,0,0,0,0,0,0,1,5,0,0,0,0,0,1,0,0,1,0,0,0,0,0,0,0,0,0,0,0,0,0,0,4,0,0,0,0,3,0,0,8,0,0,0,0,2,0,0,0,0,74
GSE236581_CRC11-T-II_Post,0,4,0,1,0,0,0,6,0,1,0,2,810,46,142,4,0,0,7,0,4,0,19,14,0,5,208,2,132,115,3,31,0,114,24,18,455,17,5,1,9,4,21,2,0,0,1,0,18,0,0,6,989,65,32,1,12,1,64,4,0,0,0,0,0,10,1,16,0,1,0,0,0,1,0,0,1,0,0,0,0,0,0,0,0,0,0,0,0,0,0,0,0,0,0,1,1,0,0,22,0,1,3,0,8,1,0,0,0,117
GSE236581_CRC11-T-I_Pre,1,65,11,11,33,63,0,123,0,368,3,0,155,237,64,13,0,5,17,2,104,67,15,8,3,143,19,45,70,544,12,1319,0,122,166,106,202,21,0,9,12,0,3,5,24,2,13,6,2,7,22,15,355,5,1,2,1,3,1,1,0,6,6,1,0,12,0,11,0,0,0,0,0,1,0,0,1,0,0,0,0,0,0,0,1,0,0,0,0,0,2,1,0,1,0,0,5,0,4,52,1,12,2,0,7,0,1,5,3,254
GSE236581_CRC12-B-II_Post,151,2,10,3,0,0,172,7,175,6,136,2208,8,42,0,259,2,121,5,37,0,0,0,86,333,27,37,4,99,106,371,11,0,146,1905,67,12,27,0,0,0,0,0,0,0,0,0,0,0,0,0,0,0,0,0,0,0,0,0,0,0,0,0,0,0,0,0,0,0,0,0,0,0,0,3,3,0,0,24,1,0,1,0,0,0,172,0,0,0,3,1,0,0,0,0,0,0,0,0,0,313,4,195,5,10,1,1,0,2,1112
GSE236581_CRC12-B-I_Pre,43,0,0,4,0,0,43,2,127,1,510,16,0,0,0,0,6,66,10,233,3,0,2,79,443,20,11,14,72,159,1523,7,0,111,1621,12,11,38,0,0,0,0,0,0,0,0,0,0,0,0,0,0,0,0,0,0,0,0,0,0,0,0,0,0,0,0,0,0,0,0,0,0,0,0,5,129,1,0,20,2,0,3,0,1,0,929,0,0,0,4,0,0,0,0,0,0,0,0,0,0,108,1,196,8,8,0,1,0,1,1658
GSE236581_CRC12-N-I_Pre,0,0,6,0,1,0,0,12,0,4,0,0,155,13,301,0,0,0,0,0,2,2,21,7,0,4,176,0,29,49,4,31,0,101,18,1,160,7,0,0,0,0,9,0,0,0,1,0,3,0,0,3,595,70,21,2,0,0,30,3,0,0,0,0,0,7,2,2,0,2,0,0,0,4,0,0,0,0,0,0,0,0,0,0,0,1,0,0,0,0,0,1,0,0,0,0,2,0,0,12,0,1,1,0,3,0,0,0,0,93
GSE236581_CRC12-T-II_Post,1,78,635,1,13,19,6,111,16,265,5,23,252,684,2,75,0,8,12,0,81,16,24,17,8,36,178,8,192,488,16,217,0,230,342,40,39,51,0,1,1,0,3,0,0,0,1,1,1,4,2,2,262,4,0,3,0,0,9,2,0,0,1,1,1,5,0,6,0,0,0,0,0,7,0,0,0,0,0,0,0,0,0,0,0,0,0,0,0,2,0,1,0,1,0,1,9,0,1,17,3,29,0,2,7,1,3,3,1,217
GSE236581_CRC12-T-I_Pre,0,1,1,1,0,0,0,14,0,3,0,2,46,84,38,13,1,10,6,0,14,43,65,16,3,38,2,25,248,19,6,165,0,18,51,111,164,15,0,0,0,0,1,3,79,0,6,7,0,6,10,2,88,0,0,0,1,7,0,0,0,38,18,11,4,6,0,50,0,0,0,0,0,1,0,0,1,0,0,0,0,0,0,0,0,0,0,0,0,0,1,0,0,0,0,1,5,0,0,7,0,3,1,1,4,1,0,3,4,136
GSE236581_CRC14-B-III_Post,90,1,12,0,0,0,80,60,296,9,476,21,0,0,0,7,0,7,7,87,0,1,1,31,207,9,71,5,36,342,2440,20,0,188,1642,15,37,121,0,0,0,0,0,0,0,0,0,0,0,0,0,0,0,0,0,0,0,0,0,0,0,0,0,0,0,0,0,0,0,0,0,0,0,0,0,1,0,0,0,5,0,0,0,0,0,428,0,0,0,3,0,0,0,0,0,0,0,0,0,0,74,1,37,2,4,0,1,0,3,2052
GSE236581_CRC14-B-I_Pre,82,0,2,9,0,0,110,20,493,9,447,16,0,1,0,0,2,42,16,101,2,0,0,103,584,22,38,19,79,229,1553,10,0,161,3033,28,3,40,0,0,0,0,0,0,0,0,0,0,0,0,0,0,0,0,0,0,0,0,0,0,0,0,0,0,0,0,0,0,0,0,0,0,0,0,0,4,1,0,1,0,0,1,0,0,0,121,0,0,0,3,0,0,0,0,0,0,0,0,0,0,597,3,253,15,67,8,12,0,7,1594
GSE236581_CRC14-N-III_Post,0,1,8,0,1,1,0,76,1,26,1,1,1058,85,3,1,0,0,1,0,11,4,29,24,6,6,92,2,83,72,4,17,0,301,144,4,39,10,2,0,1,0,1,4,0,0,0,0,2,0,0,0,1228,123,66,5,3,0,45,37,0,0,0,0,0,17,76,3,0,3,0,0,0,5,0,0,0,0,0,0,0,0,0,0,0,0,0,0,0,3,0,0,0,3,0,0,1,0,0,0,0,2,0,0,7,0,5,0,0,65
GSE236581_CRC14-N-I_Pre,0,30,98,0,0,2,0,544,3,55,2,0,256,50,160,0,0,0,12,0,30,6,73,58,7,15,213,0,184,211,5,32,0,360,234,4,318,27,0,2,3,1,8,1,0,0,4,1,9,0,1,3,1011,135,146,37,16,0,100,46,1,0,0,0,0,23,48,14,1,0,0,2,0,27,0,0,0,0,0,0,1,0,0,0,0,0,0,0,0,0,0,0,0,0,0,1,1,0,0,15,0,0,0,0,7,1,1,0,0,174
GSE236581_CRC14-T-III_Post,0,5,10,2,0,0,0,24,1,10,0,1,35,69,0,1,8,8,18,2,27,119,60,37,5,156,47,61,266,404,32,747,0,97,229,92,164,75,0,5,8,3,3,1,19,1,15,7,6,7,20,28,925,9,26,1,1,8,2,2,0,1,4,3,0,12,2,25,1,0,18,0,0,5,0,0,0,0,0,0,0,0,0,0,0,0,0,0,0,1,3,0,2,0,0,0,6,0,3,9,0,15,1,2,5,0,9,4,1,265
GSE236581_CRC14-T-I_Pre,0,3,12,0,0,0,0,164,1,51,0,1,254,55,91,1,0,2,3,0,2,4,28,15,0,23,291,0,64,81,2,31,0,202,57,8,254,36,1,0,1,0,0,1,0,0,1,0,3,0,0,1,1114,30,11,1,2,1,83,14,0,0,0,0,0,9,4,14,1,0,0,3,0,6,0,0,0,0,0,0,0,0,0,0,0,0,0,0,0,0,0,4,0,0,1,0,8,0,0,5,0,0,0,0,2,1,0,0,0,84
GSE236581_CRC15-B-II_Post,6,0,0,0,0,0,3,0,3,0,78,1,0,0,0,0,6,33,2,10,1,0,2,50,243,11,2,4,60,18,301,1,0,22,601,7,2,3,0,0,0,0,0,0,0,0,0,0,0,0,0,0,0,0,0,0,0,0,0,0,0,0,0,0,0,0,0,0,0,0,0,0,0,0,0,0,0,0,2,1,0,0,0,0,0,27,0,0,0,1,0,0,0,0,0,0,0,0,0,0,289,6,108,7,12,0,1,0,8,221
GSE236581_CRC15-B-I_Pre,77,2,0,1,0,0,11,2,12,58,514,1,0,0,0,0,33,121,15,306,0,1,10,188,1841,65,38,58,319,76,3050,27,0,176,4054,56,10,21,0,0,0,0,0,0,0,0,0,0,0,0,0,0,1,0,0,0,0,0,0,0,0,0,0,0,0,0,0,0,0,0,0,0,0,0,2,72,0,0,2,1,0,1,0,0,0,164,1,0,0,9,0,0,0,0,0,0,2,0,0,1,609,21,356,58,37,2,1,0,26,2446
GSE236581_CRC15-N-II_Post,0,2,0,1,4,11,0,27,1,26,1,0,78,9,0,0,1,0,0,0,27,3,21,15,3,4,13,0,51,31,23,13,0,56,51,2,34,10,2,0,2,1,0,0,0,0,0,0,6,0,0,0,1092,4,25,0,0,0,8,10,0,0,0,0,0,7,17,1,0,0,1,0,0,0,0,0,0,0,0,0,0,0,0,0,0,1,0,0,0,0,0,0,0,0,1,0,1,0,0,2,2,2,0,0,3,0,0,0,1,35
GSE236581_CRC15-N-I_Pre,0,15,6,1,1,4,0,88,3,65,0,4,717,34,283,1,0,2,3,0,20,3,158,87,4,6,405,0,461,113,37,74,0,369,339,1,276,61,0,3,3,2,3,1,0,0,0,3,7,1,0,1,1073,200,57,6,8,0,61,29,1,0,0,0,0,12,21,5,0,0,0,0,0,7,0,0,0,0,0,0,0,0,0,0,0,0,0,0,0,0,0,0,0,1,0,0,1,0,0,37,0,2,0,2,7,0,4,0,0,235
GSE236581_CRC15-T-II_Post,0,11,7,3,1,3,0,33,0,156,2,1,64,43,0,4,1,4,5,0,77,119,22,26,7,117,9,33,103,54,10,510,0,34,93,44,78,13,0,1,2,0,15,1,11,0,6,3,4,7,15,5,557,10,1,0,0,2,5,3,0,1,2,1,0,0,0,7,0,0,2,0,0,2,0,0,0,0,0,0,0,0,0,0,0,0,0,0,0,0,5,0,1,1,0,0,1,0,0,35,2,19,2,5,1,0,0,1,5,85
GSE236581_CRC15-T-I_Pre,0,22,13,7,0,5,2,49,1,226,8,7,254,150,36,9,1,19,10,5,113,88,307,203,21,226,380,44,702,232,112,481,0,242,430,42,353,70,0,3,0,0,0,1,14,1,6,5,1,4,3,3,1373,10,1,0,1,7,16,6,0,0,6,3,2,1,0,11,0,0,1,1,2,16,0,0,0,0,0,0,0,0,0,0,0,0,1,0,0,1,0,1,0,2,0,0,1,0,0,40,2,7,0,2,3,0,3,0,4,242
GSE236581_CRC16-B-II_Post,0,1,18,0,0,0,0,59,0,6,0,10,1220,57,19,1,0,1,4,1,5,0,16,34,6,2,158,2,127,113,22,23,0,225,168,32,90,14,2,0,1,2,3,11,0,0,0,0,5,0,0,5,590,132,94,10,2,0,19,11,0,0,0,0,0,31,197,8,1,2,0,0,0,0,0,0,0,0,0,0,0,0,0,0,0,0,0,0,0,4,0,1,0,1,1,1,10,0,0,4,0,12,2,0,5,0,0,0,0,120
GSE236581_CRC16-B-I_Pre,53,0,2,12,0,0,90,2,79,2,80,66,0,0,0,9,2,22,2,184,1,0,1,68,313,15,15,24,82,60,1589,5,0,70,1085,155,9,13,0,0,0,0,0,0,0,0,0,0,0,0,0,0,0,0,0,0,0,0,0,0,0,0,0,0,0,0,0,0,0,0,0,0,0,0,2,26,1,0,0,2,0,0,0,0,0,350,0,0,0,6,0,0,0,0,0,0,1,0,0,0,57,13,120,1,12,0,0,0,8,3584
GSE236581_CRC16-LN-II_Post,1,110,85,21,45,64,4,585,14,559,14,10,29,76,0,20,5,8,39,1,257,4,3,48,171,99,8,11,56,529,11,282,0,134,1012,55,8,7,0,0,0,0,0,0,0,0,0,0,1,0,0,2,0,0,0,0,0,0,0,0,0,0,0,0,0,0,1,0,0,0,0,0,0,14,0,0,1,0,0,1,0,0,0,0,0,0,0,0,0,0,4,0,2,3,1,0,11,0,0,1,2,8,3,0,57,4,20,5,36,218
GSE236581_CRC16-N-II_Post,0,11,46,1,9,7,2,140,1,42,1,5,309,236,0,5,0,0,4,0,15,11,28,11,2,45,26,18,135,78,12,188,0,111,89,24,27,13,0,1,4,0,3,0,5,1,1,4,2,3,11,7,583,46,14,3,4,5,27,1,1,2,6,7,1,8,17,5,3,0,0,2,0,6,0,0,0,0,0,0,0,0,0,0,0,0,0,0,0,4,9,2,1,0,0,1,4,0,0,12,1,9,0,1,5,4,5,2,6,90
GSE236581_CRC16-N-I_Pre,0,2,12,0,0,0,0,91,2,2,0,2,137,37,161,3,0,4,3,0,5,2,101,25,1,17,70,14,315,124,10,70,0,106,90,16,165,20,4,9,16,1,27,2,0,1,2,1,26,0,1,34,891,1094,155,36,10,4,70,104,0,0,0,0,0,39,43,42,0,5,0,222,0,11,0,0,0,0,0,0,0,1,0,0,0,0,0,0,0,0,3,0,0,5,0,1,3,0,0,119,1,1,0,0,11,2,7,1,4,420
GSE236581_CRC16-T-II_Post,18,1,5,2,0,0,21,4,29,4,51,10,0,0,0,1,1,14,5,142,0,0,3,50,272,13,7,11,67,119,1200,8,0,76,957,32,15,19,0,0,0,0,0,0,0,0,0,0,0,0,0,0,0,0,0,0,0,0,0,0,0,0,0,0,0,0,0,0,0,0,0,0,0,0,1,2,8,0,1,39,0,0,0,0,0,115,1,0,0,0,0,0,0,0,0,0,0,0,0,0,607,381,225,75,42,1,2,0,22,1097
GSE236581_CRC16-T-I_Pre,0,27,35,3,0,10,1,647,12,45,1,8,309,33,374,5,0,1,16,7,35,9,131,54,8,26,71,8,435,182,33,68,0,225,299,5,174,19,2,2,3,1,4,4,0,0,1,0,4,0,0,2,748,300,45,2,2,2,22,45,0,0,0,0,0,24,19,15,0,6,0,51,0,21,0,0,0,0,0,0,0,0,0,0,0,0,0,0,0,1,3,2,0,6,1,0,8,1,1,46,25,54,2,0,4,2,3,0,5,361
GSE236581_CRC17-B-II_Post,14,0,0,0,0,0,26,1,27,1,79,14,0,1,0,4,8,99,2,30,3,0,3,166,333,16,22,2,68,53,201,7,0,46,1092,12,2,0,0,0,0,0,0,0,0,0,0,0,0,0,0,0,1,0,0,0,0,0,0,0,0,0,0,0,0,0,0,0,0,0,0,0,0,0,2,3,0,0,2,1,0,1,0,0,0,88,0,0,0,3,0,0,0,0,0,0,0,0,0,0,60,1,125,17,2,0,0,0,0,189
GSE236581_CRC17-B-I_Pre,22,1,2,1,0,0,106,1,58,4,130,124,2,6,0,21,16,121,3,26,2,0,0,137,511,18,14,11,77,51,196,11,0,58,2208,15,7,0,0,0,0,0,0,0,0,0,0,0,0,0,0,0,0,0,0,0,0,0,0,0,0,0,0,0,0,0,0,0,0,0,0,0,0,0,0,0,0,0,2,0,0,0,0,0,0,224,0,0,0,12,0,0,0,0,0,0,0,0,0,0,463,26,324,25,26,3,0,0,10,261
GSE236581_CRC17-N-II_Post,0,9,14,3,8,13,1,72,2,139,3,8,572,76,19,8,0,4,10,1,84,6,54,62,55,25,256,1,103,132,7,36,0,39,375,8,162,11,1,0,5,1,1,10,0,0,0,0,3,0,0,4,771,50,11,2,1,1,30,13,0,0,0,0,0,19,17,9,2,1,1,0,1,10,0,0,1,0,0,0,0,0,0,0,0,0,0,0,0,3,0,0,0,0,0,1,9,0,0,47,3,8,4,4,8,2,2,0,1,102
GSE236581_CRC17-N-I_Pre,0,2,0,1,0,0,0,0,0,0,0,6,549,121,216,12,1,0,4,1,4,3,45,17,1,11,129,5,102,101,4,25,0,26,39,19,204,9,0,1,0,0,1,0,0,1,3,0,3,0,0,0,274,188,8,15,0,0,37,12,0,0,0,0,0,1,0,1,0,0,0,0,0,1,0,0,2,0,0,0,0,0,0,0,0,0,1,0,0,1,0,0,0,1,0,0,4,0,0,28,1,2,3,0,8,1,4,0,0,85
GSE236581_CRC17-T-II_Post,2,61,79,4,35,36,3,152,7,52,5,30,49,823,1,125,0,30,155,26,218,137,68,128,52,40,27,41,214,1489,183,133,0,45,547,29,521,67,11,15,28,11,1,4,0,0,6,4,60,19,18,46,3,0,9,8,2,2,0,1,0,0,5,1,0,23,1,23,10,0,8,0,0,5,1,0,1,0,0,1,1,0,0,0,0,5,0,0,0,3,1,1,7,4,1,1,25,0,2,5,23,19,14,33,5,0,2,1,9,156
GSE236581_CRC17-T-I_Pre,0,0,1,0,0,0,1,5,0,6,0,1,5,6,1,0,2,3,3,7,3,3,20,34,7,37,6,3,55,63,25,36,0,11,88,16,47,5,0,5,1,0,1,0,13,0,10,1,0,26,10,4,931,0,0,0,0,0,2,0,0,5,0,0,0,1,0,6,0,0,0,0,0,0,0,0,0,0,0,0,1,0,0,0,0,2,0,0,0,1,1,14,0,2,1,1,6,0,0,6,11,28,4,2,4,0,1,0,12,61
GSE236581_CRC18-B-III_Post,35,1,2,2,0,0,62,4,102,9,685,27,0,0,0,2,9,88,11,304,0,0,2,112,651,18,12,13,210,326,1896,10,0,144,2977,10,14,8,0,0,0,0,0,0,0,0,0,0,0,0,0,0,0,0,0,0,0,0,0,0,0,0,0,0,0,0,0,0,0,0,0,0,0,0,0,15,0,0,7,0,0,2,0,0,0,278,1,0,0,0,0,0,0,0,0,0,0,0,0,1,281,2,127,2,23,0,2,0,5,1827
GSE236581_CRC18-B-I_Pre,103,2,0,1,0,0,151,1,190,6,449,106,0,1,0,14,6,22,7,213,0,0,2,78,470,10,40,12,92,111,1421,2,0,57,1672,56,16,16,0,0,0,0,0,0,0,0,0,0,0,0,0,0,0,0,0,0,0,0,0,0,0,0,0,0,0,0,0,0,0,0,0,0,0,0,3,21,1,1,29,1,1,1,0,0,0,677,0,0,0,16,0,0,0,1,0,0,0,0,0,0,722,16,536,15,21,2,1,0,8,1878
GSE236581_CRC18-N-III_Post,0,34,25,0,48,94,0,259,0,79,1,3,523,45,21,1,0,0,9,3,51,4,48,19,21,12,110,1,100,211,35,59,0,140,148,0,163,13,13,4,10,10,15,5,0,0,3,1,82,0,0,4,663,210,68,35,4,0,70,17,0,0,0,1,0,70,8,17,1,0,2,0,0,7,0,0,0,0,0,0,1,0,0,0,0,0,0,0,0,1,0,0,0,3,3,0,5,0,0,14,1,5,1,2,16,1,0,0,0,288
GSE236581_CRC18-N-I_Pre,0,5,5,0,0,0,0,8,0,0,0,3,908,52,287,2,0,0,3,0,4,7,122,34,1,3,309,1,201,81,6,14,0,227,33,5,631,34,0,1,0,1,26,0,0,0,0,0,4,0,0,1,1068,539,15,5,7,0,97,10,0,0,0,0,0,4,0,7,0,0,0,0,0,3,0,0,0,0,0,0,0,0,0,0,0,1,0,0,0,1,0,1,0,2,0,0,3,0,0,33,1,0,0,0,7,0,3,0,0,142
GSE236581_CRC18-T-III_Post,1,86,15,2,11,14,4,340,10,165,3,12,304,608,10,48,5,4,35,3,93,47,28,61,7,59,120,16,142,850,16,313,0,315,238,22,170,164,0,3,10,5,2,6,6,0,6,3,12,46,13,56,147,135,33,22,72,67,46,38,1,1,155,39,19,46,6,71,9,1,253,1,1,14,0,0,0,1,0,0,0,0,0,0,0,0,0,0,0,4,3,0,2,8,1,1,17,0,1,15,7,35,3,2,11,0,4,9,7,356
GSE236581_CRC18-T-I_Pre,0,0,0,0,0,0,0,1,0,1,0,0,0,3,0,0,0,1,1,2,3,3,3,4,0,35,8,0,13,24,6,99,1,10,2,39,53,20,0,3,1,0,0,0,31,0,2,11,0,6,13,0,1938,0,0,0,1,0,0,0,0,0,2,1,0,6,0,12,0,0,0,0,0,0,0,0,1,0,0,0,0,0,0,0,0,1,0,0,0,0,0,0,7,0,0,0,2,0,33,4,22,36,2,2,1,0,1,1,0,120
GSE236581_CRC19-B-III_Post,41,0,1,1,0,0,54,0,44,1,562,8,0,0,0,0,11,59,13,59,2,0,6,131,518,52,13,6,95,94,637,6,0,76,1773,13,8,9,0,0,0,0,0,0,0,0,0,0,0,0,0,0,0,0,0,0,0,0,0,0,0,0,0,0,0,0,0,0,0,0,0,0,0,0,3,24,0,0,6,2,0,3,0,0,0,632,1,0,0,3,0,0,0,0,0,0,0,0,0,0,446,0,52,22,3,2,1,0,6,663
GSE236581_CRC19-B-I_Pre,55,0,1,0,0,0,18,0,24,1,81,22,0,0,0,1,26,68,9,157,1,0,3,107,676,35,84,8,75,114,1750,10,0,66,2140,35,6,21,0,0,0,0,0,0,0,0,0,0,0,0,0,0,0,0,0,0,0,0,0,0,0,0,0,0,0,0,0,0,0,0,0,0,0,0,4,6,1,0,7,1,0,5,0,0,0,457,0,0,0,0,0,0,0,0,0,0,0,0,0,0,90,4,38,0,7,0,0,0,4,1410
GSE236581_CRC19-N-III_Post,0,1,3,0,7,13,2,51,0,41,0,5,1354,59,13,0,0,0,4,0,19,2,44,36,13,3,47,0,109,125,2,18,0,184,152,2,76,11,2,1,1,1,9,0,0,0,0,0,7,0,0,4,441,144,28,12,0,0,33,5,0,0,0,0,0,15,149,7,1,1,0,0,0,3,0,0,0,0,0,0,0,0,0,0,0,0,0,0,0,4,0,2,0,3,0,3,11,0,0,26,2,6,0,1,7,1,1,0,0,70
GSE236581_CRC19-N-I_Pre,0,48,4,0,5,3,1,54,1,34,0,7,522,119,178,5,5,1,6,0,22,3,51,33,15,29,29,8,227,159,15,62,0,106,318,13,216,11,2,1,0,0,6,0,0,0,0,0,1,1,0,0,480,107,3,19,1,0,30,9,0,0,0,0,0,3,0,4,0,0,0,0,0,6,0,0,1,0,0,0,0,0,0,0,0,0,0,0,0,0,1,0,1,2,0,1,5,0,0,49,0,0,0,0,35,2,5,1,6,132
GSE236581_CRC19-T-III_Post,0,4,5,1,0,3,0,34,0,105,1,2,196,91,2,6,2,2,14,0,28,47,12,22,18,77,51,27,105,152,11,389,0,109,170,94,91,23,0,1,2,0,1,4,4,0,1,0,1,1,3,2,1286,13,0,1,1,3,3,3,1,1,7,8,2,1,0,1,0,0,2,0,0,1,0,0,0,0,0,0,0,0,0,0,0,0,0,0,0,0,2,1,9,2,0,0,4,0,5,11,7,51,0,4,7,1,2,1,10,183
GSE236581_CRC19-T-I_Pre,1,6,2,0,0,0,0,1,0,0,0,1,30,61,0,5,4,2,2,0,8,14,15,6,0,52,9,18,99,83,17,126,0,14,58,15,105,16,0,12,3,0,0,1,17,0,7,23,0,15,20,0,442,3,0,0,0,4,3,1,0,6,3,15,2,3,0,19,0,0,0,0,0,1,0,0,0,0,0,1,0,0,0,0,0,0,0,0,0,0,1,0,2,0,0,2,0,0,2,15,0,16,1,1,5,0,3,2,9,86
GSE236581_CRC20-B-III_Post,53,0,0,1,0,0,9,0,13,0,143,93,0,3,0,10,15,96,90,207,2,0,0,125,330,23,105,12,81,218,1756,15,0,120,1117,451,122,22,0,0,0,0,0,0,0,0,0,0,0,0,0,0,0,0,0,0,0,0,0,0,0,0,0,0,0,0,0,0,0,0,0,0,0,0,5,2,0,0,21,4,1,3,0,0,0,550,0,0,0,8,0,0,0,0,0,0,0,0,0,0,648,7,199,15,15,1,1,0,9,1616
GSE236581_CRC20-B-I_Pre,55,1,2,7,0,0,104,0,124,5,1022,13,0,1,0,1,10,35,5,18,1,0,0,53,442,30,9,6,82,50,400,2,0,52,1930,11,2,6,0,0,0,0,0,0,0,0,0,0,0,0,0,0,0,0,0,0,0,0,0,0,0,0,0,0,0,0,0,0,0,0,0,0,0,0,0,5,3,0,3,0,0,1,0,0,0,247,0,0,0,1,0,0,0,0,0,0,1,0,0,0,1958,31,335,86,94,7,7,0,31,1056
GSE236581_CRC20-N-III_Post,0,2,2,0,4,0,0,8,0,9,0,6,978,217,20,0,0,1,11,0,9,5,14,33,12,7,9,3,75,126,11,25,0,72,106,4,77,3,1,0,6,1,4,4,0,0,1,0,0,0,0,4,990,83,28,30,0,0,36,9,0,0,0,0,0,40,59,12,0,0,0,0,0,3,0,0,0,0,0,0,0,0,0,0,0,0,0,0,0,2,0,2,0,1,3,0,21,0,0,22,0,7,0,0,5,0,0,0,0,153
GSE236581_CRC20-N-I_Pre,0,19,15,0,0,0,0,73,0,5,0,6,1631,48,230,0,1,1,1,1,14,13,74,32,2,8,725,5,382,136,4,153,0,83,159,75,869,121,0,0,0,1,3,0,0,0,0,0,1,0,0,0,476,116,8,6,0,0,40,8,0,0,0,0,0,1,0,5,0,0,0,0,0,13,0,0,1,0,0,0,0,0,0,0,0,0,0,0,0,0,0,0,0,1,0,0,0,0,0,24,0,0,1,0,5,0,0,0,0,131
GSE236581_CRC20-T-III_Post,1,45,6,2,3,1,1,44,3,18,1,1,74,104,0,39,15,19,57,1,213,136,59,28,10,137,40,78,248,428,39,965,0,86,296,86,268,22,0,1,2,0,0,2,4,1,2,3,0,27,4,0,4,0,0,0,33,24,0,0,0,0,253,19,56,4,0,25,1,0,2,0,1,4,0,0,2,0,0,0,0,0,0,0,0,1,0,0,0,1,3,0,9,6,0,2,5,1,23,27,10,142,1,1,9,0,7,11,10,286
GSE236581_CRC20-T-I_Pre,0,5,18,3,0,0,0,23,0,11,2,2,437,165,50,4,7,6,5,1,13,9,54,21,10,56,214,130,465,160,15,521,0,106,268,118,409,38,0,2,0,0,3,1,14,3,0,1,1,0,8,0,666,1,0,0,0,0,5,0,1,1,3,2,0,0,0,4,0,0,0,1,0,1,0,0,0,0,0,0,0,0,0,0,0,0,0,0,0,0,2,0,0,0,0,1,1,0,0,42,1,6,0,1,8,1,4,4,4,266
GSE236581_CRC21-B-III_Post,91,1,1,3,0,0,70,0,155,0,284,11,0,1,0,1,13,33,11,268,1,0,3,101,466,32,15,15,112,125,2373,4,0,85,1305,9,2,34,0,0,0,0,0,0,0,0,0,0,0,0,0,0,1,0,0,0,0,0,0,0,0,0,0,0,0,0,0,0,0,0,0,0,0,0,0,5,0,0,11,1,0,2,0,0,0,251,0,0,0,5,0,0,0,0,0,0,0,0,0,0,396,6,243,7,20,3,1,0,8,631
GSE236581_CRC21-B-I_Pre,44,3,0,5,0,0,67,2,144,2,612,20,0,0,0,6,18,88,4,126,1,0,3,138,877,28,16,12,178,69,1323,16,0,122,3782,16,4,5,0,0,0,0,0,0,0,0,0,0,0,0,0,0,0,0,0,0,0,0,0,0,0,0,0,0,0,0,0,0,0,0,0,0,0,0,0,16,0,0,4,1,0,0,0,0,0,110,0,0,0,1,0,0,0,0,1,0,0,0,0,0,144,0,51,3,13,0,0,0,4,971
GSE236581_CRC21-N-III_Post,0,15,14,0,23,28,3,269,1,110,3,7,608,52,5,0,1,1,13,0,72,1,42,40,66,18,34,0,146,148,6,68,0,136,462,4,35,6,0,0,0,0,3,2,0,0,0,0,2,0,0,0,512,50,3,15,0,0,10,3,0,0,0,0,0,6,8,3,0,0,0,0,0,10,0,0,0,0,0,0,0,0,0,0,0,0,0,0,0,3,0,1,0,2,0,0,4,0,0,9,0,0,0,0,13,1,0,0,1,60
GSE236581_CRC21-N-I_Pre,5,17,78,0,4,9,7,136,30,7,3,2,1525,44,1,0,1,1,6,1,19,3,44,13,20,15,254,2,217,99,27,25,0,156,211,0,305,33,0,1,2,1,29,0,0,0,0,2,31,1,0,1,117,460,14,28,2,0,119,47,0,0,0,0,0,3,0,22,1,0,0,0,0,8,0,0,1,1,0,0,0,0,0,0,0,0,0,0,0,3,0,1,0,2,2,1,0,0,0,41,0,0,1,0,11,1,1,0,0,131
GSE236581_CRC21-T-III_Post,2,10,0,0,11,14,3,18,7,3,18,3,500,13,0,2,0,0,2,14,0,0,0,3,25,2,9,2,9,12,102,10,0,33,61,9,1,2,1,0,0,0,0,0,0,0,0,0,2,0,0,0,57,4,21,1,2,0,1,1,0,0,0,0,0,7,1,0,0,0,0,0,0,0,0,1,0,0,0,1,0,0,0,0,0,11,0,0,0,2,4,0,0,5,0,0,0,0,0,1,22,0,18,3,9,0,4,1,2,74
GSE236581_CRC21-T-I_Pre,0,5,5,1,0,0,0,5,4,3,1,0,8,9,0,2,5,73,2,9,8,44,36,64,1,105,22,36,294,51,138,399,0,18,35,260,223,40,0,21,0,0,12,1,66,7,29,17,0,67,24,1,943,5,0,1,0,0,1,0,0,0,2,29,1,5,0,68,0,0,0,0,1,7,1,2,0,0,0,1,0,0,0,0,0,4,0,0,0,0,1,0,1,1,0,1,0,0,1,8,18,32,25,1,12,4,1,9,9,179
GSE236581_CRC22-B-III_Post,101,1,40,9,0,0,158,15,289,8,370,44,2,2,0,6,5,20,3,95,0,0,0,18,229,17,25,15,24,42,1297,4,0,59,915,16,8,39,0,0,0,0,0,0,0,0,0,0,0,0,1,0,0,0,0,0,0,0,0,0,0,0,0,0,0,0,0,0,0,0,0,0,0,0,2,19,0,0,32,0,0,2,0,0,0,155,0,0,0,1,0,0,3,0,0,0,1,0,0,0,925,58,162,167,17,3,3,1,8,600
GSE236581_CRC22-B-I_Pre,27,2,1,15,0,0,26,53,23,0,5,108,0,13,0,35,14,14,14,413,0,0,0,32,65,12,23,517,110,104,4982,3,0,400,889,334,27,27,0,0,0,0,0,0,0,0,0,0,0,0,0,0,0,0,0,0,0,0,0,0,0,0,0,0,0,0,0,0,0,0,0,0,0,0,1,1,0,0,13,0,0,1,0,0,0,38,0,0,0,4,2,0,2,1,0,0,3,0,0,0,193,64,865,189,72,5,20,0,13,2673
GSE236581_CRC22-LN-III_Post,1,123,1270,3,111,255,8,102,26,761,18,0,17,116,0,4,2,12,37,2,282,34,5,35,146,104,13,28,28,541,12,411,0,142,1301,56,47,40,1,1,13,15,3,3,0,0,18,2,2,2,0,35,4,1,0,3,0,1,0,0,0,0,0,0,0,12,0,2,5,0,0,0,0,7,0,0,0,0,0,0,0,2,0,0,0,0,0,0,0,4,0,1,2,1,1,2,15,0,0,3,0,2,1,1,20,0,5,8,8,266
GSE236581_CRC22-N-III_Post,0,8,239,0,5,11,1,112,3,57,1,6,1196,100,8,2,0,1,4,2,44,2,16,21,40,10,140,5,77,96,27,51,0,227,292,4,78,12,2,0,0,1,3,7,1,0,1,0,14,0,0,8,712,81,22,39,1,1,68,5,0,0,0,0,0,27,66,12,1,0,0,0,0,10,0,0,0,0,0,0,0,1,0,0,0,0,0,0,0,5,1,1,0,2,7,0,15,0,0,17,1,3,1,0,14,0,3,0,0,121
GSE236581_CRC22-N-I_Pre,0,2,3,0,0,2,0,5,0,17,0,2,1122,23,70,1,0,0,2,0,3,1,68,17,5,10,38,1,130,55,5,15,1,59,62,1,209,7,0,0,1,1,5,0,1,2,0,0,2,1,0,0,797,195,4,2,0,0,21,3,0,0,0,0,0,1,0,5,0,0,0,0,0,0,0,0,0,0,0,0,0,0,0,0,0,0,0,0,0,0,0,0,0,0,0,0,5,0,0,16,0,1,0,0,1,0,5,0,0,132
GSE236581_CRC22-T-III_Post,0,12,236,3,0,6,4,103,2,49,1,1,423,408,0,5,2,1,9,0,31,18,14,10,15,25,166,23,69,339,23,110,0,211,163,10,87,50,3,3,7,9,0,13,9,0,12,2,12,32,14,59,275,39,45,19,1,40,42,28,0,5,52,21,8,38,1,34,5,0,77,0,0,12,0,0,0,0,0,1,0,1,0,0,0,0,0,0,0,9,1,5,12,2,2,1,24,0,2,46,8,32,1,4,15,3,6,0,2,219
GSE236581_CRC22-T-I_Pre,0,37,52,1,9,36,1,235,1,380,30,3,367,273,27,8,3,3,11,2,102,33,35,28,31,84,81,10,183,185,30,308,0,50,495,10,142,24,0,2,0,1,1,0,6,1,3,3,4,7,1,1,800,5,3,3,0,1,11,4,1,0,1,4,2,3,0,10,2,0,2,0,0,4,0,0,0,0,0,0,0,0,0,0,0,0,0,0,1,1,2,1,0,1,2,0,3,1,1,79,0,11,0,0,5,0,0,1,8,245
GSE236581_CRC23-B-IV_Post,53,0,1,3,0,0,93,4,159,9,963,11,0,0,0,0,9,76,3,63,1,0,15,181,607,28,16,12,206,102,941,8,0,82,3081,10,4,3,0,0,0,0,0,0,0,0,0,0,0,0,0,0,0,0,0,0,0,0,0,0,0,0,0,0,0,0,0,0,0,0,0,0,0,0,0,5,2,0,5,1,0,0,0,0,0,77,1,0,0,2,0,0,0,0,0,0,0,1,0,0,180,4,82,10,22,4,1,0,8,597
GSE236581_CRC23-B-I_Pre,112,2,17,0,0,0,48,8,93,22,106,10,0,0,0,1,1,12,3,117,2,0,1,45,149,4,15,5,48,49,1206,0,1,31,438,26,2,23,0,0,0,0,0,0,0,0,0,0,0,0,0,0,0,0,0,0,0,0,0,0,0,0,0,0,0,0,0,0,0,0,0,0,0,0,0,5,4,1,25,4,0,3,0,0,0,292,0,0,0,6,1,0,3,0,0,0,2,0,1,0,392,93,658,119,3,1,0,0,6,471
GSE236581_CRC23-N-IV_Post,0,9,12,1,20,51,1,173,1,442,7,8,1172,43,21,2,0,1,4,0,73,8,48,34,19,13,65,0,140,108,12,77,0,183,340,4,80,7,2,0,2,1,5,12,0,0,0,1,4,0,0,2,415,109,30,13,1,0,42,5,0,0,0,0,0,22,32,3,2,0,0,0,0,10,0,0,0,0,0,0,0,0,0,0,0,0,0,1,1,0,0,0,0,0,1,0,4,0,0,2,5,4,1,1,9,0,2,0,1,104
GSE236581_CRC23-N-I_Pre,0,62,205,1,71,87,1,122,1,138,3,2,1091,110,21,1,0,0,6,0,100,9,74,26,13,10,318,1,150,134,5,102,0,502,190,4,244,39,0,0,1,1,9,0,0,0,0,1,3,0,0,0,724,210,3,22,1,0,42,2,0,0,0,0,0,0,0,9,2,0,0,0,0,8,0,0,0,0,0,0,0,0,0,0,0,0,0,0,0,0,0,0,0,0,0,0,0,0,0,20,0,0,0,0,13,0,2,0,1,133
GSE236581_CRC23-T-IV_Post,0,9,22,0,15,29,0,109,0,188,3,0,120,23,4,0,0,1,13,0,58,7,24,31,37,12,21,1,56,178,5,63,0,84,405,2,30,9,1,1,5,0,1,1,1,0,3,1,5,1,0,5,262,11,2,4,0,1,7,1,0,0,0,1,0,6,0,5,0,0,2,0,0,6,0,0,0,0,0,0,0,0,0,0,0,0,0,0,0,0,0,1,0,0,0,0,2,0,0,8,2,3,0,0,1,0,0,0,1,52
GSE236581_CRC23-T-I_Pre,0,9,121,8,0,1,1,116,4,10,1,2,132,265,3,12,3,2,4,1,48,11,17,14,3,44,137,47,54,85,32,99,0,40,134,8,75,59,0,4,0,0,2,1,10,5,3,3,3,8,1,0,1475,4,0,0,1,1,0,0,0,3,3,3,2,3,0,18,0,0,0,0,0,13,0,0,0,0,0,0,0,0,0,0,0,0,1,0,0,0,1,2,1,0,0,1,2,0,1,9,1,10,0,0,6,0,5,0,13,111
GSE236581_CRC24-B-II_Post,14,1,0,0,0,0,15,3,20,1,83,2,0,0,0,1,0,7,2,57,0,0,1,25,135,15,5,7,25,45,804,3,0,21,564,11,1,14,0,0,0,0,0,0,0,0,0,0,0,0,0,0,0,0,0,0,0,0,0,0,0,0,0,0,0,0,0,0,0,0,0,0,0,0,1,6,3,0,3,0,0,3,0,0,0,564,0,0,0,0,0,0,0,0,0,0,0,0,0,0,626,41,288,18,21,2,2,0,27,679
GSE236581_CRC24-B-I_Pre,9,0,2,0,0,0,8,0,11,1,24,3,0,0,0,2,1,1,0,2,0,0,0,3,24,0,6,2,12,6,76,0,0,12,218,5,2,2,0,0,0,0,0,0,0,0,0,0,0,0,0,0,0,0,0,0,0,0,0,0,0,0,0,0,0,0,0,0,0,0,0,0,0,0,0,2,0,0,0,0,0,0,0,0,0,62,0,0,0,0,0,0,0,0,0,0,0,0,0,0,160,7,45,45,7,0,0,0,2,150
GSE236581_CRC24-N-II_Post,0,0,1,0,0,0,0,2,0,0,0,0,331,55,9,0,1,0,1,3,2,4,111,69,2,6,105,2,293,81,13,10,0,361,112,16,294,14,0,0,1,0,2,0,0,0,0,0,1,0,0,0,516,15,3,0,0,0,4,5,0,0,0,0,0,3,0,1,0,0,0,0,1,2,1,0,0,1,0,0,0,0,0,0,0,1,0,0,0,1,0,0,0,6,3,1,0,0,0,34,0,0,1,0,16,1,2,0,1,102
GSE236581_CRC24-N-I_Pre,0,0,0,0,0,0,0,4,0,0,0,0,51,32,12,0,0,0,0,0,0,1,13,3,0,0,17,2,69,5,5,8,0,89,15,0,163,4,0,0,2,3,1,2,0,1,1,0,1,0,0,1,476,30,2,0,0,0,0,1,0,0,0,0,0,2,1,0,0,0,0,0,0,0,0,0,0,0,0,0,0,0,0,0,0,0,0,0,0,0,0,1,0,0,0,0,5,0,0,19,0,0,1,0,9,0,1,0,0,101
GSE236581_CRC24-T-II_Post,1,2,1,0,0,0,2,8,2,0,1,0,61,2,0,0,1,2,6,3,5,5,15,18,14,26,43,22,99,92,41,195,0,128,89,89,410,13,0,22,0,0,11,0,27,0,0,185,3,124,76,0,244,1,0,0,0,0,0,0,0,0,0,0,0,5,0,49,0,0,0,0,0,0,0,1,0,0,0,0,0,0,0,0,1,10,0,0,0,0,1,1,1,0,0,1,0,0,2,17,1,1,1,1,6,1,5,4,27,135
GSE236581_CRC24-T-I_Pre,0,4,40,2,0,0,0,29,1,53,0,0,24,26,11,8,4,0,4,0,19,8,24,13,1,22,22,62,154,59,2,189,0,61,46,12,143,18,0,1,0,0,0,0,6,0,1,1,0,2,2,0,243,1,0,0,0,3,2,0,0,1,4,5,1,0,0,2,0,0,0,0,0,1,0,0,0,1,0,0,0,0,0,0,0,0,2,0,1,0,0,0,0,0,0,1,2,0,4,23,0,0,1,1,4,0,4,0,1,234
GSE236581_CRC25-B-II_Post,1,0,2,0,0,0,0,3,0,0,6,19,1,0,0,2,18,2,5,7,0,0,0,2,10,17,1,36,8,0,76,1,0,19,33,42,3,0,0,0,0,0,0,0,0,0,0,0,0,0,0,0,0,0,0,0,0,0,0,0,0,0,0,0,0,0,0,0,0,0,0,0,0,0,0,535,0,0,0,0,0,0,0,0,0,3,0,0,0,23,0,1,0,0,2,0,8,0,0,0,362,123,307,692,14,1,1,0,16,2305
GSE236581_CRC25-B-I_Pre,12,0,15,2,0,0,80,2,75,12,248,44,1,1,0,4,15,3,4,11,1,0,1,28,156,6,14,38,75,120,1053,3,0,174,1590,21,9,47,0,0,0,0,0,0,0,0,0,0,0,0,0,0,0,0,0,0,0,0,0,0,0,0,0,0,0,0,0,0,0,0,0,0,0,0,1,12,0,0,0,1,1,0,0,0,0,252,1,0,0,7,0,0,5,0,0,0,0,0,0,1,185,98,93,183,6,0,1,0,3,982
GSE236581_CRC25-N-II_Post,0,0,14,0,0,0,0,2,0,0,0,0,2169,90,20,2,15,0,2,1,5,5,49,32,3,12,72,80,86,119,12,173,0,139,19,2,49,157,0,0,0,4,19,0,1,0,1,0,1,0,0,0,378,249,4,13,1,0,182,24,0,0,0,0,0,3,0,4,0,0,0,0,0,4,0,0,0,0,0,0,0,0,0,0,0,0,2,0,0,3,0,0,0,0,0,0,3,0,0,32,0,0,0,0,4,1,5,0,0,422
GSE236581_CRC25-N-I_Pre,0,0,59,1,0,0,0,8,0,31,1,1,29,15,5,0,0,0,0,0,6,0,7,4,1,4,171,3,24,174,14,30,0,103,54,7,69,212,0,0,1,1,2,0,0,0,0,0,2,2,0,0,1040,8,0,1,2,0,2,0,0,0,0,0,0,0,0,0,0,0,0,0,0,2,0,0,0,0,0,0,0,0,0,0,0,0,0,0,0,0,0,0,0,0,0,0,0,0,0,25,0,0,0,0,1,0,0,0,1,142
GSE236581_CRC25-T-II_Post,1,3,991,8,0,0,0,29,1,56,2,1,96,183,2,2,28,1,13,2,36,42,11,14,7,75,41,306,63,303,28,312,0,91,54,24,28,84,0,0,0,0,0,0,12,0,0,0,1,4,0,2,32,2,0,1,3,3,4,0,0,0,7,0,28,1,0,1,0,0,0,1,0,1,0,0,0,0,0,0,0,0,0,0,0,0,0,0,0,0,0,0,0,0,0,0,0,0,0,18,1,8,0,4,2,0,1,6,5,583
GSE236581_CRC25-T-I_Pre,0,7,126,2,0,3,1,31,1,277,5,4,89,104,1,7,0,0,4,1,8,2,15,24,21,9,54,18,74,129,31,54,0,128,402,8,78,79,0,0,0,0,2,0,0,0,2,0,1,1,1,1,456,9,2,0,0,1,10,5,0,2,0,0,0,0,0,2,0,0,0,0,0,0,0,0,0,0,0,0,0,0,0,0,0,0,0,0,0,1,0,0,0,1,0,0,2,0,0,20,0,2,0,0,15,0,4,1,3,177
GSE236581_CRC26-B-II_Post,36,0,2,3,0,0,81,5,209,4,421,49,0,0,0,1,19,95,13,33,4,0,12,244,1023,18,31,4,409,60,258,6,0,80,2961,8,11,3,0,0,0,0,0,0,0,0,0,0,0,0,0,0,0,0,0,0,0,0,0,0,0,0,0,0,0,0,0,0,0,0,0,0,0,0,1,0,1,0,0,2,0,0,0,0,0,140,0,0,0,3,0,0,0,0,0,0,0,0,0,0,171,0,121,1,13,2,1,0,2,683
GSE236581_CRC26-B-I_Pre,45,1,0,10,0,0,142,5,326,0,603,53,2,0,0,3,10,28,8,55,2,2,7,126,914,27,50,25,271,100,645,15,0,88,4857,33,11,12,0,0,0,0,0,0,1,0,0,0,0,0,0,0,6,1,0,0,0,0,0,0,0,0,0,0,0,0,0,0,0,0,0,0,0,0,1,2,0,0,2,0,0,1,0,0,1,289,0,0,0,1,0,0,0,0,0,0,1,0,0,1,220,4,77,3,12,1,0,0,6,1498
GSE236581_CRC26-N-II_Post,0,17,34,1,11,33,1,345,3,568,10,6,220,19,4,0,0,1,8,0,91,2,25,48,46,16,66,0,98,114,16,43,0,124,391,3,41,6,1,0,3,2,8,1,0,0,2,0,3,0,0,2,522,28,7,10,0,0,41,3,0,0,0,0,0,14,23,8,0,0,0,0,0,8,0,0,0,0,0,0,0,0,0,0,0,0,0,0,0,0,0,2,0,0,1,0,4,0,0,2,0,0,1,0,3,1,2,0,0,41
GSE236581_CRC26-N-I_Pre,0,0,0,0,0,0,0,0,0,0,0,0,155,25,64,1,0,0,0,0,0,0,3,0,0,0,27,0,16,5,1,3,0,19,12,1,28,2,0,0,19,5,35,0,0,2,8,1,14,0,0,12,1615,206,2,3,0,0,82,7,0,0,0,0,0,0,0,0,0,1,0,0,1,0,0,0,0,0,0,0,0,0,0,0,0,0,0,0,0,1,0,3,0,0,1,1,3,0,0,0,0,0,0,0,0,0,0,0,0,84
GSE236581_CRC26-T-II_Post,2,110,35,24,0,1,5,849,5,265,2,18,610,348,2,120,6,76,22,1,107,61,26,44,18,105,35,38,365,441,18,285,0,114,268,97,94,44,1,17,10,6,3,9,5,0,17,3,8,55,24,78,0,2,21,2,5,123,0,20,0,0,377,11,17,25,0,75,10,0,128,0,1,8,0,0,2,0,0,0,0,1,0,0,0,0,0,0,0,7,7,4,32,4,1,0,56,2,18,13,2,102,1,0,6,2,5,11,2,276
GSE236581_CRC26-T-I_Pre,0,6,22,2,4,11,0,64,1,46,1,1,178,268,23,24,1,0,13,1,46,49,18,24,6,64,84,56,101,257,14,904,0,55,154,64,222,69,0,0,0,0,0,1,16,0,1,3,2,2,3,0,463,3,0,0,1,2,7,1,0,0,0,2,1,1,0,3,0,0,0,0,0,6,0,0,0,0,0,0,0,0,0,0,0,1,0,0,0,0,0,0,0,0,2,0,2,0,0,1,0,0,0,0,2,0,2,0,14,404
GSE246613_immune_h01A_P_Pre,1,19,43,2,0,0,3,152,17,48,9,1,61,91,4,1,17,19,41,11,55,7,9,101,77,148,231,133,150,400,185,443,1,322,901,54,232,64,0,0,0,0,0,0,0,0,0,0,0,0,0,0,0,0,0,0,0,0,0,0,0,0,0,0,0,0,0,0,0,0,0,0,0,0,0,0,0,0,0,0,0,0,0,0,0,0,0,0,1,151,79,44,202,150,159,121,97,11,248,14,24,105,2,4,322,71,36,0,25,2296
GSE246613_immune_h01C_P_Post,1,0,22,3,0,0,1,25,3,6,0,1,13,48,0,1,128,153,78,59,33,12,20,153,37,349,151,696,365,167,405,425,5,385,740,257,350,47,0,0,0,0,0,0,0,0,0,0,0,0,0,0,0,0,0,0,0,0,0,0,0,0,0,0,0,0,0,0,0,0,0,0,0,0,0,0,0,0,0,0,0,0,0,0,0,0,0,0,0,654,248,73,1122,518,232,67,121,179,80,9,8,125,5,4,88,3,29,0,9,2055
GSE246613_immune_h02A_P_Pre,0,169,157,46,0,4,0,135,11,399,52,1,125,565,3,10,99,9,141,10,83,112,7,91,35,42,101,707,38,339,72,532,1,86,649,248,151,116,0,0,0,0,0,0,0,0,0,0,0,0,0,0,0,0,0,0,0,0,0,0,0,0,0,0,0,0,0,0,0,0,0,0,0,0,0,0,0,0,0,0,0,0,0,0,0,0,0,0,0,63,204,19,178,6,27,13,17,0,6,4,0,91,1,0,56,10,15,0,3,1178
GSE246613_immune_h02B_P_Post,10,160,268,27,3,15,10,382,24,462,92,3,99,555,3,1,19,4,131,8,67,83,2,24,50,21,181,290,13,1161,50,561,0,202,536,101,55,175,0,0,0,0,0,0,0,0,0,0,0,0,0,0,0,0,0,0,0,0,0,0,0,0,0,0,0,0,0,0,0,0,0,0,0,0,0,0,0,0,0,0,0,0,0,0,0,0,1,0,0,72,57,4,40,27,5,2,10,1,2,3,0,18,1,0,18,3,9,0,0,1314
GSE246613_immune_h02C_P_Post,0,9,45,0,0,0,8,94,2,77,1,0,14,38,0,0,0,6,140,21,30,30,5,97,65,21,40,3,53,656,73,91,0,125,588,19,113,62,0,0,0,0,0,0,0,0,0,0,0,0,0,0,0,0,0,0,0,0,0,0,0,0,0,0,0,0,0,0,0,0,0,0,0,0,0,0,0,0,0,0,0,0,0,0,0,0,0,0,0,30,13,5,7,281,3,6,14,1,10,4,4,7,0,1,25,9,12,0,5,444
GSE246613_immune_h03A1_P_Pre,0,0,0,0,0,0,0,2,1,4,0,0,1,34,1,0,1,2,21,6,4,28,5,11,5,22,16,18,18,122,59,187,0,34,76,11,59,26,0,0,0,0,0,0,0,0,0,0,0,0,0,0,0,0,0,0,0,0,0,0,0,0,0,0,0,0,0,0,0,0,0,0,0,0,0,0,0,0,0,0,0,0,0,0,0,0,0,0,0,20,33,5,10,14,7,6,8,0,15,0,1,23,0,1,0,0,1,0,0,214
GSE246613_immune_h03A2_P_Pre,0,2,5,3,0,1,0,7,2,1,0,1,4,112,1,1,26,0,33,11,7,54,5,33,4,31,27,172,34,32,40,175,0,25,37,40,81,44,0,0,0,0,0,0,0,0,0,0,0,0,0,0,0,0,0,0,0,0,0,0,0,0,0,0,0,0,0,0,0,0,0,0,0,0,0,0,0,0,0,0,0,0,0,0,0,0,0,0,0,0,4,0,9,0,0,0,2,0,2,0,1,14,0,0,2,0,1,0,1,548
GSE246613_immune_h03B1_P_Post,0,1,6,0,0,0,1,8,2,5,0,1,6,22,0,1,1,2,16,8,12,24,4,30,11,23,22,6,34,170,80,95,0,71,109,23,36,62,0,0,0,0,0,0,0,0,0,0,0,0,0,0,0,0,0,0,0,0,0,0,0,0,0,0,0,0,0,0,0,0,0,0,0,0,0,0,0,0,0,0,0,0,0,0,0,0,0,0,0,6,2,2,1,2,2,1,4,0,3,0,6,4,0,0,11,0,0,0,0,447
GSE246613_immune_h03B2_P_Post,2,14,64,0,0,0,2,81,8,73,2,2,13,48,0,0,1,1,52,11,15,24,5,43,23,23,45,13,66,275,78,102,0,70,210,38,61,56,0,0,0,0,0,0,0,0,0,0,0,0,0,0,0,0,0,0,0,0,0,0,0,0,0,0,0,0,0,0,0,0,0,0,0,0,0,0,0,0,0,0,0,0,0,0,0,0,0,0,0,38,23,18,20,249,95,38,36,95,280,9,1,25,0,1,13,4,7,0,1,829
GSE246613_immune_h03C1_P_Post,0,0,0,0,0,0,0,0,0,0,0,0,0,0,0,0,0,0,0,0,0,0,0,0,0,0,0,0,0,2,0,0,0,0,0,0,0,0,0,0,0,0,0,0,0,0,0,0,0,0,0,0,0,0,0,0,0,0,0,0,0,0,0,0,0,0,0,0,0,0,0,0,0,0,0,0,0,0,0,0,0,0,0,0,0,0,0,0,0,0,0,0,0,0,0,0,0,0,0,0,0,0,0,0,0,0,0,0,0,5
GSE246613_immune_h03C2_P_Post,0,0,4,0,0,0,0,4,1,2,1,1,3,10,0,0,0,0,28,2,9,6,5,35,21,15,2,3,49,424,83,75,0,64,171,8,22,54,0,0,0,0,0,0,0,0,0,0,0,0,0,0,0,0,0,0,0,0,0,0,0,0,0,0,0,0,0,0,0,0,0,0,0,0,0,0,0,0,0,0,0,0,0,0,0,0,0,0,0,9,2,3,0,19,19,0,13,13,1,0,0,6,0,0,6,0,3,0,0,303
GSE246613_immune_h04A_P_Pre,3,7,51,0,0,4,6,66,5,136,9,1,14,53,1,0,2,7,14,14,9,4,5,113,88,10,33,3,121,125,78,17,0,97,460,10,12,17,0,0,0,0,0,0,0,0,0,0,0,0,0,0,0,0,0,0,0,0,0,0,0,0,0,0,0,0,0,0,0,0,0,0,0,0,0,0,0,0,0,0,0,0,0,0,0,0,0,0,0,7,0,5,0,18,4,3,6,0,0,0,0,0,0,0,39,3,3,0,0,344
GSE246613_immune_h04B_P_Post,0,0,19,0,0,4,3,16,0,115,4,0,0,5,0,1,0,0,6,4,13,1,0,43,47,13,11,1,7,60,38,16,0,32,274,5,5,9,0,0,0,0,0,0,0,0,0,0,0,0,0,0,0,0,0,0,0,0,0,0,0,0,0,0,0,0,0,0,0,0,0,0,0,0,0,0,0,0,0,0,0,0,0,0,0,0,0,0,0,0,0,1,0,2,1,0,0,0,0,0,0,3,0,0,5,0,0,0,1,100
GSE246613_immune_h04C_P_Post,1,12,22,0,0,0,3,25,5,38,2,0,3,11,0,0,7,19,117,29,28,30,7,164,105,42,62,9,69,268,106,75,0,81,481,25,49,37,0,0,0,0,0,0,0,0,0,0,0,0,0,0,0,0,0,0,0,0,0,0,0,0,0,0,0,0,0,0,0,0,0,0,0,0,0,0,0,0,0,0,0,0,0,0,0,0,1,0,0,14,3,5,3,48,4,1,11,6,42,2,1,4,2,0,12,3,3,0,2,279
GSE246613_immune_h05A_P_Pre,4,34,130,10,0,0,4,139,12,38,1,6,65,145,3,5,31,12,174,27,51,88,16,150,24,95,110,189,211,546,113,372,0,242,419,54,205,91,0,0,0,0,0,0,0,0,0,0,0,0,0,0,0,0,0,0,0,0,0,0,0,0,0,0,0,0,0,0,0,0,0,0,0,0,0,0,0,0,0,0,0,0,0,0,0,0,0,0,0,109,105,13,9,61,67,6,47,2,2,9,6,54,2,1,20,2,7,0,1,594
GSE246613_immune_h05B_P_Post,2,14,61,1,0,6,3,74,19,45,4,0,23,37,0,0,3,2,70,12,28,29,1,42,44,26,63,14,54,403,120,233,1,157,329,52,70,75,0,0,0,0,0,0,0,0,0,0,0,0,0,0,0,0,0,0,0,0,0,0,0,0,0,0,0,0,0,0,0,0,0,0,0,0,0,0,0,0,0,0,0,0,0,0,0,0,0,0,0,14,32,4,7,25,2,3,16,4,5,2,1,23,1,2,15,1,3,0,1,427
GSE246613_immune_h05C_P_Post,3,12,68,0,0,0,2,70,19,19,4,1,21,39,0,0,0,3,73,21,28,9,0,60,62,28,24,10,95,360,115,164,0,137,269,20,44,48,0,0,0,0,0,0,0,0,0,0,0,0,0,0,0,0,0,0,0,0,0,0,0,0,0,0,0,0,0,0,0,0,0,0,0,0,0,0,0,0,0,0,0,0,0,0,0,0,0,0,0,8,10,13,0,38,26,1,26,5,4,7,5,10,1,1,45,2,10,0,4,343
GSE246613_immune_h06A_P_Pre,0,0,2,0,0,0,0,18,0,16,0,0,0,0,0,0,0,1,28,225,1,0,23,166,42,1,52,7,137,196,860,3,1,244,420,75,239,39,0,0,0,0,0,0,0,0,0,0,0,0,0,0,0,0,0,0,0,0,0,0,0,0,0,0,0,0,0,0,0,0,0,0,0,0,0,0,0,0,0,0,0,0,0,0,0,0,0,0,0,63,1,46,18,478,307,39,99,455,242,22,12,100,5,5,153,33,10,0,6,1418
GSE246613_immune_h06B_P_Post,0,0,1,0,0,0,0,1,0,3,0,0,0,0,0,0,0,3,17,69,1,1,1,32,4,6,6,0,23,120,206,14,0,103,83,12,108,25,0,0,0,0,0,0,0,0,0,0,0,0,0,0,0,0,0,0,0,0,0,0,0,0,0,0,0,0,0,0,0,0,0,0,0,0,0,0,0,0,0,0,0,0,0,0,0,0,0,0,0,15,2,5,2,100,25,23,57,303,112,6,2,21,4,0,47,5,2,0,1,424
GSE246613_immune_h06C_P_Post,0,0,5,1,0,0,0,14,1,16,0,0,0,0,0,0,8,12,23,215,8,12,12,67,19,46,15,42,50,108,588,44,0,79,261,28,108,17,0,0,0,0,0,0,0,0,0,0,0,0,0,0,0,0,0,0,0,0,0,0,0,0,0,0,0,0,0,0,0,0,0,0,0,0,0,0,0,0,0,0,0,0,0,0,0,0,0,0,0,88,31,18,11,45,109,29,145,932,48,0,6,66,4,3,70,37,5,0,1,605
GSE246613_immune_h07A_P_Pre,1,18,58,11,0,0,5,18,10,111,22,0,10,12,0,1,49,6,69,10,74,24,5,140,91,77,59,96,39,202,35,169,0,77,350,21,38,17,0,0,0,0,0,0,0,0,0,0,0,0,0,0,0,0,0,0,0,0,0,0,0,0,0,0,0,0,0,0,0,0,0,0,0,0,0,0,0,0,0,0,0,0,0,0,0,0,0,0,0,18,21,8,3,17,12,7,12,25,3,0,1,10,1,0,44,10,4,0,1,279
GSE246613_immune_h07B_P_Post,0,0,0,0,0,0,0,1,1,0,0,0,0,0,0,0,0,0,4,1,2,1,2,26,8,4,4,1,5,26,7,3,0,51,36,1,17,2,0,0,0,0,0,0,0,0,0,0,0,0,0,0,0,0,0,0,0,0,0,0,0,0,0,0,0,0,0,0,0,0,0,0,0,0,0,0,0,0,0,0,0,0,0,0,0,0,0,0,0,1,2,11,0,30,3,3,7,48,3,0,0,4,0,0,5,1,0,0,0,42
GSE246613_immune_h07C_P_Post,0,0,8,0,0,0,2,11,3,20,2,0,0,0,0,0,2,27,48,35,27,22,18,196,43,43,30,8,67,142,55,58,0,115,323,26,115,20,0,0,0,0,0,0,0,0,0,0,0,0,0,0,0,0,0,0,0,0,0,0,0,0,0,0,0,0,0,0,0,0,0,0,0,0,0,0,0,0,0,0,0,0,0,0,0,0,1,0,0,99,26,127,11,116,193,33,200,209,208,8,5,127,2,3,51,5,11,0,3,743
GSE246613_immune_h09A_P_Pre,0,6,16,7,0,0,1,14,0,3,0,3,40,421,2,4,69,10,72,7,20,150,2,50,6,185,53,1720,56,64,19,1384,0,82,193,498,160,53,0,0,0,0,0,0,0,0,0,0,0,0,0,0,0,0,0,0,0,0,0,0,0,0,0,0,0,0,0,0,0,0,0,0,0,0,0,0,0,0,0,0,0,0,0,0,0,0,7,0,0,89,270,141,117,28,112,78,37,0,49,13,0,39,0,0,29,11,20,2,5,1620
GSE246613_immune_h09B_P_Post,0,19,25,7,0,0,6,33,3,4,1,4,55,476,2,4,23,12,109,8,34,294,6,40,5,207,66,1172,63,152,47,2475,0,70,131,481,317,67,0,0,0,0,0,0,0,0,0,0,0,0,0,0,0,0,0,0,0,0,0,0,0,0,0,0,0,0,0,0,0,0,0,0,0,0,0,0,0,0,0,0,0,0,0,0,0,0,1,0,0,264,335,28,65,15,36,49,14,0,19,20,0,23,0,0,12,4,14,0,5,717
GSE246613_immune_h09C_P_Post,1,13,8,2,0,0,2,12,3,15,2,0,48,189,3,1,137,22,111,24,59,97,6,48,25,303,57,857,68,151,31,512,0,70,270,93,116,60,0,0,0,0,0,0,0,0,0,0,0,0,0,0,0,0,0,0,0,0,0,0,0,0,0,0,0,0,0,0,0,0,0,0,0,0,0,0,0,0,0,0,0,0,0,0,0,0,2,0,0,174,228,265,25,91,119,19,44,2,0,19,0,10,0,1,29,1,26,0,8,628
GSE246613_immune_h10A_P_Pre,0,3,16,2,0,0,2,31,4,5,1,0,13,51,0,0,27,3,7,2,0,0,9,59,12,12,32,96,106,78,67,21,0,61,134,43,45,17,0,0,0,0,0,0,0,0,0,0,0,0,0,0,0,0,0,0,0,0,0,0,0,0,0,0,0,0,0,0,0,0,0,0,0,0,0,0,0,0,0,0,0,0,0,0,0,0,0,0,0,44,108,575,780,51,242,405,65,15,91,7,1,41,0,2,34,11,24,0,3,1158
GSE246613_immune_h10B_P_Post,3,23,56,1,0,0,18,165,12,29,6,3,53,307,6,1,2,8,41,9,19,3,24,54,32,39,31,12,68,179,73,63,0,89,189,26,41,16,0,0,0,0,0,0,0,0,0,0,0,0,0,0,0,0,0,0,0,0,0,0,0,0,0,0,0,0,0,0,0,0,0,0,0,0,0,0,0,0,0,0,0,0,0,0,0,0,0,0,0,51,26,539,11,115,184,125,135,9,27,7,2,57,0,2,58,7,21,1,2,871
GSE246613_immune_h10C_P_Post,0,0,0,0,0,0,0,0,0,0,2,1,1,10,0,0,1,2,9,0,0,3,16,33,2,12,12,32,69,27,12,21,0,48,48,25,74,2,0,0,0,0,0,0,0,0,0,0,0,0,0,0,0,0,0,0,0,0,0,0,0,0,0,0,0,0,0,0,0,0,0,0,0,0,0,0,0,0,0,0,0,0,0,0,0,0,0,0,0,199,87,1795,67,553,430,622,247,8,14,3,2,42,0,0,38,29,4,0,1,2354
GSE246613_immune_h11A_P_Pre,1,4,18,1,0,0,1,34,6,9,1,0,50,131,2,0,0,2,7,5,21,4,4,17,45,52,43,0,24,179,54,114,0,74,384,8,22,7,0,0,0,0,0,0,0,0,0,0,0,0,0,0,0,0,0,0,0,0,0,0,0,0,0,0,0,0,0,0,0,0,0,0,0,0,0,0,0,0,0,0,0,0,0,0,0,0,1,0,0,4,1,0,0,4,1,3,0,0,0,2,6,7,0,0,16,1,3,0,1,565
GSE246613_immune_h11B_P_Post,0,4,16,0,0,0,1,17,1,9,3,0,16,75,0,0,0,13,56,17,48,79,5,63,40,126,192,22,28,297,48,442,0,195,344,49,126,30,0,0,0,0,0,0,0,0,0,0,0,0,0,0,0,0,0,0,0,0,0,0,0,0,0,0,0,0,0,0,0,0,0,0,0,0,0,0,0,0,0,0,0,0,0,0,0,0,0,0,0,18,21,11,9,85,7,10,13,24,66,0,4,19,2,1,27,3,4,0,1,692
GSE246613_immune_h11C_P_Post,0,1,3,0,0,0,1,8,0,7,0,0,3,12,0,0,12,6,16,3,16,17,11,61,39,265,75,75,62,215,42,384,0,227,235,22,79,15,0,0,0,0,0,0,0,0,0,0,0,0,0,0,0,0,0,0,0,0,0,0,0,0,0,0,0,0,0,0,0,0,0,0,0,0,0,0,0,0,0,0,0,0,0,0,0,0,0,0,0,120,24,34,1,183,29,3,71,1,0,0,1,11,0,2,19,2,2,0,1,255
GSE246613_immune_h12A_P_Pre,2,18,49,6,0,0,5,83,12,23,2,1,10,20,0,2,14,8,12,2,17,4,11,43,30,51,46,34,77,46,11,68,0,59,226,16,13,18,0,0,0,0,0,0,0,0,0,0,0,0,0,0,0,0,0,0,0,0,0,0,0,0,0,0,0,0,0,0,0,0,0,0,0,1,0,0,0,0,0,0,0,0,0,0,0,0,0,0,0,89,94,18,215,259,36,20,72,22,63,6,3,101,1,8,40,8,14,0,13,758
GSE246613_immune_h12B_P_Post,2,32,52,11,0,1,1,121,10,14,3,2,18,39,1,0,8,8,25,7,33,103,9,23,6,39,188,193,88,87,48,603,0,168,233,111,143,76,0,0,0,0,0,0,0,0,0,0,0,0,0,0,0,0,0,0,0,0,0,0,0,0,0,0,0,0,0,0,0,0,0,0,0,0,0,0,0,0,0,0,0,0,0,0,0,0,0,0,0,100,107,14,350,35,72,10,29,0,11,1,8,175,1,0,59,7,10,0,3,1122
GSE246613_immune_h12C_P_Post,1,22,56,4,0,0,2,131,7,59,6,0,51,133,3,3,42,13,87,20,140,173,48,134,61,243,256,338,329,332,67,1058,1,472,974,188,209,76,0,0,0,0,0,0,0,0,0,0,0,0,0,0,0,0,0,0,0,0,0,0,0,0,0,0,0,0,0,0,0,0,0,0,0,0,0,0,0,0,0,0,0,0,0,0,0,0,0,0,0,207,266,74,298,133,121,5,113,7,14,3,11,180,1,6,103,10,41,0,11,1911
GSE246613_immune_h15A_P_Pre,0,1,0,0,0,0,0,0,0,1,1,0,1,0,0,0,0,0,6,1,0,0,0,0,11,3,6,60,2,83,22,51,0,15,67,7,3,5,0,0,0,0,0,0,0,0,0,0,0,0,0,0,0,0,0,0,0,0,0,0,0,0,0,0,0,0,0,0,0,0,0,0,0,0,0,0,0,0,0,0,0,0,0,0,0,0,0,0,0,3,4,3,1,2,1,0,0,0,0,0,0,0,0,0,3,0,1,1,0,114
GSE246613_immune_h15B_P_Post,2,15,30,1,0,0,3,73,7,58,5,0,11,19,0,0,1,2,72,9,27,10,0,21,39,50,57,20,27,351,50,203,0,152,315,27,100,28,0,0,0,0,0,0,0,0,0,0,0,0,0,0,0,0,0,0,0,0,0,0,0,0,0,0,0,0,0,0,0,0,0,0,0,0,0,0,0,0,0,0,0,0,0,0,0,0,0,0,0,14,18,30,23,117,4,108,17,36,1126,0,2,27,3,0,27,6,4,0,2,1795
GSE246613_immune_h15C_P_Post,0,0,0,0,0,0,0,1,0,1,0,0,0,1,0,0,0,0,7,1,0,1,1,7,4,1,8,3,2,74,23,8,0,47,27,6,32,2,0,0,0,0,0,0,0,0,0,0,0,0,0,0,0,0,0,0,0,0,0,0,0,0,0,0,0,0,0,0,0,0,0,0,0,0,0,0,0,0,0,0,0,0,0,0,0,0,0,0,0,7,5,29,1,35,4,24,5,0,64,0,4,4,0,1,4,3,3,0,0,135
GSE246613_immune_h16A_P_Pre,1,53,84,22,0,4,2,68,7,85,24,0,27,107,2,1,40,7,18,1,30,26,0,5,15,36,170,443,7,182,13,251,1,85,267,64,25,41,0,0,0,0,0,0,0,0,0,0,0,0,0,0,0,0,0,0,0,0,0,0,0,0,0,0,0,0,0,0,0,0,0,0,0,0,0,0,0,0,0,0,0,0,0,0,0,0,0,0,0,39,34,18,30,2,13,6,6,0,0,2,1,23,0,0,40,0,21,0,4,622
GSE246613_immune_h16B_P_Post,0,80,79,18,0,7,3,128,4,130,12,4,216,317,14,0,14,20,68,15,99,183,10,28,23,146,408,221,39,298,37,854,3,106,332,203,117,196,0,0,0,0,0,0,0,0,0,0,0,0,0,0,0,0,0,0,0,0,0,0,0,0,0,0,0,0,0,0,0,0,0,0,0,0,0,0,0,0,0,0,0,0,0,0,0,0,0,0,0,258,483,20,49,7,6,15,29,3,1,1,1,42,0,0,87,13,70,0,15,846
GSE246613_immune_h16C_P_Post,1,38,52,12,0,0,8,188,25,129,32,1,100,176,6,0,5,38,109,19,130,35,2,33,97,204,289,72,65,679,84,690,2,223,972,218,77,106,0,0,0,0,0,0,0,0,0,0,0,0,0,0,0,0,0,0,0,0,0,0,0,0,0,0,0,0,0,0,0,0,0,0,0,0,0,0,0,0,0,0,0,0,0,0,0,0,0,0,0,269,254,8,2,317,5,3,19,174,2,5,2,4,1,0,202,16,67,1,20,1764
GSE246613_immune_h17A_P_Pre,1,5,21,5,0,0,1,49,6,17,2,1,70,89,5,0,13,19,49,5,27,6,13,144,51,85,95,58,124,214,30,133,2,477,662,55,304,6,0,0,0,0,0,0,0,0,0,0,0,0,0,0,0,0,0,0,0,0,0,0,0,0,0,0,0,0,0,0,0,0,0,0,0,0,0,0,0,0,0,0,0,0,0,0,0,0,0,0,1,86,47,35,12,322,24,82,43,21,3,33,3,43,3,0,139,16,43,0,6,913
GSE246613_immune_h17B_P_Post,0,1,3,0,0,0,1,6,0,5,1,0,42,28,2,0,0,5,3,6,2,3,11,50,4,48,51,8,61,48,19,72,0,209,94,61,554,7,0,0,0,0,0,0,0,0,0,0,0,0,0,0,0,0,0,0,0,0,0,0,0,0,0,0,0,0,0,0,0,0,0,0,0,0,0,0,0,0,0,0,0,0,0,0,0,0,0,0,0,12,41,22,8,238,2,60,9,23,49,12,1,5,0,0,24,2,6,0,0,485
GSE246613_immune_h17C_P_Post,0,0,0,0,0,0,0,1,0,0,0,0,40,42,5,1,1,1,1,0,0,0,0,1,1,3,8,3,5,8,1,15,1,16,8,37,22,2,0,0,0,0,0,0,0,0,0,0,0,0,0,0,0,0,0,0,0,0,0,0,0,0,0,0,0,0,0,0,0,0,0,0,0,0,0,0,0,0,0,0,0,0,0,0,0,0,1,0,0,44,19,12,2,198,29,17,7,10,5,0,0,0,1,0,18,0,11,0,0,891
GSE246613_immune_h18A_P_Pre,1,33,12,0,0,0,3,61,3,18,2,1,374,521,53,4,1,5,34,52,39,66,15,44,11,62,126,26,46,211,381,981,4,471,275,91,273,96,0,0,0,0,0,0,0,0,0,0,0,0,0,0,0,0,0,0,0,0,0,0,0,0,0,0,0,0,0,0,0,0,0,0,0,0,0,0,0,0,0,0,0,0,0,0,0,0,0,0,0,5,296,13,5,180,16,45,5,6,46,4,26,38,10,11,16,4,4,1,1,1680
GSE246613_immune_h18B_P_Post,2,56,28,2,0,0,5,151,15,71,11,9,154,541,14,1,9,8,97,9,98,136,9,68,37,81,91,86,28,336,66,504,1,271,430,76,92,67,0,0,0,0,0,0,0,0,0,0,0,0,0,0,0,0,0,0,0,0,0,0,0,0,0,0,0,0,0,0,0,0,0,0,0,0,0,0,0,0,0,0,0,0,0,0,0,0,0,0,0,17,70,3,5,15,4,2,3,6,0,2,4,15,0,0,18,5,1,0,2,981
GSE246613_immune_h18C_P_Post,1,14,24,1,0,1,8,71,11,110,3,6,277,869,40,1,7,38,136,25,141,145,12,146,106,149,61,88,49,592,139,915,1,396,1063,253,197,45,0,0,0,0,0,0,0,0,0,0,0,0,0,0,0,0,0,0,0,0,0,0,0,0,0,0,0,0,0,0,0,0,0,0,0,0,0,0,0,0,0,0,0,0,0,0,0,0,0,0,0,46,98,2,2,20,3,2,5,1,1,4,1,15,1,0,22,4,19,0,6,1338
GSE246613_immune_h19A_P_Pre,0,0,2,1,0,0,0,10,1,1,0,0,18,16,6,1,5,8,9,1,2,1,0,14,22,56,13,18,39,69,11,162,0,97,243,16,35,7,0,0,0,0,0,0,0,0,0,0,0,0,0,0,0,0,0,0,0,0,0,0,0,0,0,0,0,0,0,0,0,0,0,0,0,0,0,0,0,0,0,0,0,0,0,0,0,0,0,0,0,2,4,12,1,28,19,9,10,28,4,6,1,6,0,1,27,2,4,0,1,532
GSE246613_immune_h19B_P_Post,3,15,11,1,0,2,2,30,2,87,15,2,36,142,13,1,5,26,42,16,23,18,2,49,38,112,56,39,73,254,37,213,1,159,358,30,98,40,0,0,0,0,0,0,0,0,0,0,0,0,0,0,0,0,0,0,0,0,0,0,0,0,0,0,0,0,0,0,0,0,0,0,0,0,0,0,0,0,0,0,0,0,0,0,0,0,1,0,0,146,243,63,64,356,59,91,39,186,169,12,6,41,2,3,77,5,20,1,4,1908
GSE246613_immune_h19C_P_Post,0,1,1,0,0,0,0,9,0,16,1,1,35,126,10,0,22,97,87,3,27,43,7,65,39,337,24,220,134,318,47,854,3,217,403,136,222,26,0,0,0,0,0,0,0,0,0,0,0,0,0,0,0,0,0,0,0,0,0,0,0,0,0,0,0,0,0,0,0,0,0,0,0,0,0,0,0,0,0,0,0,0,0,0,0,0,1,0,0,564,180,61,24,327,327,76,71,385,17,47,0,44,1,3,122,10,14,0,3,2118
GSE246613_immune_h20A_P_Pre,0,0,1,0,0,0,0,2,0,2,0,0,6,47,1,1,3,1,0,2,1,12,3,10,1,38,23,40,18,17,23,68,0,9,23,12,33,8,0,0,0,0,0,0,0,0,0,0,0,0,0,0,0,0,0,0,0,0,0,0,0,0,0,0,0,0,0,0,0,0,0,0,0,0,0,0,0,0,0,0,0,0,0,0,0,0,0,0,0,10,18,4,17,7,4,4,4,2,30,4,0,5,0,0,0,0,0,0,0,256
GSE246613_immune_h20B_P_Post,0,1,6,6,0,0,3,6,0,4,1,0,8,118,1,0,28,20,30,21,16,229,2,57,1,141,97,250,61,59,156,455,0,37,33,194,217,78,0,0,0,0,0,0,0,0,0,0,0,0,0,0,0,0,0,0,0,0,0,0,0,0,0,0,0,0,0,0,0,0,0,0,0,0,0,0,0,0,0,0,0,0,0,0,0,0,1,0,0,111,236,46,201,25,75,60,18,2,92,2,7,107,1,1,20,1,3,0,1,893
GSE246613_immune_h20C_P_Post,0,3,8,0,0,0,3,19,3,15,0,3,5,63,0,1,29,18,138,33,6,84,8,99,2,54,15,323,57,61,148,186,0,27,70,199,411,42,0,0,0,0,0,0,0,0,0,0,0,0,0,0,0,0,0,0,0,0,0,0,0,0,0,0,0,0,0,0,0,0,0,0,0,0,0,0,0,0,0,0,0,0,0,0,0,0,0,0,0,175,57,15,150,30,150,3,7,31,0,3,1,19,0,2,7,1,8,0,1,551
GSE246613_immune_h23A_P_Pre,1,32,13,5,1,4,4,47,5,20,5,2,42,163,1,4,5,5,37,16,22,19,24,83,21,35,51,39,151,312,100,175,0,209,355,67,154,80,0,0,0,0,0,0,0,0,0,0,0,0,0,0,0,0,0,0,0,0,0,0,0,0,0,0,0,0,0,0,0,0,0,0,0,0,0,0,0,0,0,0,0,0,0,0,0,0,0,0,0,123,102,21,364,703,31,29,39,163,427,3,21,66,0,6,128,6,37,0,8,1820
GSE246613_immune_h23B_P_Post,0,0,0,0,0,0,1,2,1,4,0,1,20,7,1,0,0,0,3,1,1,0,0,6,5,1,5,1,10,28,51,0,0,123,58,1,22,3,0,0,0,0,0,0,0,0,0,0,0,0,0,0,0,0,0,0,0,0,0,0,0,0,0,0,0,0,0,0,0,0,0,0,0,0,0,0,0,0,0,0,0,0,0,0,0,0,0,0,0,1,0,3,1,16,14,0,5,1,0,0,3,4,0,3,14,2,6,0,0,213
GSE246613_immune_h23C_P_Post,0,0,0,0,0,0,0,0,1,0,0,0,2,1,0,0,0,0,1,0,0,0,0,3,1,3,0,0,4,13,11,4,0,23,17,1,14,2,0,0,0,0,0,0,0,0,0,0,0,0,0,0,0,0,0,0,0,0,0,0,0,0,0,0,0,0,0,0,0,0,0,0,0,0,0,0,0,0,0,0,0,0,0,0,0,0,0,0,0,2,0,2,1,10,0,2,1,44,3,0,7,7,0,0,8,0,0,0,1,73
GSE246613_immune_h26A_P_Pre,0,0,0,0,0,0,0,0,0,1,0,0,1,3,1,0,0,2,0,3,4,2,7,10,5,9,17,10,41,21,12,24,46,61,198,33,47,1,0,0,0,0,0,0,0,0,0,0,0,0,0,0,0,0,0,0,0,0,0,0,0,0,0,0,0,0,0,0,0,0,0,0,0,0,0,0,0,0,0,0,0,0,0,0,0,0,0,0,0,5,10,9,4,79,20,75,1,2,33,0,3,6,0,0,2,0,0,0,0,365
GSE246613_immune_h26B_P_Post,0,0,0,0,0,0,0,0,0,0,0,0,0,0,0,0,0,0,0,0,0,0,1,0,0,0,0,0,6,1,1,1,2,3,11,1,3,0,0,0,0,0,0,0,0,0,0,0,0,0,0,0,0,0,0,0,0,0,0,0,0,0,0,0,0,0,0,0,0,0,0,0,0,0,0,0,0,0,0,0,0,0,0,0,0,0,0,0,0,0,2,2,0,15,2,9,0,95,7,0,1,1,0,0,0,0,0,0,0,612
GSE246613_immune_h26C_P_Post,0,0,0,0,0,0,0,2,0,0,0,0,0,0,0,0,33,31,15,5,2,5,13,95,4,60,11,207,139,149,31,131,0,315,373,30,148,5,0,0,0,0,0,0,0,0,0,0,0,0,0,0,0,0,0,0,0,0,0,0,0,0,0,0,0,0,0,0,0,0,0,0,0,0,0,0,0,0,0,0,0,0,0,0,0,0,0,0,0,336,219,28,513,679,59,29,55,66,483,0,1,35,4,1,15,4,22,0,2,1894
GSE246613_immune_h30A_P_Pre,0,0,0,0,0,0,1,5,0,0,0,0,0,0,0,0,0,1,0,1,0,2,0,3,0,4,0,1,1,0,0,3,0,5,6,2,1,1,0,0,0,0,0,0,0,0,0,0,0,0,0,0,0,0,0,0,0,0,0,0,0,0,0,0,0,0,0,0,0,0,0,0,0,0,0,0,0,0,0,0,0,0,0,0,0,0,0,0,0,1,5,0,0,5,0,1,0,0,0,0,0,0,0,0,0,1,0,0,1,41
GSE246613_immune_h30B_P_Post,1,5,27,4,0,0,3,32,4,12,2,1,8,13,1,0,6,103,120,21,109,310,21,105,15,177,41,55,79,277,104,937,1,82,260,489,497,102,0,0,0,0,0,0,0,0,0,0,0,0,0,0,0,0,0,0,0,0,0,0,0,0,0,0,0,0,0,0,0,0,0,0,0,0,0,0,0,0,0,0,1,0,0,0,0,0,1,0,0,216,338,2,125,9,21,18,14,0,1,1,7,135,0,1,48,8,14,0,2,565
GSE246613_immune_h30C_P_Post,2,1,2,0,0,0,0,6,1,4,1,0,8,8,1,0,0,21,169,7,64,66,24,87,47,44,22,9,125,1571,78,333,1,474,528,61,906,52,0,0,0,0,0,0,0,0,0,0,0,0,0,0,0,0,0,0,0,0,0,0,0,0,0,0,0,0,0,0,0,0,0,0,0,0,0,0,0,0,0,0,0,0,0,0,0,0,0,0,0,86,520,7,29,510,25,37,7,21,60,0,3,35,2,0,26,18,23,0,4,686
GSE246613_immune_h39A_P_Pre,0,0,0,0,0,0,0,0,0,0,0,1,0,0,0,0,0,0,0,0,0,0,0,0,0,0,0,1,2,7,10,7,0,7,6,1,1,3,0,0,0,0,0,0,0,0,0,0,0,0,0,0,0,0,0,0,0,0,0,0,0,0,0,0,0,0,0,0,0,0,0,0,0,0,0,0,0,0,0,0,0,0,0,0,0,0,0,0,0,0,1,0,0,6,0,0,1,1,1,0,0,0,0,0,0,0,0,0,0,88
GSE246613_immune_h39B_P_Post,0,7,17,0,0,0,3,48,5,35,8,0,17,28,2,0,1,11,42,16,8,15,1,78,36,11,65,5,77,282,77,88,0,286,403,4,132,34,0,0,0,0,0,0,0,0,0,0,0,0,0,0,0,0,0,0,0,0,0,0,0,0,0,0,0,0,0,0,0,0,0,0,0,0,0,0,0,0,0,0,0,0,0,0,0,0,0,0,0,33,8,23,3,81,16,20,40,256,10,0,22,62,4,4,65,13,8,0,2,535
GSE246613_immune_h39C_P_Post,0,0,0,0,0,0,0,0,0,0,0,0,2,3,0,0,0,0,0,0,0,0,0,1,1,0,1,1,3,9,19,3,0,11,18,0,2,2,0,0,0,0,0,0,0,0,0,0,0,0,0,0,0,0,0,0,0,0,0,0,0,0,0,0,0,0,0,0,0,0,0,0,0,0,0,0,0,0,0,0,0,0,0,0,0,0,0,0,0,1,0,8,0,5,14,1,19,13,0,0,0,4,1,0,10,1,1,0,0,213
GSE246613_immune_h42A_P_Pre,3,10,17,1,0,0,3,48,10,29,4,0,5,15,0,0,1,4,14,11,5,4,5,58,26,1,18,1,49,95,93,18,0,112,311,9,60,13,0,0,0,0,0,0,0,0,0,0,0,0,0,0,0,0,0,0,0,0,0,0,0,0,0,0,0,0,0,0,0,0,0,0,0,0,0,0,0,0,0,0,0,0,0,0,0,0,0,0,0,19,0,12,0,12,141,2,24,1,0,2,1,9,1,0,32,6,8,0,1,728
GSE246613_immune_h42B_P_Post,0,0,0,0,0,0,0,1,0,0,0,0,4,22,0,0,0,0,3,0,1,4,0,0,0,3,5,7,24,62,18,229,0,27,52,21,33,10,0,0,0,0,0,0,0,0,0,0,0,0,0,0,0,0,0,0,0,0,0,0,0,0,0,0,0,0,0,0,0,0,0,0,0,0,0,0,0,0,0,0,0,0,0,0,0,0,1,0,0,25,53,3,16,8,3,9,6,0,1,0,0,5,0,0,1,1,1,0,0,531
GSE246613_immune_h42C_P_Post,0,0,0,0,0,0,0,0,0,0,0,1,40,109,4,0,0,0,2,2,0,0,1,1,2,0,3,5,17,61,69,26,0,84,78,38,21,8,0,0,0,0,0,0,0,0,0,0,0,0,0,0,0,0,0,0,0,0,0,0,0,0,0,0,0,0,0,0,0,0,0,0,0,0,0,0,0,0,0,0,0,0,0,0,0,0,0,0,0,30,4,5,1,30,38,1,14,2,0,0,2,4,2,0,13,2,7,0,0,763
GSE246613_immune_h43A_P_Pre,1,14,47,9,0,1,1,86,8,27,3,0,12,28,2,0,11,4,14,3,9,1,2,26,33,11,39,66,54,86,37,33,0,45,287,13,16,11,0,0,0,0,0,0,0,0,0,0,0,0,0,0,0,0,0,0,0,0,0,0,0,0,0,0,0,0,0,0,0,0,0,0,0,0,0,0,0,0,0,0,0,0,0,0,0,0,0,0,0,13,5,3,16,0,6,1,9,16,0,0,0,6,0,0,12,3,4,0,4,219
GSE246613_immune_h43B_P_Post,1,51,76,7,2,16,1,137,10,47,8,9,159,781,23,29,3,7,24,2,21,6,2,21,79,11,71,135,32,532,64,388,2,482,1288,244,72,36,0,0,0,0,0,0,0,0,0,0,0,0,0,0,0,0,0,0,0,0,0,0,0,0,0,0,0,0,0,0,0,0,0,0,0,0,0,0,0,0,0,0,0,0,0,0,0,0,0,0,0,83,58,28,29,61,68,21,33,222,3,0,2,27,1,1,140,4,32,3,2,3725
GSE246613_immune_h43C_P_Post,0,0,2,0,0,0,0,9,0,1,0,0,5,16,1,0,4,0,2,1,2,0,2,9,1,11,15,27,55,72,13,55,0,78,92,18,53,12,0,0,0,0,0,0,0,0,0,0,0,0,0,0,0,0,0,0,0,0,0,0,0,0,0,0,0,0,0,0,0,0,0,0,0,0,0,0,0,0,0,0,0,0,0,0,0,0,0,0,0,20,9,25,19,33,22,21,11,2,25,0,1,8,0,0,8,2,6,0,0,471
GSE246613_immune_h45A_P_Pre,0,5,10,0,0,0,4,23,10,12,5,0,15,29,1,1,5,1,4,0,14,1,0,13,14,15,22,55,17,28,10,34,0,27,123,13,18,11,0,0,0,0,0,0,0,0,0,0,0,0,0,0,0,0,0,0,0,0,0,0,0,0,0,0,0,0,0,0,0,0,0,0,0,0,0,0,0,0,0,0,0,0,0,0,0,0,0,0,0,33,5,0,4,4,7,0,15,0,0,2,0,6,0,0,21,2,6,0,0,131
GSE246613_immune_h45B_P_Post,0,0,0,2,0,0,1,5,1,1,0,0,11,34,1,0,3,4,7,2,4,6,4,33,4,18,49,64,79,87,49,88,1,123,108,34,87,18,0,0,0,0,0,0,0,0,0,0,0,0,0,0,0,0,0,0,0,0,0,0,0,0,0,0,0,0,0,0,0,0,0,0,0,0,0,0,0,0,0,0,0,0,0,0,0,0,0,0,0,42,38,70,29,77,67,42,17,3,72,0,9,17,0,1,14,1,9,0,1,1302
GSE246613_immune_h45C_P_Post,0,0,0,0,0,0,0,0,0,0,0,0,0,1,0,0,0,0,0,0,0,0,0,1,2,1,0,3,2,2,0,1,0,0,11,0,0,0,0,0,0,0,0,0,0,0,0,0,0,0,0,0,0,0,0,0,0,0,0,0,0,0,0,0,0,0,0,0,0,0,0,0,0,0,0,0,0,0,0,0,0,0,0,0,0,0,0,0,0,0,0,0,0,0,0,0,0,0,0,0,0,0,0,0,0,0,0,0,0,21
GSE246613_immune_h46A_P_Pre,1,1,11,1,0,0,1,11,2,4,0,0,6,10,1,0,0,14,9,6,8,28,1,11,2,116,59,21,53,112,11,308,0,78,88,53,91,14,0,0,0,0,0,0,0,0,0,0,0,0,0,0,0,0,0,0,0,0,0,0,0,0,0,0,0,0,0,0,0,0,0,0,0,0,0,0,0,0,0,0,0,0,0,0,0,0,0,0,0,68,90,40,56,76,39,88,18,3,155,3,2,29,0,0,3,9,5,0,0,655
GSE246613_immune_h46B_P_Post,2,18,55,13,0,0,2,99,8,23,3,2,26,63,2,1,7,10,20,1,19,33,1,15,4,91,40,147,75,310,32,720,0,87,181,128,65,28,0,0,0,0,0,0,0,0,0,0,0,0,0,0,0,0,0,0,0,0,0,0,0,0,0,0,0,0,0,0,0,0,0,0,0,0,0,0,0,0,0,0,0,0,0,0,0,0,2,0,0,46,82,15,57,18,13,35,1,0,71,4,1,69,1,2,28,30,12,0,1,1255
GSE246613_immune_h46C_P_Post,0,16,27,13,0,0,2,44,4,26,8,0,14,49,2,0,1,0,21,1,19,19,0,2,8,20,19,74,33,223,21,303,0,59,145,35,43,35,0,0,0,0,0,0,0,0,0,0,0,0,0,0,0,0,0,0,0,0,0,0,0,0,0,0,0,0,0,0,0,0,0,0,0,0,0,0,0,0,0,0,0,0,0,0,0,0,0,0,0,55,30,2,1,6,0,0,14,0,0,0,0,4,0,0,44,0,16,0,2,647
GSE246613_immune_h47A_P_Pre,1,15,30,8,0,0,4,47,7,27,10,2,65,185,0,6,15,2,13,2,12,10,3,19,44,25,36,77,49,113,15,105,0,106,288,16,53,15,0,0,0,0,0,0,0,0,0,0,0,0,0,0,0,0,0,0,0,0,0,0,0,0,0,0,0,0,0,0,0,0,0,0,0,0,0,0,0,0,0,0,0,0,0,0,0,0,0,0,0,39,65,18,48,7,17,14,43,1,13,4,14,78,0,2,43,2,7,1,4,607
GSE246613_immune_h47B_P_Post,0,2,3,1,0,0,0,5,2,3,0,1,24,92,3,0,12,4,14,1,8,71,10,18,2,55,39,126,69,62,25,449,0,71,87,101,85,33,0,0,0,0,0,0,0,0,0,0,0,0,0,0,0,0,0,0,0,0,0,0,0,0,0,0,0,0,0,0,0,0,0,0,0,0,0,0,0,0,0,0,0,0,0,0,0,0,1,0,0,67,154,44,119,25,30,68,42,2,49,3,1,83,0,0,24,8,12,0,0,894
GSE246613_immune_h47C_P_Post,0,23,84,21,0,0,9,94,14,83,30,0,12,57,1,0,1,0,35,2,25,50,1,10,20,53,33,88,38,205,19,293,0,48,179,32,42,47,0,0,0,0,0,0,0,0,0,0,0,0,0,0,0,0,0,0,0,0,0,0,0,0,0,0,0,0,0,0,0,0,0,0,0,0,0,0,0,0,0,0,0,0,0,0,0,0,0,0,0,57,39,0,0,6,2,0,12,0,0,2,0,4,0,0,42,0,18,0,4,310
GSE246613_immune_h48A_P_Pre,0,0,0,0,0,0,0,0,0,1,0,0,1,5,0,1,0,1,0,0,0,0,0,0,1,0,3,1,0,18,11,7,0,30,47,6,1,1,0,0,0,0,0,0,0,0,0,0,0,0,0,0,0,0,0,0,0,0,0,0,0,0,0,0,0,0,0,0,0,0,0,0,0,0,0,0,0,0,0,0,0,0,0,0,0,0,0,0,0,0,1,0,0,2,0,0,1,0,0,0,0,0,0,0,0,0,0,0,0,299
GSE246613_immune_h48B_P_Post,1,6,12,0,0,1,1,23,1,27,0,0,3,11,0,0,0,1,5,1,3,6,1,7,9,5,4,3,20,65,13,32,0,40,114,5,8,1,0,0,0,0,0,0,0,0,0,0,0,0,0,0,0,0,0,0,0,0,0,0,0,0,0,0,0,0,0,0,0,0,0,0,0,0,0,0,0,0,0,0,0,0,0,0,0,0,0,0,0,2,9,3,0,10,2,4,0,0,1,0,0,0,0,0,7,0,1,0,0,176
GSE246613_immune_h48C_P_Post,0,1,3,0,0,0,0,2,0,3,0,0,0,0,0,0,0,0,3,3,0,0,0,6,4,3,1,1,12,18,4,4,0,6,35,5,5,1,0,0,0,0,0,0,0,0,0,0,0,0,0,0,0,0,0,0,0,0,0,0,0,0,0,0,0,0,0,0,0,0,0,0,0,0,0,0,0,0,0,0,0,0,0,0,0,0,0,0,0,20,4,1,8,24,20,2,9,7,3,0,2,11,0,0,3,1,2,0,2,52
GSE246613_immune_h52A_P_Pre,0,0,4,0,0,0,1,2,0,16,0,0,0,0,0,0,0,0,5,4,1,1,19,40,21,0,12,1,151,111,188,9,0,145,189,2,94,13,0,0,0,0,0,0,0,0,0,0,0,0,0,0,0,0,0,0,0,0,0,0,0,0,0,0,0,0,0,0,0,0,0,0,0,0,0,0,0,0,0,0,0,0,0,0,0,0,0,0,0,3,0,1,0,41,7,1,18,0,0,0,32,38,1,0,53,1,6,0,2,287
GSE246613_immune_h52B_P_Post,0,0,0,0,0,0,0,4,0,3,0,0,0,0,0,0,0,2,12,6,2,2,2,12,4,3,6,1,26,45,66,20,1,65,90,44,27,4,0,0,0,0,0,0,0,0,0,0,0,0,0,0,0,0,0,0,0,0,0,0,0,0,0,0,0,0,0,0,0,0,0,0,0,0,0,0,0,0,0,0,0,0,0,0,0,0,0,0,0,9,0,5,0,8,24,2,3,0,2,0,1,10,0,0,17,1,1,0,0,333
GSE246613_immune_h52C_P_Post,0,0,0,0,0,0,0,1,0,0,0,0,0,0,0,0,0,0,0,1,1,0,0,2,2,1,2,0,6,5,10,1,0,10,22,4,6,1,0,0,0,0,0,0,0,0,0,0,0,0,0,0,0,0,0,0,0,0,0,0,0,0,0,0,0,0,0,0,0,0,0,0,0,0,0,0,0,0,0,0,0,0,0,0,0,0,0,0,0,0,0,0,0,0,0,0,0,0,0,0,0,2,0,0,2,0,0,0,0,38
GSE246613_immune_h53A_P_Pre,0,2,0,0,0,0,0,7,0,1,0,2,59,604,7,1,4,24,13,4,28,129,27,66,7,140,71,90,315,178,86,1193,2,112,263,236,338,90,0,0,0,0,0,0,0,0,0,0,0,0,0,0,0,0,0,0,0,0,0,0,0,0,0,0,0,0,0,0,0,0,0,0,0,0,0,0,0,0,0,0,0,0,0,0,0,0,0,0,0,76,461,3,20,114,40,463,1,0,233,2,0,36,1,1,16,1,13,0,0,1799
GSE246613_immune_h53B_P_Post,1,22,7,1,0,1,2,44,0,93,35,2,30,358,2,7,7,10,25,12,79,168,3,18,21,81,41,148,36,99,55,886,1,55,144,177,251,79,0,0,0,0,0,0,0,0,0,0,0,0,0,0,0,0,0,0,0,0,0,0,0,0,0,0,0,0,0,0,0,0,0,0,0,0,0,0,0,0,0,0,0,0,0,0,0,0,0,0,0,72,151,5,56,11,19,25,7,5,22,1,6,102,0,2,18,3,11,0,3,764
GSE246613_immune_h53C_P_Post,1,5,12,0,0,0,2,26,4,67,14,2,50,223,13,0,1,7,28,29,18,27,4,28,30,41,21,22,40,87,81,143,0,44,304,53,121,27,0,0,0,0,0,0,0,0,0,0,0,0,0,0,0,0,0,0,0,0,0,0,0,0,0,0,0,0,0,0,0,0,0,0,0,0,0,0,0,0,0,0,0,0,0,0,0,0,0,0,0,57,40,19,10,30,76,5,71,115,4,0,14,41,4,4,57,7,33,0,0,575
GSE246613_immune_h56A_P_Pre,1,14,22,3,0,3,0,39,6,23,3,1,12,18,1,1,15,84,85,7,67,200,23,121,58,296,105,55,195,312,73,748,0,111,604,120,178,49,0,0,0,0,0,0,0,0,0,0,0,0,0,0,0,0,0,0,0,0,0,0,0,0,0,0,0,0,0,0,0,0,0,0,0,0,0,0,0,0,0,0,0,0,0,0,0,0,1,0,0,36,219,22,236,123,26,195,13,7,422,1,9,99,3,1,66,26,20,0,9,1012
GSE246613_immune_h56B_P_Post,0,5,8,0,0,0,1,14,1,2,2,1,1,29,1,0,27,39,58,10,44,319,12,74,11,158,51,290,125,219,96,1079,0,110,165,318,240,95,0,0,0,0,0,0,0,0,0,0,0,0,0,0,0,0,0,0,0,0,0,0,0,0,0,0,0,0,0,0,0,0,0,0,0,0,0,0,0,0,0,0,0,0,0,0,0,0,0,0,0,68,380,5,101,49,15,112,5,1,153,6,2,103,16,0,91,8,18,0,3,1472
GSE246613_immune_h56C_P_Post,0,0,0,1,0,0,0,1,0,0,0,0,3,10,0,0,4,15,31,3,23,76,5,29,8,273,11,73,88,234,36,793,0,59,143,91,105,35,0,0,0,0,0,0,0,0,0,0,0,0,0,0,0,0,0,0,0,0,0,0,0,0,0,0,0,0,0,0,0,0,0,0,0,0,0,0,0,0,0,0,0,0,0,0,0,0,0,0,0,182,385,0,13,266,5,24,2,6,4,9,0,16,5,0,29,6,23,0,1,446
GSE246613_immune_h57B_P_Post,1,1,11,0,0,0,5,33,4,37,5,0,4,8,0,0,0,32,16,45,1,5,17,84,27,13,16,1,300,140,729,20,0,56,209,61,100,25,0,0,0,0,0,0,0,0,0,0,0,0,0,0,0,0,0,0,0,0,0,0,0,0,0,0,0,0,0,0,0,0,0,0,0,0,0,0,0,0,0,0,0,0,0,0,0,0,0,0,0,26,5,4,17,402,21,141,23,209,337,3,9,47,52,0,186,6,11,0,2,1653
GSE246613_immune_h57C_P_Post,2,8,30,2,0,2,12,93,22,65,14,0,18,38,1,0,2,19,63,20,8,5,1,107,76,34,18,10,64,383,323,60,0,162,709,64,73,27,0,0,0,0,0,0,0,0,0,0,0,0,0,0,0,0,0,0,0,0,0,0,0,0,0,0,0,0,0,0,0,0,0,0,0,0,0,0,0,0,0,0,0,0,0,0,0,0,0,0,0,122,29,7,15,193,114,18,42,609,25,2,6,55,4,2,82,15,20,1,1,1171
GSE246613_immune_h63A_P_Pre,0,0,0,0,0,0,1,4,1,1,0,0,0,2,0,0,0,0,1,0,0,0,0,3,6,1,1,0,2,9,8,4,0,3,34,0,0,2,0,0,0,0,0,0,0,0,0,0,0,0,0,0,0,0,0,0,0,0,0,0,0,0,0,0,0,0,0,0,0,0,0,0,0,0,0,0,0,0,0,0,0,0,0,0,0,0,0,0,0,0,0,0,0,0,0,0,0,0,0,0,0,0,0,0,1,0,0,0,0,46
GSE246613_immune_h63B_P_Post,0,1,2,0,0,0,0,3,0,0,0,0,0,2,0,0,0,0,4,2,2,1,2,15,2,2,1,0,6,18,15,7,0,18,26,2,7,2,0,0,0,0,0,0,0,0,0,0,0,0,0,0,0,0,0,0,0,0,0,0,0,0,0,0,0,0,0,0,0,0,0,0,0,0,0,0,0,0,0,0,0,0,0,0,0,0,0,0,0,7,0,3,5,8,2,1,13,0,4,0,0,7,0,0,2,0,0,0,0,85
GSE246613_immune_h63C_P_Post,2,1,5,0,0,0,2,16,5,6,1,0,1,0,0,0,3,0,2,9,2,0,0,27,41,2,6,0,7,80,143,13,0,71,434,0,6,7,0,0,0,0,0,0,0,0,0,0,0,0,0,0,0,0,0,0,0,0,0,0,0,0,0,0,0,0,0,0,0,0,0,0,0,0,0,0,0,0,0,0,0,0,0,0,0,0,0,0,0,1,0,1,0,0,2,0,2,0,0,0,2,4,0,0,17,0,2,0,1,255
GSE246613_immune_h64A_P_Pre,0,0,0,0,0,0,0,0,0,0,0,0,0,1,0,0,0,0,0,0,0,1,1,8,0,0,1,0,2,5,3,0,0,7,13,0,4,0,0,0,0,0,0,0,0,0,0,0,0,0,0,0,0,0,0,0,0,0,0,0,0,0,0,0,0,0,0,0,0,0,0,0,0,0,0,0,0,0,0,0,0,0,0,0,0,0,0,0,0,1,0,0,0,0,0,0,0,0,0,0,0,0,0,0,0,0,0,0,0,28
GSE246613_immune_h64B_P_Post,0,0,0,0,0,0,0,0,0,1,1,0,2,0,0,0,0,7,10,3,0,1,4,69,8,7,8,1,37,124,46,10,0,57,97,5,30,6,0,0,0,0,0,0,0,0,0,0,0,0,0,0,0,0,0,0,0,0,0,0,0,0,0,0,0,0,0,0,0,0,0,0,0,0,0,0,0,0,0,0,0,0,0,0,0,0,0,0,0,12,0,0,0,9,26,0,8,9,1,0,5,8,2,0,18,2,1,0,0,226
GSE246613_immune_h64C_P_Post,0,0,0,0,0,0,0,0,0,1,0,0,0,0,0,0,0,1,1,0,0,0,2,0,2,1,0,1,3,6,15,1,0,5,14,2,5,3,0,0,0,0,0,0,0,0,0,0,0,0,0,0,0,0,0,0,0,0,0,0,0,0,0,0,0,0,0,0,0,0,0,0,0,0,0,0,0,0,0,0,0,0,0,0,0,0,0,0,0,1,0,0,0,2,2,0,0,0,2,0,0,4,0,0,0,0,0,0,0,27
GSE246613_immune_h66A_P_Pre,0,0,0,0,0,0,0,0,3,1,0,0,3,0,0,0,0,0,3,2,0,0,0,16,4,0,10,0,21,5,37,0,0,26,25,1,9,4,0,0,0,0,0,0,0,0,0,0,0,0,0,0,0,0,0,0,0,0,0,0,0,0,0,0,0,0,0,0,0,0,0,0,0,0,0,0,0,0,0,0,0,0,0,0,0,0,0,0,0,0,1,4,0,2,21,1,1,19,0,0,0,1,0,0,6,1,0,0,0,69
GSE246613_immune_h66B_P_Post,1,29,39,4,0,0,6,104,10,40,0,0,11,17,1,0,0,1,45,3,44,16,2,36,38,61,173,35,64,539,91,529,0,316,675,33,53,93,0,0,0,0,0,0,0,0,0,0,0,0,0,0,0,0,0,0,0,0,0,0,0,0,0,0,0,0,0,0,0,0,0,0,0,0,0,0,0,0,0,0,0,0,0,0,0,0,0,0,0,6,5,0,1,3,0,0,2,0,0,0,1,3,0,0,5,2,2,0,2,658
GSE246613_immune_h66C_P_Post,0,0,1,0,0,0,0,0,0,0,0,0,0,0,0,0,0,0,2,0,2,1,0,3,3,0,2,0,0,7,5,3,0,13,26,1,1,0,0,0,0,0,0,0,0,0,0,0,0,0,0,0,0,0,0,0,0,0,0,0,0,0,0,0,0,0,0,0,0,0,0,0,0,0,0,0,0,0,0,0,0,0,0,0,0,0,0,0,0,0,0,0,0,0,0,0,0,0,0,0,0,0,0,0,0,0,0,0,0,12
GSE251923_caseA_Post,0,0,0,0,0,0,0,0,0,0,0,0,0,0,0,0,0,0,0,0,0,0,0,0,0,0,1,42,17,50,19,677,2,374,54,74,0,6,52,53,11,2,7,66,11,5,3,26,82,34,24,3,6309,41,682,16,113,9,2,1134,4,0,10,41,5,123,12,24,2,5,31,1,329,0,0,0,0,0,0,0,0,0,0,0,0,0,0,0,0,0,0,0,0,0,0,0,0,0,0,0,0,0,0,0,0,0,0,0,0,2957
GSE251923_caseB_Post,0,0,0,0,0,0,0,0,0,0,0,0,0,0,0,0,0,0,0,0,0,0,0,0,0,0,0,0,1,0,0,2,0,3,0,0,0,0,20,55,45,8,12,26,18,33,10,96,81,7,48,3,2728,21,130,2,33,1,0,124,0,0,5,6,1,21,4,24,2,47,1,0,5,0,0,0,0,0,0,0,0,0,0,0,0,0,0,0,0,0,0,0,0,0,0,0,0,0,0,0,0,0,0,0,0,0,0,0,0,309
H08_Post,0,4,4,0,0,9,0,21,1,86,14,0,4,5,0,1,6,6,1,1,0,0,1,10,8,40,1,52,51,63,5,105,0,127,288,23,41,5,13,18,8,0,3,1,21,8,10,32,1,2,5,0,314,0,0,0,0,0,0,0,0,0,0,1,0,0,0,2,0,0,0,0,1,0,0,0,0,3,0,0,1,0,0,0,0,2,0,0,0,27,7,7,11,27,44,8,2,4,21,0,1,8,12,25,12,1,3,0,2,456
H18_Post,0,1,3,0,0,0,0,0,1,1,0,0,4,12,0,4,0,1,0,0,0,2,0,0,4,0,0,6,0,11,3,11,0,2,5,10,2,0,0,0,0,0,0,0,0,0,0,0,0,0,0,0,0,0,0,0,0,0,0,0,0,0,0,0,0,0,0,0,0,0,0,0,0,0,0,0,0,0,0,0,1,1,0,0,0,0,0,0,0,0,0,0,0,0,0,0,0,0,0,0,0,0,0,0,0,0,0,0,0,22
H21_Post,0,0,0,0,0,0,2,0,2,0,0,0,4,2,0,0,0,0,0,0,3,0,0,1,10,1,0,0,67,1,2,4,0,13,46,5,3,0,7,15,190,1,10,9,18,4,172,7,0,3,15,22,0,2,0,7,3,2,0,0,0,1,1,2,0,0,0,0,0,0,5,0,0,0,0,0,0,0,0,0,1,0,0,0,0,0,0,0,0,0,0,0,0,1,0,0,0,2,0,0,0,0,0,0,0,0,2,0,0,26
H23_Post,0,0,0,0,0,0,0,0,0,0,0,0,0,0,0,0,0,0,0,0,0,0,0,0,1,1,0,0,0,1,2,0,0,1,2,0,0,0,1,2,20,5,0,0,2,1,13,5,0,0,0,1,17,0,0,0,0,0,0,0,0,0,0,0,0,1,0,0,0,0,0,0,0,0,0,0,0,0,0,0,0,0,0,0,0,0,0,0,0,0,0,0,0,0,0,0,0,0,0,0,0,0,0,0,0,0,0,0,0,6
H28_Post,0,0,0,0,0,0,0,0,0,0,0,0,0,0,0,0,1,0,1,0,3,0,0,3,0,3,0,2,36,4,1,5,0,6,4,3,2,0,0,0,0,0,0,2,0,1,3,0,0,0,1,0,7,0,0,0,0,0,0,0,0,0,0,0,0,0,0,0,0,0,0,0,0,0,0,0,1,0,0,0,0,0,0,0,0,0,0,0,0,0,0,0,0,0,0,0,0,0,0,0,0,0,0,0,0,0,0,0,0,18
H30_Post,0,5,1,0,0,0,1,4,1,3,0,1,145,292,46,7,0,1,1,0,1,1,0,1,3,0,1,1,7,7,0,8,0,3,21,45,0,0,1,0,0,0,0,0,6,1,4,1,1,1,3,0,22,0,0,0,2,0,0,0,0,0,0,3,0,0,0,0,0,0,1,0,1,0,0,0,0,0,0,0,0,0,0,0,0,0,0,0,0,0,2,0,0,1,0,0,3,0,0,0,0,1,1,0,9,0,8,0,0,99
H34a_Pre,0,0,0,0,0,0,0,0,0,0,0,0,3,2,0,0,0,0,0,0,0,0,0,2,1,1,0,0,20,0,0,1,0,12,13,4,3,0,0,4,8,6,2,0,10,18,13,14,2,3,2,4,50,0,1,0,1,0,0,0,0,1,0,0,0,0,0,0,0,0,0,0,0,0,0,0,0,0,0,0,0,0,0,0,0,0,0,0,0,0,0,2,0,3,2,1,1,0,0,0,0,1,1,0,2,0,0,0,0,24
H34c_Post,0,0,0,0,0,0,0,0,0,0,0,0,4,1,0,0,0,1,0,0,0,0,0,0,0,0,0,2,2,2,0,25,0,21,21,7,16,1,40,31,2,2,1,7,15,3,10,41,2,12,14,1,15,0,2,0,4,0,0,0,0,0,0,7,0,1,0,1,0,0,1,0,0,0,0,0,0,0,0,0,0,0,0,0,0,0,0,0,0,1,1,0,0,4,0,2,0,0,0,0,0,0,0,0,0,0,0,0,0,45
H37_Post,0,1,0,0,0,0,0,0,0,0,0,0,0,0,0,0,0,0,0,0,0,0,0,0,0,0,0,1,1,4,3,1,0,4,0,17,6,0,0,0,0,0,0,0,0,1,1,3,0,0,0,0,52,0,0,0,0,0,0,0,0,0,0,0,0,0,0,0,0,0,0,0,0,0,0,0,0,0,0,0,0,0,0,0,0,0,0,0,0,1,0,0,0,0,1,1,0,0,0,0,0,0,0,0,0,0,0,0,0,4
H38_Post,0,2,0,0,0,0,0,4,0,3,0,0,1,2,0,0,0,0,0,0,0,0,0,1,0,0,0,0,4,1,1,0,0,0,3,5,1,0,12,2,227,7,6,1,10,7,241,12,10,4,6,30,179,0,0,0,0,0,0,0,0,0,0,3,0,2,0,0,0,0,2,0,0,1,0,0,0,0,0,0,0,0,0,0,0,0,0,0,0,6,2,5,0,3,0,2,21,0,1,0,4,5,11,0,11,0,8,0,1,74
H41_Post,0,1,1,0,0,0,0,0,0,0,1,0,0,0,0,1,0,0,0,0,0,0,0,0,2,0,1,0,12,5,0,0,0,30,33,1,2,0,0,2,1,1,0,1,0,0,0,0,4,3,1,0,16,0,0,0,0,0,0,0,0,0,0,0,0,0,0,0,0,0,0,0,0,0,0,0,0,0,0,0,0,0,0,0,0,0,0,0,0,1,0,0,0,0,0,2,0,0,0,0,1,0,0,0,0,0,0,0,0,22
H43_Post,1,0,0,0,0,0,0,0,0,0,0,0,0,0,0,0,0,0,0,0,0,0,0,5,1,0,0,1,14,6,2,4,0,18,26,2,10,0,0,0,0,0,0,0,0,0,1,2,0,3,5,0,2,0,0,0,0,0,0,0,0,0,0,10,1,0,0,0,0,0,1,0,0,0,0,0,0,0,0,0,0,0,0,0,0,0,0,0,0,0,0,2,0,1,0,0,0,0,0,0,0,0,0,0,0,0,0,0,0,19
H49a_Pre,0,0,0,0,0,0,1,0,1,0,0,0,0,0,0,0,0,0,0,0,0,0,0,0,1,0,2,22,41,55,4,3,0,105,246,3,3,1,5,4,7,1,0,2,0,1,1,6,25,12,1,0,15,0,0,0,0,0,0,0,0,0,0,0,0,0,0,0,0,0,0,0,0,0,0,0,0,0,0,0,0,0,0,0,0,0,0,0,0,0,0,0,0,0,0,0,0,0,0,0,0,0,0,0,0,0,0,0,0,160
H54_Post,0,0,0,0,0,0,0,0,0,0,0,0,0,0,0,0,0,0,0,0,0,0,0,0,0,0,0,0,1,1,0,0,0,6,1,1,1,0,0,1,0,0,0,0,0,0,0,0,0,0,0,0,0,0,0,0,0,0,0,0,0,0,0,0,0,0,0,0,0,0,0,0,0,0,0,0,0,0,0,0,0,0,0,0,0,0,0,0,0,0,0,0,0,0,0,0,0,0,0,0,0,0,0,0,0,0,0,0,0,5
H55_Post,0,0,0,0,0,0,0,0,0,0,0,0,0,0,0,0,0,0,0,0,0,0,0,0,0,0,1,4,4,7,10,2,0,9,19,0,0,1,0,0,0,0,0,0,1,1,0,1,0,1,0,0,1,0,0,0,1,0,0,0,0,0,0,0,0,0,0,0,0,0,0,0,0,0,0,0,0,0,0,0,0,0,0,0,0,0,0,0,0,0,0,0,0,0,0,0,0,0,0,0,0,0,0,0,0,0,0,0,0,55
H58a_Pre,0,3,20,0,0,0,1,23,0,15,1,1,18,32,5,0,0,0,0,0,0,0,1,3,18,0,1,0,156,12,3,7,0,61,179,5,4,1,25,29,76,26,3,8,7,2,81,21,18,7,6,25,14,11,11,21,9,0,0,0,1,0,4,6,0,0,0,3,2,0,2,0,0,2,0,0,1,0,0,0,1,0,0,0,0,0,0,0,0,0,0,4,0,8,2,3,4,3,0,0,0,0,2,0,7,0,5,0,1,212
H58c_Post,4,0,2,0,0,0,15,5,19,1,10,1,1,9,0,0,1,1,5,0,5,2,13,36,78,23,4,1,685,104,3,52,0,151,194,2,36,1,0,15,5,21,3,4,2,1,14,44,6,4,3,3,11,1,2,0,2,0,0,0,0,0,0,0,0,0,0,0,0,0,2,0,2,0,1,1,0,0,0,0,12,1,0,0,0,11,0,0,0,17,0,0,1,54,20,8,0,3,1,0,4,0,5,1,11,1,3,0,0,276
H62_Post,0,0,0,0,0,0,0,0,0,0,0,0,0,0,0,0,0,0,0,0,1,0,0,0,4,2,1,2,103,11,6,13,0,57,134,9,1,0,4,7,3,2,2,0,4,3,4,17,1,1,3,1,3,0,0,0,0,0,0,0,0,0,0,1,0,0,0,0,0,0,0,0,0,0,0,0,0,0,0,0,1,0,0,0,0,0,0,0,0,1,0,0,0,0,0,0,0,0,0,0,0,0,0,0,0,0,0,0,0,116
H63_Post,0,0,0,0,0,0,0,0,0,2,3,0,10,7,0,0,0,0,0,0,0,0,0,0,0,0,1,1,6,7,5,1,0,9,7,12,0,1,9,18,2,0,0,1,0,0,0,6,8,0,2,0,132,1,1,0,0,0,0,0,0,0,0,0,0,0,0,0,0,0,0,0,0,0,0,0,0,0,0,0,1,0,0,0,0,0,0,0,0,0,0,0,0,2,0,0,0,0,0,0,0,0,2,0,2,0,0,0,0,286
H65_Post,0,0,0,0,0,0,0,0,0,0,0,0,4,12,0,10,0,0,0,0,0,0,0,0,0,0,0,0,0,0,0,0,0,1,0,3,0,0,0,1,0,0,0,0,1,3,0,0,0,0,0,0,504,0,0,0,0,0,0,0,0,0,0,1,0,0,0,0,0,0,0,0,0,0,0,0,0,0,0,0,0,0,0,0,0,0,0,0,0,2,1,0,1,0,3,2,0,0,2,0,0,0,0,0,0,0,0,0,0,42
H68a_Pre,0,0,0,0,0,0,0,0,0,1,2,1,0,1,0,0,0,0,0,0,0,0,0,1,0,1,0,0,4,2,0,0,0,4,1,3,0,0,1,14,1,25,6,2,24,129,6,14,3,4,2,2,3601,0,0,0,0,0,0,0,0,0,0,1,0,0,0,0,0,0,0,0,0,0,0,0,0,0,0,0,0,0,0,0,0,1,0,0,0,1,0,6,0,18,31,5,0,1,2,0,2,4,12,2,3,0,0,0,0,564
H70_Post,0,1,4,0,0,1,1,21,1,2,2,4,55,143,1,22,1,7,10,2,23,19,0,4,13,42,3,1,1,50,0,312,0,48,71,92,30,2,0,0,0,0,0,0,6,1,0,1,0,1,0,0,3865,0,0,0,0,0,0,0,0,0,0,0,0,0,0,0,0,0,0,0,0,0,0,0,0,0,0,0,0,0,0,0,0,0,0,0,0,3,450,4,14,20,40,180,0,0,68,0,0,6,2,1,3,3,2,0,0,470
H72_Post,0,3,2,0,0,0,1,0,0,11,3,0,3,2,0,0,2,5,51,9,5,18,34,113,21,60,8,2,116,250,47,82,2,99,156,9,82,19,0,3,0,1,1,1,0,2,0,5,0,3,6,1,1753,0,0,0,1,0,0,0,0,0,1,0,0,0,0,0,0,0,0,0,1,0,0,0,0,0,0,0,1,5,0,0,0,1,0,0,0,8,16,14,23,57,7,3,12,1,30,0,2,10,6,3,0,0,2,0,1,154
H73a_Pre,0,3,14,4,0,0,0,17,1,89,3,0,10,3,1,0,27,5,53,42,10,18,145,264,13,53,18,78,175,673,107,111,6,115,159,11,156,540,0,4,9,5,4,3,0,2,13,17,3,3,4,4,198,0,1,0,2,0,0,0,0,0,0,1,0,0,0,0,0,0,0,0,0,0,0,0,58,0,0,0,115,3,0,0,0,15,2,0,0,33,23,6,4,38,14,0,27,3,0,0,8,63,12,0,17,1,4,2,0,533
H74_Post,0,0,0,0,0,0,0,3,0,0,1,0,1,0,0,0,1,0,3,0,0,5,6,16,3,17,2,6,12,74,1,67,0,35,47,31,44,0,0,1,0,0,3,1,6,6,3,8,0,0,2,0,609,0,0,0,0,0,0,0,0,0,0,1,0,0,0,0,0,0,0,0,0,0,1,0,1,0,0,0,7,7,0,0,0,10,0,0,0,11,2,0,9,4,12,3,0,0,0,0,0,5,3,1,0,0,1,0,0,89
H75_Post,1,6,5,0,0,0,0,11,2,17,1,0,14,27,1,0,1,1,0,2,3,1,2,17,39,26,2,1,182,73,3,147,0,97,404,13,14,3,5,12,6,0,0,2,2,1,8,6,1,0,0,1,190,0,0,0,0,0,0,0,0,0,1,0,0,0,0,0,0,0,0,0,0,0,0,0,2,1,0,0,3,1,0,0,0,1,0,0,0,6,1,0,0,13,0,1,0,0,0,0,2,2,0,1,15,1,7,1,0,101
H77_Post,1,13,17,0,0,0,6,28,10,56,15,0,11,15,1,0,0,3,19,3,2,0,2,32,175,12,8,7,324,562,12,24,0,442,1275,18,56,33,74,21,39,4,13,4,3,0,15,21,32,11,10,6,86,7,0,8,7,1,0,0,0,0,0,0,0,0,0,0,0,0,0,0,1,0,1,0,1,0,0,0,4,1,0,0,0,16,0,0,0,5,3,2,0,35,2,1,3,0,1,0,3,9,9,2,67,1,4,0,5,844
K409_Blood_Pre,0,0,0,0,0,0,0,0,0,0,0,0,0,0,0,0,0,0,0,0,0,0,0,1,0,0,4,6,21,515,941,16,0,450,3029,4,68,28,0,0,0,0,0,0,0,0,0,0,0,0,0,0,0,0,0,0,0,0,0,0,0,0,0,0,0,0,0,0,0,0,0,0,0,0,0,0,0,0,0,0,0,0,0,0,0,0,0,0,0,0,0,0,0,0,0,0,0,0,0,0,0,0,0,0,0,0,0,0,0,36
K409_LN_Pre,0,0,0,0,0,0,0,0,0,0,0,0,0,0,0,0,4,0,5,1,41,25,2,8,11,11,25,318,24,624,77,1294,0,377,829,184,250,30,0,0,0,0,0,0,0,0,0,0,0,0,0,0,0,0,0,0,0,0,0,0,0,0,0,0,0,0,0,0,0,0,0,0,0,0,0,0,0,0,0,0,0,0,0,0,0,0,0,0,0,3,1,0,0,0,0,0,2,0,0,0,0,2,0,0,1,0,2,1,3,216
K409_Tumor_Pre,0,0,0,0,0,0,0,0,0,0,0,0,0,0,0,0,1,0,0,1,2,6,3,3,1,3,11,33,10,225,35,1177,0,140,63,59,66,22,0,0,0,0,0,0,0,0,0,0,0,0,0,0,0,0,0,0,0,0,0,0,0,0,0,0,0,0,0,0,0,0,0,0,0,0,0,0,0,0,0,0,0,0,0,0,0,0,0,0,0,0,0,1,0,0,1,0,0,0,0,0,0,0,0,0,0,0,0,0,0,126
K411_Blood_Longitudinal_Post,0,0,0,0,0,0,0,0,0,0,0,0,0,0,0,0,0,0,1,0,0,0,0,1,4,1,21,11,126,1261,862,3,0,690,13754,9,92,57,0,0,0,0,0,0,0,0,0,0,0,0,0,0,0,0,0,0,0,0,0,0,0,0,0,0,0,0,0,0,0,0,0,0,0,0,0,0,0,0,0,0,0,0,0,0,0,0,0,0,0,0,0,0,0,0,0,0,0,0,0,0,0,0,0,0,0,0,0,0,0,1631
K411_Blood_Pre,0,0,0,0,0,0,0,0,0,0,0,0,0,0,0,0,0,0,2,2,0,0,0,0,0,0,50,6,4,453,538,0,0,214,921,0,22,89,0,0,0,0,0,0,0,0,0,0,0,0,0,0,0,0,0,0,0,0,0,0,0,0,0,0,0,0,0,0,0,0,0,0,0,0,0,0,0,0,0,0,0,0,0,0,0,0,0,0,0,0,0,0,0,0,0,0,0,0,0,0,0,0,0,0,0,0,0,0,0,242
K411_Tumor_Pre,0,0,0,0,0,0,0,0,0,0,0,0,0,0,0,0,0,0,3,0,0,6,1,0,0,1,88,144,8,477,23,2094,0,208,357,110,108,29,0,0,0,0,0,0,0,0,0,0,0,0,0,0,0,0,0,0,0,0,0,0,0,0,0,0,0,0,0,0,0,0,0,0,0,0,0,0,0,0,0,0,0,0,0,0,0,0,0,0,0,0,0,0,0,0,0,0,0,0,0,0,0,0,0,0,0,0,0,0,0,80
K468_Blood_Pre,0,0,0,0,0,0,0,0,0,0,0,0,0,0,0,0,0,0,0,3,0,0,0,5,3,0,5,5,79,699,1752,1,0,580,5534,9,95,11,0,0,0,0,0,0,0,0,0,0,0,0,0,0,0,0,0,0,0,0,0,0,0,0,0,0,0,0,0,0,0,0,0,0,0,0,0,0,0,0,0,0,0,0,0,0,0,0,0,0,0,0,0,0,0,0,0,0,0,0,0,0,0,0,0,0,0,0,0,0,0,138
K468_Tumor_Pre,0,0,0,0,0,0,0,0,0,0,0,0,0,0,0,0,0,1,28,2,2,45,13,11,4,1,87,63,9,580,44,2784,0,174,292,113,537,34,0,0,0,0,0,0,0,0,0,0,0,0,0,0,0,0,0,0,0,0,0,0,0,0,0,0,0,0,0,0,0,0,0,0,0,0,0,0,0,0,0,0,0,0,0,0,0,0,0,0,0,0,0,0,0,0,0,0,0,0,0,0,0,0,0,0,0,0,0,0,0,54
K484_Blood_Pre,0,0,0,0,0,0,0,0,0,0,0,0,0,0,0,0,0,0,23,391,0,0,2,21,7,1,19,1,150,1038,1792,0,0,527,426,0,211,32,0,0,0,0,0,0,0,0,0,0,0,0,0,0,0,0,0,0,0,0,0,0,0,0,0,0,0,0,0,0,0,0,0,0,0,0,0,0,0,0,0,0,0,0,0,0,0,0,0,0,0,0,0,0,0,0,0,0,0,0,0,0,0,0,0,0,0,0,0,0,0,113
K484_Tumor_Pre,0,0,0,0,0,0,0,0,0,0,0,0,0,0,0,0,0,0,9,3,0,1,4,5,0,0,1,11,0,664,29,23,0,201,16,91,605,11,0,0,0,0,0,0,0,0,0,0,0,0,0,0,0,0,0,0,0,0,0,0,0,0,0,0,0,0,0,0,0,0,0,0,0,0,0,0,0,0,0,0,0,0,0,0,0,0,0,0,0,0,0,0,0,0,0,0,0,0,0,0,0,0,0,0,0,0,0,0,0,229
MO_MCC_011_Pre,0,0,37,0,0,24,0,3,27,41,0,0,0,1,0,0,0,2,0,3,0,2,2,11,6,2,0,5,12,23,29,11,0,65,83,10,15,6,22,68,12,11,43,50,90,18,66,152,28,251,262,65,84,7,8,7,76,24,0,6,0,0,2,28,1,151,2,123,5,0,17,0,14,0,0,0,12,0,0,2,2,0,0,0,0,2,1,1,0,1,2,1,0,3,1,2,0,1,0,0,0,6,9,0,3,0,4,0,1,2045
MO_MCC_057_Post,0,44,37,11,3,5,3,118,2,28,2,0,2,59,0,13,5,13,18,2,66,56,4,20,41,145,1,68,50,287,3,363,0,65,209,81,94,28,0,0,0,0,0,1,0,0,1,0,0,1,0,0,1450,0,0,0,0,1,0,0,0,0,1,1,0,0,2,1,0,0,0,0,0,1,0,0,2,0,0,0,2,11,2,0,0,1,1,0,0,0,4,22,1,4,4,2,14,5,0,0,1,18,0,0,4,0,1,0,2,417
MO_MCC_059_Pre,0,0,0,0,0,0,0,1,0,0,0,0,0,1,0,0,0,0,0,0,2,2,2,1,0,2,0,1,2,8,3,9,0,8,3,1,2,0,0,0,0,0,0,2,2,0,0,1,0,0,1,0,2444,0,0,0,0,0,0,0,0,0,0,0,0,0,0,0,0,0,0,0,0,0,0,0,0,0,0,0,0,1,0,0,0,0,0,0,0,0,3,0,0,0,0,1,0,0,1,0,3,3,1,0,1,0,0,0,0,109
MO_MCC_061_Pre,2,59,143,5,19,57,16,1276,62,943,29,0,0,3,0,1,0,16,8,2,100,2,8,35,114,47,0,1,30,141,26,39,0,53,388,15,7,6,4,0,0,6,1,5,0,0,0,2,1,0,0,0,7,12,36,1,5,0,0,0,0,0,0,0,0,7,85,0,0,0,0,0,0,3,0,2,9,1,0,1,4,0,0,0,0,5,6,0,0,2,0,0,0,0,2,0,3,1,0,0,6,23,3,4,4,3,0,0,4,950
MO_MCC_066_Pre,0,0,0,0,0,0,0,0,0,0,1,0,0,0,0,0,0,1,0,2,0,0,0,1,0,0,4,0,1,4,9,3,1,5,17,1,1,17,0,2,0,0,0,0,10,3,1,5,0,0,0,0,3508,0,0,0,39,14,0,0,0,0,0,2,0,1,0,11,0,0,0,0,12,0,0,0,0,0,0,0,0,0,0,0,0,1,0,0,0,0,0,0,0,0,0,0,0,1,0,0,1,0,0,0,1,0,0,0,0,1178
MO_MCC_068_Pre,0,0,0,0,0,0,0,0,0,1,0,0,0,0,0,0,1,2,0,1,1,0,1,6,3,4,0,0,3,11,13,2,0,3,11,0,6,1,0,0,0,0,0,0,0,0,0,0,0,0,0,0,520,0,0,0,0,0,0,0,0,0,0,0,0,0,0,0,0,0,0,0,0,0,0,0,2,0,0,0,0,0,0,0,0,0,0,0,0,0,0,1,0,1,0,0,1,0,0,0,3,4,1,0,1,0,0,0,1,67
MO_MCC_069_Pre,0,9,12,0,0,0,6,6,1,0,2,0,0,4,0,2,1,8,5,0,7,4,40,27,31,49,8,3,69,113,17,24,0,49,132,1,17,2,0,0,0,0,0,0,0,0,0,0,0,3,0,0,505,0,0,0,0,0,0,0,0,0,0,0,0,0,0,0,0,0,0,0,0,1,0,0,6,1,0,5,5,3,0,0,1,5,6,0,0,0,1,2,7,0,1,3,7,0,28,1,5,12,5,1,1,5,4,2,2,351
MO_MCC_071_Pre,0,28,19,2,0,0,0,30,0,11,1,0,0,9,0,2,27,9,24,25,26,25,12,76,15,69,7,96,30,211,73,345,0,118,183,151,111,24,0,0,0,0,0,5,0,0,1,3,2,1,2,2,835,0,0,0,0,2,0,0,0,0,1,7,0,2,0,1,0,0,0,0,1,2,0,0,2,0,0,1,13,18,0,0,0,1,2,0,0,3,2,0,0,2,2,1,4,0,0,16,0,7,2,0,4,1,4,0,10,402
MO_MCC_074_Pre,0,1,2,0,0,0,1,3,0,7,0,0,0,0,0,0,8,7,7,0,6,8,36,171,19,41,3,7,109,40,79,44,0,141,195,10,42,3,0,1,0,0,0,15,0,1,1,4,0,0,8,0,1143,7,49,7,6,0,0,0,0,0,0,6,0,0,147,0,0,1,0,0,7,0,0,1,2,0,0,7,9,4,0,0,0,4,5,0,0,6,0,10,0,12,12,7,33,3,0,1,3,33,10,3,35,11,5,4,3,345
MO_MCC_075_Pre,0,26,37,9,1,1,2,66,11,82,8,2,0,9,0,5,9,3,11,2,12,2,2,44,93,2,2,21,15,112,20,32,0,55,237,5,2,2,0,0,0,1,1,0,0,0,0,0,1,0,0,10,84,0,0,0,0,0,0,0,0,0,0,0,0,0,0,0,0,0,0,0,0,0,0,0,1,0,0,0,1,3,0,0,0,0,1,0,0,0,0,0,0,0,0,0,0,0,0,0,0,0,0,0,1,0,2,0,2,260
MO_MCC_076_Pre,0,9,1,0,0,0,1,14,0,0,0,0,0,0,0,0,2,6,8,1,22,3,4,35,46,25,3,9,24,108,32,162,0,42,207,51,34,95,0,1,1,0,0,2,0,0,2,4,0,0,1,0,442,0,0,1,1,0,0,0,0,0,0,0,0,2,0,1,0,0,0,0,0,2,0,2,1,0,0,0,1,5,0,0,0,1,3,0,0,2,2,0,0,1,0,1,3,0,0,0,1,3,3,0,4,1,2,1,12,193
MO_MCC_077_Pre,0,7,2,0,0,0,1,0,0,0,0,0,0,9,0,1,7,5,10,3,26,27,5,33,4,24,12,215,2,144,139,247,1,47,34,234,85,377,0,0,0,2,7,0,3,0,13,0,1,7,2,2,119,0,0,0,0,0,0,0,0,0,0,0,0,1,0,0,0,0,0,0,0,0,1,0,7,0,0,1,10,2,1,0,0,1,3,0,0,1,0,0,0,1,0,0,3,0,0,0,0,4,4,0,2,0,2,0,12,1029
MO_MCC_078_Pre,0,4,1,1,0,0,1,1,1,0,0,0,0,1,0,0,2,0,2,0,12,14,1,16,7,5,1,4,6,48,18,50,0,24,35,7,5,72,0,0,0,0,0,0,0,0,0,0,0,0,0,0,288,0,0,0,0,0,0,0,0,0,0,0,0,0,0,0,0,0,0,0,0,0,0,0,2,0,0,1,2,2,0,0,0,1,0,0,0,0,0,0,0,0,0,0,0,0,0,0,0,0,0,0,0,0,0,0,0,231
MO_MCC_079_Post,0,17,54,5,1,3,1,156,1,96,2,0,0,0,0,0,4,1,21,0,14,1,7,98,82,12,4,20,19,351,8,17,1,93,464,1,3,3,0,2,1,1,0,20,0,0,1,2,1,0,0,3,687,0,1,1,0,3,0,0,3,0,0,0,0,5,0,1,1,0,1,0,0,2,0,0,0,0,0,0,1,12,0,0,0,0,0,0,0,0,0,0,0,1,1,1,1,0,0,0,0,1,0,0,10,2,8,0,17,382
MO_MCC_079_Pre,0,0,2,0,0,0,0,2,0,1,0,0,0,0,0,0,25,4,3,1,19,5,0,54,35,37,3,32,8,10,0,90,0,19,234,16,6,0,0,0,0,0,0,0,0,0,0,0,0,0,0,0,469,0,0,0,0,0,0,0,0,0,0,0,0,0,0,0,0,0,0,0,0,1,0,0,26,0,0,2,0,3,0,0,1,3,3,0,0,0,5,1,0,3,0,4,24,0,0,0,1,16,22,0,27,2,18,7,36,200
MO_MCC_081_Pre,0,21,17,7,0,1,0,20,0,4,0,0,1,46,0,9,7,0,12,7,63,67,24,103,51,57,14,30,53,350,21,130,1,107,376,21,21,569,0,0,4,2,17,16,2,2,12,8,11,9,10,74,56,0,1,5,1,1,0,0,0,0,4,0,1,9,0,2,1,1,0,0,2,0,0,0,2,0,0,1,0,15,0,0,0,0,2,1,0,0,0,0,0,1,0,0,0,0,0,1,0,3,2,0,1,0,2,0,8,525
MO_MCC_085_Post,0,14,1,1,0,0,2,5,1,0,0,0,0,5,0,1,4,4,45,1,31,144,21,23,4,17,6,25,24,834,20,252,0,225,95,26,483,20,0,0,0,0,1,0,0,0,1,2,0,0,0,6,1,0,0,0,3,0,0,0,0,0,0,0,0,1,0,4,0,0,0,0,0,0,0,0,6,0,0,1,0,2,0,0,1,0,0,0,0,1,0,0,0,2,0,0,3,0,0,0,2,0,0,0,3,1,1,0,1,352
MO_MCC_085_Pre,1,25,16,2,0,0,0,5,4,1,0,1,0,11,0,18,9,37,16,4,34,82,0,19,21,93,16,404,33,322,216,1073,10,330,242,668,432,46,0,0,0,0,0,0,0,0,0,0,0,0,0,0,1586,0,0,0,0,0,0,0,0,0,0,0,0,0,0,0,0,0,0,0,0,0,0,1,3,3,0,0,0,10,0,0,0,5,0,0,0,9,25,0,6,0,3,3,4,0,0,0,1,19,3,0,11,15,37,0,12,395
MO_MCC_086_Pre,0,4,3,1,0,0,0,21,2,15,0,0,0,0,0,0,1,8,0,0,9,2,10,32,3,24,0,1,78,115,28,56,0,114,152,4,36,2,0,0,6,0,5,13,0,0,1,4,2,0,1,4,4167,3,6,0,4,2,0,0,0,0,0,0,0,10,3,1,0,0,0,0,0,2,0,0,1,0,0,0,0,1,0,0,1,2,0,0,0,0,0,0,0,1,0,8,5,0,0,1,0,2,1,0,8,23,2,0,6,257
MO_MCC_089_Pre,0,1,2,0,0,2,0,0,2,0,0,0,0,0,0,0,0,15,7,8,4,3,2,25,30,10,4,3,29,152,67,29,0,158,273,13,15,1,0,0,1,0,0,3,0,0,0,0,0,0,0,0,1066,0,0,0,1,0,0,0,0,0,0,0,0,1,0,1,0,0,0,0,0,0,1,4,8,8,9,2,1,13,2,0,0,16,3,0,0,4,4,2,3,10,2,0,4,0,1,0,4,11,16,6,4,0,0,0,2,180
MO_MCC_092_Pre,0,8,2,0,0,0,1,13,0,7,0,0,3,48,1,11,2,3,14,0,84,36,3,31,13,46,11,39,22,261,46,252,0,52,123,40,99,172,0,0,0,0,0,0,0,0,0,0,0,0,0,2,98,1,0,0,0,1,0,0,0,0,0,0,0,1,1,0,0,0,0,0,0,0,0,1,10,0,0,0,0,0,0,0,0,3,1,0,0,0,1,0,0,0,0,0,1,0,0,0,1,11,2,0,6,0,6,0,10,314
MO_MCC_094_Post,0,2,1,2,0,0,0,3,1,5,2,0,0,1,0,0,0,3,13,5,8,104,2,6,6,17,17,143,6,208,88,661,1,136,51,474,233,77,0,0,0,0,0,3,0,0,0,1,0,0,1,0,2653,0,0,0,0,0,0,0,0,0,0,1,0,1,0,1,0,0,0,0,0,1,0,0,3,0,0,0,3,7,0,0,0,1,3,1,0,1,1,1,3,1,1,3,0,0,0,0,1,19,3,2,14,1,9,1,18,989
MO_MCC_095_Pre,0,5,7,2,0,0,0,25,2,7,0,0,3,6,0,0,0,0,14,3,32,13,7,49,61,11,8,5,13,323,44,92,1,70,444,44,27,80,0,0,0,0,1,13,0,0,1,1,1,2,0,18,423,0,0,0,0,0,0,0,0,0,0,0,0,1,0,0,0,0,0,0,0,1,0,0,27,0,0,1,6,12,0,0,0,5,2,0,0,0,0,0,0,0,0,0,2,0,0,0,0,2,2,0,2,0,5,0,5,340
MO_MCC_099_Post,0,4,2,1,1,1,1,2,4,10,2,1,0,11,0,3,1,60,9,7,25,211,45,45,6,104,17,24,101,151,83,209,1,86,52,94,185,148,0,0,0,0,0,3,2,0,3,0,0,1,2,0,2964,0,0,0,0,0,0,0,0,0,0,0,0,0,0,0,0,0,0,0,0,2,0,0,4,1,0,1,5,4,2,0,0,3,0,0,0,2,8,4,6,1,1,18,8,0,27,1,21,58,7,6,20,1,5,7,31,1540
MO_MCC_120_Post,0,82,134,14,0,0,11,11,3,4,5,0,0,48,0,6,17,11,90,6,32,84,28,86,62,153,15,222,116,1440,55,319,0,637,722,40,292,12,0,0,1,0,0,2,0,0,0,0,0,0,2,0,1,0,0,1,0,0,1,0,0,0,0,2,0,0,0,0,0,0,0,0,0,0,0,0,3,0,0,0,1,4,0,0,0,0,0,0,0,0,2,4,0,0,0,0,24,0,0,1,1,12,0,0,18,13,11,13,16,539
MO_MCC_121_Post,0,18,6,4,0,1,0,1,0,8,0,0,0,2,0,0,1,11,51,28,25,185,2,7,4,51,284,150,28,922,431,2128,2277,1784,811,1215,648,1189,0,0,0,0,2,3,16,0,3,14,0,2,6,1,8401,0,1,0,0,0,0,0,0,0,0,0,0,0,0,8,1,0,0,0,13,1,0,0,1,0,1,0,3,131,0,0,1,0,5,0,0,9,13,1,1,5,3,22,30,0,0,7,0,43,12,0,112,1,37,3,58,4209
MO_MCC_122_Post,0,4,4,5,0,0,0,8,0,29,1,0,0,0,0,0,1,6,0,0,9,3,3,3,1,8,4,12,41,98,16,70,0,19,68,18,17,13,0,0,0,0,0,0,0,0,0,0,0,0,0,0,21,0,0,1,0,0,0,0,0,0,0,0,1,0,0,0,0,0,0,0,0,0,0,0,0,0,0,0,0,1,0,0,0,0,0,0,0,0,0,0,0,0,0,0,0,0,0,0,0,2,0,0,0,0,0,0,2,205
MO_MCC_124_Post,0,1,4,0,0,1,0,1,0,3,0,0,0,1,0,0,4,2,0,0,5,2,6,20,1,4,1,4,16,55,45,27,0,44,57,6,16,12,0,0,0,1,1,11,0,1,2,3,3,2,7,1,232,0,1,2,0,0,0,0,1,0,1,0,0,17,0,3,0,0,0,0,2,1,0,0,4,0,0,1,0,4,0,0,0,2,0,0,0,2,1,0,0,1,0,1,6,0,0,0,0,1,4,0,8,6,1,0,6,95
MO_MCC_138_Post,0,77,206,13,2,0,22,252,5,79,3,0,8,59,1,1,3,8,53,11,107,20,43,103,48,68,98,8,100,1151,212,225,0,659,638,26,167,204,8,14,58,418,49,348,32,15,80,8,1329,119,6,1655,1556,6,8,4,15,13,0,0,2,0,0,2,0,299,0,28,0,0,8,0,0,11,0,0,80,2,0,1,9,12,0,0,0,7,2,0,0,1,4,8,0,3,0,3,24,0,0,0,6,17,17,0,21,7,19,4,5,1480
Mel04.3_Post,0,0,0,0,0,0,0,1,0,1,0,0,0,0,0,0,0,0,4,2,1,3,1,4,3,7,0,1,1,0,2,26,0,2,6,0,0,0,0,0,0,0,0,0,0,0,0,0,0,0,0,0,0,0,0,0,0,0,0,0,0,0,0,0,0,0,0,0,0,0,0,0,0,0,0,0,0,0,0,0,0,1,0,0,0,1,0,0,0,0,0,0,0,0,0,0,0,0,0,0,0,0,0,0,0,0,0,0,0,11
Mel102_Post,0,1,7,0,0,0,0,0,0,5,0,0,0,0,0,0,0,3,1,1,11,8,1,4,4,23,1,3,2,1,1,28,0,0,3,7,0,1,0,0,0,0,0,0,0,0,0,0,0,0,0,0,169,0,0,0,0,0,0,0,0,0,0,0,0,0,0,0,0,0,0,0,0,0,0,0,0,0,0,0,0,0,0,0,0,0,0,0,0,2,1,1,0,1,0,2,2,0,2,0,1,0,1,0,2,0,1,0,1,20
Mel103_Pre,0,4,12,7,9,9,0,3,0,15,3,0,0,0,0,0,1,0,0,0,6,7,0,0,0,7,0,6,0,0,0,43,0,0,1,15,0,0,0,0,0,2,0,0,0,0,0,0,0,0,0,0,137,0,0,0,0,0,0,0,0,0,0,0,0,0,0,0,0,0,0,0,0,0,0,0,0,0,0,0,0,0,0,0,0,0,0,0,0,0,0,0,0,1,0,1,0,0,1,0,0,2,0,0,1,0,3,0,1,20
Mel105_Pre,0,1,11,0,2,4,0,3,0,9,0,0,0,0,0,0,1,3,2,0,8,0,0,2,21,5,0,2,0,3,1,19,0,4,33,1,0,0,2,4,1,0,2,4,1,0,1,4,7,5,9,0,14,0,0,0,0,0,0,1,0,0,0,0,0,0,0,0,0,0,0,0,1,0,0,0,0,0,0,0,0,0,0,0,0,0,0,0,0,2,0,0,0,0,0,0,0,0,0,0,1,2,0,0,0,0,0,0,0,38
Mel106_Post,0,0,13,1,0,2,0,3,1,13,0,0,0,0,0,0,0,0,0,0,1,0,0,0,8,4,0,0,0,0,0,7,0,0,17,0,0,0,0,0,0,0,0,0,0,0,0,0,0,0,0,0,94,0,0,0,0,0,0,0,0,1,0,2,0,0,0,0,0,0,0,0,2,0,0,0,0,0,0,0,0,0,0,0,0,0,0,0,0,0,0,0,0,0,0,0,0,0,0,0,0,0,0,0,0,0,0,0,0,21
Mel110_Post,0,0,0,0,0,0,0,0,0,1,0,0,0,0,0,0,0,1,1,0,6,1,0,0,1,5,0,4,0,0,0,9,0,1,1,2,0,0,0,0,0,0,0,0,0,0,0,0,0,0,0,0,123,0,0,0,0,0,0,0,0,0,0,0,0,0,0,0,0,0,0,0,0,0,0,0,0,0,0,0,0,0,0,0,0,0,0,0,0,5,31,0,2,0,0,0,1,0,1,0,0,5,0,0,1,1,2,2,0,51
Mel112_Pre,0,1,9,0,0,0,0,13,7,1,0,0,0,0,0,0,1,0,0,0,2,0,0,0,10,1,0,3,0,0,1,3,0,0,13,0,0,0,0,0,0,0,0,0,0,0,0,0,0,0,0,0,28,4,0,0,2,0,0,0,1,0,0,0,0,0,0,0,0,0,0,0,2,0,0,0,0,0,0,0,0,0,0,0,0,0,0,0,0,0,0,0,0,0,0,0,0,0,0,0,0,0,0,0,0,0,0,0,0,11
Mel116_Pre,0,0,8,0,3,1,0,2,0,3,0,0,0,0,0,0,0,0,1,0,1,0,0,0,12,3,0,1,0,3,0,27,0,2,8,0,0,0,0,0,0,0,0,0,0,0,0,0,0,0,0,0,0,0,0,0,0,0,0,0,0,0,0,0,0,0,0,0,0,0,0,0,0,0,0,0,0,0,0,0,0,0,0,0,0,0,0,0,0,1,1,0,0,0,0,0,0,0,0,0,0,0,0,0,0,0,0,0,1,6
Mel121.1_Post,0,1,1,0,0,0,0,0,0,5,0,0,0,0,0,0,1,0,0,1,2,0,0,4,6,6,0,6,1,1,0,15,0,3,12,2,0,0,0,0,0,0,0,0,0,0,1,0,0,0,0,0,5,0,0,0,0,0,0,0,0,0,0,0,0,0,0,0,0,0,0,0,0,0,0,0,0,0,0,0,0,4,0,0,0,1,0,0,0,0,0,0,0,0,0,0,0,0,0,0,0,2,3,0,1,0,0,0,0,21
Mel126_Post,0,0,2,0,0,0,0,0,1,0,0,0,0,0,0,0,0,1,0,1,0,0,0,4,4,2,0,3,0,3,17,29,0,2,3,2,0,2,0,0,0,0,0,0,0,0,0,0,0,0,0,0,0,0,0,0,0,0,0,0,0,0,0,0,0,0,0,0,0,0,0,0,0,0,0,0,0,0,0,0,0,0,0,0,0,0,0,0,0,1,1,0,1,1,0,0,0,0,0,0,3,0,0,0,1,0,0,0,0,11
Mel128_Pre,0,0,2,2,0,0,0,8,1,8,1,0,0,0,0,0,1,0,0,0,1,0,0,1,11,1,0,1,0,3,0,0,0,0,14,1,0,0,0,0,0,0,0,0,0,0,0,0,0,0,0,0,26,0,0,0,0,0,0,0,0,0,0,0,0,0,0,0,0,0,0,0,0,0,0,0,0,0,0,0,0,0,0,0,0,0,0,0,0,0,0,0,2,0,0,0,0,0,0,0,0,0,0,0,0,0,0,0,0,5
Mel129pa_Pre,0,0,3,0,0,1,0,0,0,0,0,0,0,0,0,0,1,1,0,0,4,0,1,0,2,0,0,2,1,2,0,17,0,0,2,4,0,0,0,0,0,0,0,0,0,0,0,0,0,0,0,0,92,0,0,0,3,0,0,0,0,0,0,0,0,0,0,0,0,0,0,0,0,0,0,0,0,0,0,0,0,0,0,0,0,0,0,0,0,0,0,0,0,3,3,4,0,0,1,0,1,2,0,0,0,0,0,0,0,29
Mel129pb_Pre,0,0,1,0,0,0,0,0,0,0,0,0,0,0,0,0,0,1,0,0,0,2,0,2,4,1,0,5,0,1,0,13,0,1,1,5,0,0,0,0,0,0,0,0,0,0,0,0,0,0,0,0,0,0,0,0,0,0,0,0,0,0,0,0,0,0,0,0,0,0,0,0,0,0,0,0,0,0,0,0,0,1,0,0,0,0,0,0,0,0,0,1,0,9,3,0,0,0,0,0,2,1,1,0,0,0,0,0,0,9
Mel194_Post,0,0,0,0,0,0,0,0,0,0,0,0,0,0,0,0,1,0,3,1,2,0,2,1,4,6,0,34,0,0,0,70,0,5,0,7,0,0,0,0,0,0,0,0,0,0,0,0,0,0,0,0,96,0,0,0,0,0,0,0,0,0,0,0,0,0,0,0,0,0,0,0,0,0,0,0,0,0,0,0,0,0,0,0,0,0,0,0,0,0,0,0,0,0,0,0,0,0,0,0,0,0,0,0,0,0,0,0,0,17
Mel478_Pre,0,2,12,0,0,0,0,3,1,5,2,0,0,0,0,0,6,1,2,0,9,2,1,1,12,17,0,16,5,1,1,35,0,0,10,1,0,0,0,0,0,0,0,0,0,0,0,0,0,0,0,0,0,0,0,0,0,0,0,0,0,0,0,0,0,0,0,0,0,0,0,0,0,0,0,0,0,0,0,0,0,0,0,0,0,0,0,0,0,0,0,0,0,0,0,0,0,0,0,0,0,0,0,0,0,0,0,0,0,9
Mel53_Pre,0,0,0,0,0,0,0,0,0,0,0,0,0,0,0,0,3,1,3,6,1,0,2,11,6,9,0,5,0,2,11,5,0,1,8,0,0,0,0,0,1,0,0,0,0,0,2,0,0,1,1,6,14,1,0,0,0,2,0,0,0,0,0,0,0,1,1,1,0,0,0,0,0,0,0,0,2,0,0,0,0,2,0,0,0,0,0,0,0,0,0,4,1,1,0,0,0,0,0,0,0,2,0,0,2,0,0,0,3,21
Mel58_Post,0,0,2,0,0,0,0,0,0,0,0,0,0,0,0,0,0,2,3,3,0,2,0,3,13,4,0,1,1,4,2,52,0,1,27,1,0,3,0,0,0,0,0,0,0,0,0,0,0,0,0,0,0,0,0,0,0,0,0,0,0,0,0,0,0,0,0,0,0,0,0,0,0,0,0,0,1,0,0,0,0,1,0,0,0,0,0,0,0,0,1,0,0,0,0,0,0,0,0,0,0,0,1,0,0,0,0,0,0,14
Mel60_Post,0,9,54,10,2,5,0,6,2,11,1,0,0,0,0,0,3,1,1,0,1,3,3,6,3,17,0,3,3,0,1,22,0,2,7,7,0,0,0,0,0,0,0,0,0,0,0,0,0,0,0,0,12,0,0,0,0,0,0,0,0,0,0,0,0,0,0,0,0,0,0,0,0,0,0,0,0,0,0,0,0,2,0,0,0,0,0,0,0,0,0,1,0,0,0,0,0,0,0,0,1,0,0,0,1,0,0,0,0,26
Mel71_Pre,0,0,0,0,0,0,0,0,0,0,0,0,0,0,0,0,0,0,0,0,1,0,0,0,4,1,0,2,0,1,0,9,0,0,2,2,0,0,0,0,0,0,0,0,0,0,0,0,0,0,0,0,62,0,0,0,0,0,0,0,0,0,0,0,0,0,0,0,0,0,0,0,0,0,0,0,0,0,0,0,0,0,0,0,0,0,0,0,0,0,0,0,0,0,0,0,0,0,0,0,0,1,0,0,1,0,0,0,0,3
Mel72_Post,0,1,22,0,4,4,0,0,0,6,0,0,0,0,0,0,1,1,1,0,3,0,0,4,39,4,0,0,2,1,0,7,0,0,55,0,0,0,0,0,0,0,0,0,0,0,0,0,0,0,0,0,0,0,0,0,0,0,0,0,0,0,0,0,0,0,0,0,0,0,0,0,0,0,0,0,0,0,0,0,0,0,0,0,0,0,0,0,0,0,0,0,0,0,0,0,0,0,0,0,0,0,0,0,1,0,0,0,0,25
Mel74_Post,0,0,8,0,0,0,0,1,0,3,0,0,0,0,0,0,2,2,1,0,0,2,1,1,2,6,0,12,1,9,0,64,0,3,5,5,0,0,0,0,0,0,0,0,0,0,0,0,0,0,0,0,0,0,0,0,0,0,0,0,0,0,0,0,0,0,0,0,0,0,0,0,0,0,0,0,0,0,0,0,0,1,0,0,0,0,0,0,0,0,0,0,0,0,0,0,0,0,3,0,0,2,0,0,1,0,0,0,0,12
Mel75_Post,0,0,0,0,0,0,0,0,0,0,0,0,0,0,0,0,1,1,7,1,14,6,3,6,8,12,4,10,6,15,16,247,0,33,26,12,0,3,0,0,0,0,0,0,2,0,0,0,0,0,0,0,0,0,5,0,0,0,0,0,0,0,0,4,0,0,8,3,0,0,7,0,0,0,0,0,1,0,0,0,1,0,0,0,0,0,0,0,0,0,0,0,0,0,0,0,2,0,0,0,0,1,0,0,0,0,0,0,0,41
Mel78_Post,0,0,1,0,0,0,0,0,0,0,0,0,0,0,0,0,0,0,0,0,0,0,0,0,0,0,0,0,0,0,0,0,0,0,1,0,0,0,0,0,0,0,0,0,0,0,0,0,0,0,0,0,120,0,0,0,1,0,0,0,0,0,0,0,0,0,0,0,0,0,0,0,0,0,0,0,0,0,0,0,0,0,0,0,0,0,0,0,0,0,0,0,0,0,0,0,0,0,0,0,0,0,0,0,0,0,0,0,0,1
Mel79_Pre,0,0,20,0,0,0,0,1,0,66,0,0,0,0,0,0,0,0,4,0,29,5,0,5,11,4,0,5,1,5,0,205,0,1,17,9,0,0,0,0,0,0,0,0,1,0,5,1,0,0,0,2,486,0,0,1,0,0,0,0,0,0,0,0,0,0,0,1,0,0,0,1,0,0,0,0,1,0,0,0,0,0,0,0,0,0,0,0,0,0,0,0,0,0,0,0,0,0,0,0,0,0,0,0,0,0,0,0,0,7
Mel80_Pre,0,1,36,7,0,0,0,1,1,10,0,0,0,0,0,0,0,1,9,2,45,5,0,3,19,8,0,13,3,15,1,52,0,2,24,6,0,0,0,0,0,0,0,16,0,0,0,0,0,0,0,1,92,0,1,0,0,19,0,0,0,0,0,1,0,0,0,0,0,0,1,0,0,0,0,0,0,0,0,0,0,1,0,0,0,0,0,0,0,0,0,0,0,0,0,0,0,0,0,0,0,0,0,0,0,0,0,0,0,35
Mel81_Pre,0,0,2,0,1,0,0,0,0,0,0,0,0,0,0,0,0,0,1,0,1,0,0,0,3,3,0,0,0,5,1,13,0,3,5,1,0,0,0,0,0,0,0,0,1,1,1,0,0,0,1,0,120,2,0,1,1,2,0,0,0,0,0,0,0,0,0,0,0,0,0,0,2,0,0,0,0,0,0,0,0,0,0,0,0,0,0,0,0,0,0,0,0,0,0,0,0,0,0,0,0,0,0,0,0,0,0,0,0,34
Mel82_Pre,0,0,2,0,0,0,0,0,0,1,0,0,0,0,0,0,1,0,0,0,0,0,1,4,1,6,0,0,0,2,0,8,0,0,3,0,0,0,0,0,0,0,0,0,0,0,0,0,0,0,0,0,6,1,1,0,0,0,0,0,0,0,0,0,0,0,0,0,0,0,1,0,1,0,0,0,0,0,0,0,2,0,0,0,0,0,0,0,0,0,0,1,0,0,0,0,1,0,0,0,0,1,0,0,0,1,0,0,0,39
Mel84_Pre,0,2,16,5,0,2,0,2,1,1,0,0,0,0,0,0,1,1,0,0,1,0,1,8,5,7,0,5,3,2,3,14,0,1,9,4,0,0,0,0,0,0,0,0,1,0,0,0,0,0,1,0,16,0,0,0,0,0,0,0,0,0,0,1,0,0,0,0,0,0,0,0,0,0,0,1,0,0,0,0,1,1,0,0,0,0,0,0,0,1,0,2,0,0,0,0,0,0,0,0,1,4,0,0,0,0,0,0,0,35
Mel88_Post,0,2,4,1,2,3,0,2,0,4,1,1,0,0,0,0,1,2,3,0,5,5,0,1,21,8,0,0,3,1,1,38,0,1,26,3,0,4,0,0,0,0,0,0,0,0,0,0,0,0,0,0,124,0,1,0,1,0,0,0,0,0,0,0,0,0,0,0,0,0,0,0,1,0,0,1,0,0,0,0,0,2,0,0,0,0,1,0,0,6,8,10,0,3,4,1,1,0,0,0,0,0,0,0,0,0,0,0,1,44
Mel89_Pre,0,2,37,1,1,0,0,1,0,40,1,0,0,0,0,0,1,1,0,0,3,1,0,2,17,7,0,19,0,1,0,71,0,0,28,8,0,1,0,0,0,1,0,0,0,0,1,0,0,0,0,0,100,0,0,0,0,0,0,0,0,0,0,0,0,0,0,1,0,0,0,0,0,0,0,0,0,0,0,0,0,1,0,0,0,0,0,0,0,2,2,3,2,0,1,0,2,0,0,0,0,5,0,0,0,1,0,0,1,25
Mel94_Post,0,0,44,15,1,0,0,1,10,39,4,0,0,0,0,0,2,1,1,0,10,0,0,0,59,1,0,2,1,0,0,5,0,1,51,1,0,0,0,0,1,0,0,4,0,1,1,2,1,0,0,0,6,0,1,5,0,0,0,0,0,0,0,0,0,1,0,0,0,0,1,0,1,0,0,0,0,0,0,0,0,1,0,0,0,0,0,0,0,0,0,0,0,0,0,0,0,0,0,0,0,0,0,0,1,0,0,0,2,33
Mel98_Post,0,0,0,0,0,0,0,0,0,0,0,0,0,0,0,0,0,0,0,0,3,2,0,2,0,9,0,5,1,1,0,89,0,6,9,19,0,1,0,0,0,0,0,0,0,0,0,0,0,0,0,0,76,0,0,0,0,0,0,0,0,0,0,0,0,0,0,0,0,0,0,0,0,0,0,0,0,0,0,0,0,1,0,0,0,0,0,0,0,0,1,0,4,0,0,2,0,0,3,0,1,3,0,0,0,0,0,0,1,31
NU_MCC_005_Pre,0,7,7,0,0,0,1,3,1,1,0,0,0,13,0,4,5,8,10,21,23,110,4,39,13,33,22,41,49,181,143,571,0,137,99,116,232,442,0,0,0,0,0,0,0,0,0,0,0,1,0,0,370,0,0,0,0,0,0,0,0,0,0,0,0,0,0,0,0,0,0,0,0,0,0,0,5,0,0,0,5,1,1,0,0,0,2,0,0,0,0,0,2,7,0,1,0,0,1,2,0,21,1,0,3,3,2,1,5,551
NU_MCC_021_Post,0,39,41,0,2,2,0,19,0,8,0,7,6,365,0,48,7,12,11,5,33,25,9,16,49,34,10,17,58,224,64,212,0,102,242,48,23,22,0,0,0,0,0,0,0,0,0,0,0,0,0,0,178,0,0,0,0,0,0,0,0,0,0,0,0,0,0,2,0,0,0,0,0,1,0,0,6,0,0,0,4,9,1,0,0,0,1,0,0,0,0,0,1,0,1,2,0,2,0,0,1,1,13,2,8,0,10,0,3,1325
NU_MCC_030_Pre,0,54,61,3,1,4,0,319,1,150,0,0,0,210,1,34,7,18,6,3,41,45,12,56,60,51,9,42,78,205,55,220,1,139,665,21,52,30,0,0,0,0,0,0,0,0,0,0,0,0,0,0,152,0,0,0,0,0,0,0,0,0,0,0,0,0,0,0,0,0,0,0,0,0,0,0,1,0,0,0,0,3,0,0,0,0,0,0,0,0,1,0,0,0,0,0,0,0,0,0,1,0,0,0,1,0,1,0,2,272
NU_MCC_043_Pre,0,2,1,1,0,1,0,17,0,26,0,0,3,13,0,4,1,12,6,2,19,7,9,34,8,22,3,7,62,94,58,157,0,152,249,62,42,13,0,0,0,0,0,0,0,0,0,0,0,0,0,0,1014,0,4,0,1,0,0,0,0,0,0,0,0,0,29,0,0,8,0,0,0,4,0,0,17,0,0,0,25,83,6,0,0,0,2,2,0,0,0,3,0,8,0,0,3,0,2,0,0,11,1,0,27,1,9,2,16,384
P001_Post,88,0,1,0,0,0,197,0,294,0,422,12,0,0,0,0,1,6,2,29,0,0,4,102,604,13,9,12,205,100,712,12,0,86,1852,4,1,7,0,0,0,0,0,0,0,0,0,0,0,0,0,0,0,0,0,0,0,0,0,0,0,0,0,0,0,0,0,0,0,0,0,0,0,1,0,16,0,0,5,0,0,4,0,0,0,164,0,0,0,0,0,0,0,1,5,0,0,0,0,0,220,0,17,5,31,1,0,0,0,646
P001_Pre,41,0,0,7,0,0,138,0,171,0,379,4,0,0,0,1,7,14,8,30,0,0,5,88,423,14,4,2,163,49,439,10,0,57,1247,15,4,4,0,0,0,0,0,0,0,0,0,0,0,0,0,0,0,0,0,0,0,0,0,0,0,0,0,0,0,0,0,0,0,0,0,0,0,0,0,1,0,0,2,0,0,5,0,0,0,103,0,0,0,1,0,0,0,0,1,0,1,0,0,0,115,6,17,10,78,11,3,0,7,306
P002_Post,94,94,234,36,5,31,232,153,87,254,486,20,43,329,9,5,387,26,62,229,112,50,38,357,427,374,223,2087,171,995,1949,679,0,992,2083,52,395,157,0,0,0,0,0,0,0,0,0,0,0,0,0,0,0,0,0,0,0,0,0,0,0,0,0,0,0,0,0,0,0,0,0,0,0,8,0,23,3,1,1,2,13,145,24,0,0,121,1,2,0,2,6,2,2,1,0,0,10,0,0,4,35,14,12,2,9,2,4,6,12,1675
P002_Pre,153,218,39,133,2,10,135,266,88,128,557,27,37,804,15,82,401,20,49,322,106,32,44,146,281,222,70,941,112,316,1880,457,0,744,942,49,30,20,0,0,0,0,0,0,0,0,0,0,0,0,0,0,0,0,0,0,0,0,0,0,0,0,0,0,0,0,0,0,0,0,0,0,0,8,7,51,0,0,2,1,2,72,4,0,0,524,6,0,0,9,0,2,2,9,17,16,0,2,8,4,162,5,237,18,26,6,11,20,79,1763
P003_Post,0,2,33,0,0,0,1,54,2,26,2,3,5,6,0,2,1,21,41,10,16,4,17,203,129,61,21,44,226,1167,228,151,0,1194,2140,66,452,42,0,0,0,0,0,0,0,0,0,0,0,0,0,0,0,0,0,0,0,0,0,0,0,0,0,0,0,0,0,0,0,0,0,0,0,7,2,0,121,43,0,2,74,34,11,0,0,6,0,26,0,32,0,12,2,82,4,13,114,0,6,0,8,78,18,2,126,16,16,2,24,1425
P004_Post,109,0,0,2,0,0,60,1,107,0,274,9,0,0,0,0,16,37,6,31,0,0,5,257,465,14,0,48,704,170,970,18,0,210,2777,40,29,3,0,0,0,0,0,0,0,0,0,0,0,0,0,0,0,0,0,0,0,0,0,0,0,0,0,0,0,0,0,0,0,0,0,0,0,0,3,16,0,0,14,1,2,23,0,2,0,601,0,0,0,0,0,0,0,0,1,0,0,0,0,0,7,0,213,8,58,4,4,0,23,1307
P004_Pre,110,4,13,1,2,0,137,5,197,7,490,3,3,11,0,0,8,6,92,38,9,5,93,302,354,268,16,93,365,1426,751,367,0,761,3223,107,601,38,0,0,0,0,0,0,0,0,0,0,0,0,0,0,0,0,0,0,0,0,0,0,0,0,0,0,0,0,0,0,0,0,0,0,0,0,0,2,32,16,0,0,21,9,0,2,0,311,4,0,0,12,2,217,0,1276,276,120,143,0,2,86,6,30,23,0,53,22,2,0,5,2766
P005_Post,8,0,2,0,0,0,13,11,15,33,256,1,6,18,0,2,34,14,25,38,43,62,129,305,402,122,27,434,766,630,2045,273,0,735,1650,66,604,34,0,0,0,0,0,0,0,0,0,0,0,0,0,0,0,0,0,0,0,0,0,0,0,0,0,0,0,0,0,0,0,0,0,0,0,9,5,110,202,12,15,4,240,223,22,4,4,424,8,27,0,20,32,12,64,30,7,12,82,2,12,35,11,64,47,3,95,10,67,2,45,2026
P005_Pre,6,6,8,1,0,0,44,22,45,48,601,2,15,5,2,0,85,22,54,76,23,10,107,458,289,99,59,288,2328,724,1989,89,0,571,914,44,494,104,0,0,0,0,0,0,0,0,0,0,0,0,0,0,0,0,0,0,0,0,0,0,0,0,0,0,0,0,0,0,0,0,0,0,0,0,2,23,563,23,2,9,946,41,0,0,2,1316,8,0,0,2,4,6,3,16,5,6,20,0,3,0,110,60,274,80,90,9,47,2,14,1521
P007_Post,95,6,0,0,0,0,80,7,38,5,259,15,0,0,0,0,1,8,2,15,0,0,1,89,124,6,3,6,47,43,201,24,0,146,702,12,7,5,0,0,0,0,0,0,0,0,0,0,0,0,0,0,0,0,0,0,0,0,0,0,0,0,0,0,0,0,0,0,0,0,0,0,0,0,0,37,11,0,3,147,2,15,0,6,0,131,3,0,0,0,0,0,0,0,0,0,0,0,0,0,38,6,35,0,21,0,13,0,3,1638
P007_Pre,189,7,82,1,9,8,131,48,104,267,1036,11,1,19,2,9,3,10,8,17,36,1,5,156,419,31,21,19,193,184,296,160,0,426,7497,30,155,11,0,0,0,0,0,0,0,0,0,0,0,0,0,0,0,0,0,0,0,0,0,0,0,0,0,0,0,0,0,0,0,0,0,0,0,4,0,17,301,0,7,2,19,40,0,6,8,183,1,4,0,0,0,0,0,1,0,0,0,0,0,2,25,12,44,0,43,0,5,0,5,3433
P008_Post,104,0,0,0,0,0,33,0,33,0,289,42,0,0,0,14,4,5,0,12,0,0,0,11,60,0,0,8,2,110,1061,11,0,58,574,23,34,7,0,0,0,0,0,0,0,0,0,0,0,0,0,0,0,0,0,0,0,0,0,0,0,0,0,0,0,0,0,0,0,0,0,0,0,0,2,0,0,0,0,0,0,5,0,8,0,51,0,0,0,0,0,0,0,1,0,0,0,0,0,0,0,0,10,0,40,1,3,0,4,886
P008_Pre,62,0,0,1,0,0,42,0,78,0,1445,6,0,1,0,2,4,15,1,73,0,0,0,81,282,15,0,12,23,170,1482,9,0,89,1374,8,10,14,0,0,0,0,0,0,0,0,0,0,0,0,0,0,0,0,0,0,0,0,0,0,0,0,0,0,0,0,0,0,0,0,0,0,0,0,0,1,0,0,2,0,0,7,0,2,0,64,0,0,0,0,0,0,0,0,0,0,0,0,0,0,20,0,41,9,1,0,0,0,0,395
P010_Post,47,1,0,0,1,0,19,0,15,0,144,10,1,0,0,4,0,2,0,11,0,0,1,16,22,0,1,6,81,73,1197,3,0,138,1280,26,28,3,0,0,0,0,0,0,0,0,0,0,0,0,0,0,0,0,0,0,0,0,0,0,0,0,0,0,0,0,0,0,0,0,0,0,0,0,2,0,0,0,1,0,1,97,0,1,0,260,0,0,0,0,0,0,0,0,0,0,0,0,0,0,1,0,8,0,7,0,1,0,0,1140
P010_Pre,43,0,0,0,0,0,65,0,38,0,610,2,0,2,0,5,1,3,3,57,0,0,3,81,107,4,3,16,148,89,2076,14,0,152,658,11,15,13,0,0,0,0,0,0,0,0,0,0,0,0,0,0,0,0,0,0,0,0,0,0,0,0,0,0,0,0,0,0,0,0,0,0,0,1,0,15,0,0,9,3,0,85,1,2,0,361,2,0,0,1,0,0,0,0,0,0,0,0,0,0,49,0,68,1,4,0,0,0,2,968
P011_Post,255,13,1,21,0,0,102,2,110,4,467,63,0,0,0,43,133,15,6,1,0,0,1,36,211,2,0,225,30,11,168,7,0,46,1242,49,5,3,0,0,0,0,0,0,0,0,0,0,0,0,0,0,0,0,0,0,0,0,0,0,0,0,0,0,0,0,0,0,0,0,0,0,0,0,0,4,3,0,2,4,0,8,0,9,0,90,0,0,0,1,0,0,7,0,1,0,0,0,0,0,15,42,40,45,72,2,4,0,30,1867
P011_Pre,108,0,0,7,0,0,18,0,18,0,25,58,0,0,0,14,30,146,24,21,3,0,3,84,85,7,0,57,31,113,140,38,0,101,345,164,75,2,0,0,0,0,0,0,0,0,0,0,0,0,0,0,0,0,0,0,0,0,0,0,0,0,0,0,0,0,0,0,0,0,0,0,0,0,0,10,1,0,3,0,0,0,0,1,0,121,0,0,0,17,0,0,0,2,11,0,0,4,0,0,318,35,1138,84,536,56,37,8,166,1420
P012_Post,76,289,2123,36,109,170,67,1386,156,472,182,23,51,122,2,9,8,6,11,19,128,3,7,79,428,129,23,48,306,2663,741,928,0,923,3853,18,346,139,0,0,0,0,0,0,0,0,0,0,0,0,0,0,0,0,0,0,0,0,0,0,0,0,0,0,0,0,0,0,0,0,0,0,0,18,1,1,2,0,3,2,5,21,0,6,0,48,0,0,0,5,10,0,0,32,11,0,4,0,0,0,0,12,11,0,34,2,5,0,16,1874
P012_Pre,74,794,785,234,49,103,39,1396,198,1441,134,23,26,407,29,117,49,13,12,1,176,18,10,82,149,94,20,392,212,764,128,2007,0,548,2561,187,210,140,0,0,0,0,0,0,0,0,0,0,0,0,0,0,0,0,0,0,0,0,0,0,0,0,0,0,0,0,0,0,0,0,0,0,0,6,0,0,15,0,0,0,4,12,0,0,0,2,4,2,0,38,144,0,10,8,3,0,11,3,15,0,33,11,872,9,337,23,19,6,36,1867
P013_Post,28,11,34,8,3,0,51,102,54,382,129,9,33,49,4,3,18,18,127,184,27,48,140,646,378,74,120,44,1482,1484,1679,235,1,1334,1474,112,1037,444,0,0,0,0,0,0,0,0,0,0,0,0,0,0,0,0,0,0,0,0,0,0,0,0,0,0,0,0,0,0,0,0,0,0,0,12,5,73,310,104,862,8,141,14,0,1,0,183,132,999,0,295,57,502,0,534,140,58,342,2,0,5,31,272,124,6,214,22,75,4,46,8482
P013_Pre,133,2,0,7,0,1,119,1,91,0,421,43,1,5,2,5,10,17,15,55,2,0,17,238,320,8,4,26,140,123,1014,48,0,165,870,23,66,41,0,0,0,0,0,0,0,0,0,0,0,0,0,0,0,0,0,0,0,0,0,0,0,0,0,0,0,0,0,0,0,0,0,0,0,0,1,22,0,0,486,0,0,4,0,2,0,257,1,0,0,37,7,500,2,22,105,196,14,3,30,0,193,13,309,36,54,9,7,1,4,5628
P014_Post,105,0,0,1,0,0,203,0,221,0,836,37,0,0,0,8,3,14,2,112,1,0,3,94,295,12,2,3,66,37,1201,4,0,59,1303,11,8,1,0,0,0,0,0,0,0,0,0,0,0,0,0,0,0,0,0,0,0,0,0,0,0,0,0,0,0,0,0,0,0,0,0,0,0,2,1,21,0,0,13,0,0,61,0,1,0,421,0,0,0,0,0,0,0,1,0,0,0,1,0,0,108,1,60,12,3,0,0,0,3,1956
P014_Pre,92,0,0,0,0,0,205,0,305,0,875,20,0,0,0,1,0,5,0,79,0,0,1,49,127,4,0,2,31,39,689,1,0,57,758,9,7,4,0,0,0,0,0,0,0,0,0,0,0,0,0,0,0,0,0,0,0,0,0,0,0,0,0,0,0,0,0,0,0,0,0,0,0,0,1,17,0,1,5,0,0,31,0,1,0,383,0,0,0,0,0,0,0,0,2,0,0,3,0,0,111,2,29,11,0,1,0,0,1,1657
P016_Post,45,0,0,1,0,0,68,1,132,0,753,31,0,0,0,3,25,7,4,35,0,0,8,110,509,7,1,30,442,28,580,24,0,128,2056,11,9,7,0,0,0,0,0,0,0,0,0,0,0,0,0,0,0,0,0,0,0,0,0,0,0,0,0,0,0,0,0,0,0,0,0,0,0,5,0,19,0,0,7,0,0,59,0,0,0,280,3,0,0,0,4,0,0,1,4,6,2,2,0,0,10,0,198,7,22,4,2,0,6,1006
P016_Pre,49,2,6,0,0,0,69,12,134,9,681,24,18,148,52,12,17,24,12,45,18,99,59,192,539,247,84,315,540,177,645,782,2,519,2579,84,830,38,0,0,0,0,0,0,0,0,0,0,0,0,0,0,0,0,0,0,0,0,0,0,0,0,0,0,0,0,0,0,0,0,0,0,0,1,0,14,8,0,4,0,4,30,6,0,0,216,2,2,0,176,290,112,8,396,176,454,28,3,150,4,76,35,160,22,57,129,11,10,18,2689
P017_Post,67,8,11,1,0,0,63,7,134,6,250,28,22,66,2,4,5,18,9,139,4,0,4,70,294,24,16,10,98,178,872,203,0,413,1227,62,171,33,0,0,0,0,0,0,0,0,0,0,0,0,0,0,0,0,0,0,0,0,0,0,0,0,0,0,0,0,0,0,0,0,0,0,0,2,3,160,8,0,5,17,5,38,1,0,0,530,20,0,0,38,67,4,6,403,15,7,19,27,2,0,1405,61,315,176,89,6,11,0,35,2301
P017_Pre,68,1,0,4,0,0,61,2,110,2,945,74,1,4,0,13,4,22,12,68,0,0,4,42,207,11,0,7,215,120,1202,5,0,247,1848,31,25,13,0,0,0,0,0,0,0,0,0,0,0,0,0,0,0,0,0,0,0,0,0,0,0,0,0,0,0,0,0,0,0,0,0,0,0,4,0,18,1,2,14,1,7,41,0,2,0,506,2,0,0,0,0,0,0,14,2,0,0,2,6,0,897,10,196,46,14,2,0,0,17,1739
P018_Post,87,57,261,4,0,7,65,62,60,20,422,90,93,747,19,37,73,45,95,61,89,51,49,232,222,395,498,1152,448,1652,1005,1274,0,1084,1798,105,341,312,0,0,0,0,0,0,0,0,0,0,0,0,0,0,0,0,0,0,0,0,0,0,0,0,0,0,0,0,0,0,0,0,0,0,0,2,23,4,9,0,8,1,21,73,48,0,0,290,7,0,0,37,12,18,21,120,26,41,27,12,8,16,1142,108,473,162,24,3,13,0,11,1906
P018_Pre,30,5,9,0,0,0,2,9,14,3,76,5,48,386,13,14,6,4,0,1,4,8,3,1,4,102,106,518,30,165,86,636,1,210,189,43,290,28,0,0,0,0,0,0,0,0,0,0,0,0,0,0,0,0,0,0,0,0,0,0,0,0,0,0,0,0,0,0,0,0,0,0,0,0,1,0,2,0,0,0,3,3,21,0,0,0,0,0,0,8,31,18,14,0,2,121,6,0,82,0,6,30,0,2,8,6,2,0,6,1311
P019_Post,60,188,782,6,1304,2620,45,378,125,2047,386,54,20,234,0,36,23,64,116,115,1095,40,32,364,739,245,53,117,295,2203,708,1749,0,671,2946,96,451,139,0,0,0,0,0,0,0,0,0,0,0,0,0,0,0,0,0,0,0,0,0,0,0,0,0,0,0,0,0,0,0,0,0,0,0,20,7,700,23,2,2,1,5,28,5,0,0,69,9,0,0,14,6,6,1,3,8,4,13,8,0,4,1346,318,1403,98,327,20,21,0,100,5813
P019_Pre,102,3079,2428,94,1465,1795,93,2208,173,10860,476,49,227,2208,42,94,73,103,304,63,928,175,31,445,718,272,146,1187,273,5568,442,4042,1,1954,6685,186,936,184,0,0,0,0,0,0,0,0,0,0,0,0,0,0,0,0,0,0,0,0,0,0,0,0,0,0,0,0,0,0,0,0,0,0,0,26,11,24,30,16,51,0,63,117,36,0,0,278,0,19,0,40,174,0,3,24,21,25,20,6,2,12,372,29,260,21,134,12,17,6,41,6954
P01_Pre,1,6,5,0,0,0,0,16,0,4,0,0,14,155,21,0,0,2,4,199,2,1,6,35,7,19,0,1,8,34,123,8,0,48,30,7,9,4,0,5,1,1,0,0,1,0,3,3,0,0,1,0,692,0,0,0,0,0,0,0,0,0,0,8,0,2,0,4,0,0,4,0,0,0,0,3,1,0,0,0,4,1,0,0,0,1,53,0,2,7,30,235,9,134,27,23,27,14,27,22,40,109,3,15,0,0,1,0,0,2459
P020_Post,15,0,23,11,0,0,18,4,61,2,130,19,23,4,6,5,48,31,2,7,9,4,11,60,294,26,7,54,138,155,216,27,0,245,1219,6,57,14,0,0,0,0,0,0,0,0,0,0,0,0,0,0,0,0,0,0,0,0,0,0,0,0,0,0,0,0,0,0,0,0,0,0,0,0,2,0,0,0,0,2,0,0,0,0,0,24,0,0,0,1,0,8,0,10,2,0,2,13,0,0,686,108,243,79,2,1,0,0,12,512
P020_Pre,82,43,116,27,2,6,86,92,213,85,484,53,46,982,8,84,206,102,13,9,141,287,19,157,696,609,62,2845,187,304,383,4796,0,157,3291,360,346,58,0,0,0,0,0,0,0,0,0,0,0,0,0,0,0,0,0,0,0,0,0,0,0,0,0,0,0,0,0,0,0,0,0,0,0,4,2,0,3,0,0,2,2,13,10,0,0,19,1,2,0,88,219,8,77,2,38,8,12,0,0,0,2148,787,374,80,45,5,8,2,105,1805
P022_Post,74,12,18,0,0,0,36,56,25,20,216,28,89,217,23,4,52,30,25,48,41,45,59,147,403,65,65,200,102,486,1669,326,1,568,2211,62,377,322,0,0,0,0,0,0,0,0,0,0,0,0,0,0,0,0,0,0,0,0,0,0,0,0,0,0,0,0,0,0,0,0,0,0,0,4,10,53,72,12,1,2,29,36,0,0,0,177,66,4,0,6,4,34,2,38,17,4,24,0,0,0,300,25,177,33,36,3,0,0,34,1608
P022_Pre,38,107,221,19,183,284,52,149,110,512,429,41,75,1241,23,42,110,82,88,65,142,88,43,426,1036,253,68,974,294,1439,1117,945,0,830,4584,98,515,138,0,0,0,0,0,0,0,0,0,0,0,0,0,0,0,0,0,0,0,0,0,0,0,0,0,0,0,0,0,0,0,0,0,0,0,5,0,8,12,6,0,0,20,59,15,0,0,112,5,0,0,54,62,14,154,40,49,16,55,1,44,0,660,74,578,34,101,20,8,6,40,2027
P023_Post,193,133,904,18,112,148,179,224,348,394,274,203,10,55,0,47,173,94,131,166,416,56,33,539,1201,187,175,885,171,1976,1648,698,0,993,5123,70,137,130,0,0,0,0,0,0,0,0,0,0,0,0,0,0,0,0,0,0,0,0,0,0,0,0,0,0,0,0,0,0,0,0,0,0,0,12,13,79,0,0,3,3,12,82,7,0,0,534,7,0,0,10,50,2,2,6,4,1,4,5,0,0,994,18,366,37,124,22,8,0,114,2357
P023_Pre,2,34,33,2,8,18,13,146,16,57,0,54,17,304,8,24,10,17,58,19,118,39,43,301,126,64,107,152,129,1561,1440,357,1,935,3180,93,373,152,0,0,0,0,0,0,0,0,0,0,0,0,0,0,0,0,0,0,0,0,0,0,0,0,0,0,0,0,0,0,0,0,0,0,0,9,0,0,44,2,0,9,7,11,3,0,0,10,0,0,0,17,98,20,16,26,54,8,8,0,14,2,12,32,28,5,29,20,1,0,21,6633
P024_Post,24,0,1,9,0,0,64,0,117,0,754,3,0,0,0,0,18,33,11,93,2,0,3,160,458,24,2,41,199,102,1013,16,0,155,1638,25,10,26,0,0,0,0,0,0,0,0,0,0,0,0,0,0,0,0,0,0,0,0,0,0,0,0,0,0,0,0,0,0,0,0,0,0,0,9,10,85,1,0,4,3,0,31,0,0,0,537,0,0,0,6,0,2,0,2,4,0,1,17,0,0,1215,188,324,90,104,5,5,0,43,1559
P024_Pre,71,0,0,5,0,0,80,0,137,0,502,26,0,0,0,0,27,41,21,103,2,0,19,383,807,41,1,25,341,175,778,21,0,105,1640,8,7,20,0,0,0,0,0,0,0,0,0,0,0,0,0,0,0,0,0,0,0,0,0,0,0,0,0,0,0,0,0,0,0,0,0,0,0,0,2,15,0,0,1,1,0,14,0,0,0,306,0,0,0,6,0,0,0,2,2,0,0,0,0,0,322,7,125,14,16,1,0,0,2,537
P025_Post,67,96,265,3,13,15,117,130,195,54,480,92,126,1533,12,150,13,127,107,156,442,107,22,396,971,319,379,114,309,3205,2819,1278,1,621,5303,177,716,676,0,0,0,0,0,0,0,0,0,0,0,0,0,0,0,0,0,0,0,0,0,0,0,0,0,0,0,0,0,0,0,0,0,0,0,9,8,7,16,0,1,0,42,16,4,0,0,348,0,0,0,8,18,0,4,16,1,3,0,19,0,1,637,79,370,51,90,12,12,2,40,2601
P025_Pre,35,109,629,10,2,6,72,42,136,73,304,42,61,274,1,29,47,15,129,228,411,131,55,325,804,328,199,169,141,1239,2236,1431,0,1244,2016,45,140,422,0,0,0,0,0,0,0,0,0,0,0,0,0,0,0,0,0,0,0,0,0,0,0,0,0,0,0,0,0,0,0,0,0,0,0,0,0,332,3,0,0,1,24,4,0,0,0,113,26,0,0,41,24,26,0,42,98,2,18,16,10,0,250,20,228,284,43,1,8,0,27,3883
P028_Pre,53,0,0,0,0,0,40,0,80,0,490,10,0,0,0,2,8,82,28,30,0,0,11,251,524,36,1,5,299,77,409,3,0,67,1190,9,13,14,0,0,0,0,0,0,0,0,0,0,0,0,0,0,0,0,0,0,0,0,0,0,0,0,0,0,0,0,0,0,0,0,0,0,0,0,6,2,1,0,1,1,1,1,0,0,0,245,0,0,0,3,0,0,0,0,1,0,0,14,0,0,481,16,198,15,24,6,3,0,17,266
P02_Post,0,101,402,3,0,5,2,1087,0,99,0,0,23,14,1,0,3,1,69,9,173,7,12,132,301,90,6,6,105,763,31,67,0,156,633,1,1,3,0,0,0,0,0,1,0,0,0,0,1,0,0,0,131,0,0,0,0,0,0,0,0,0,0,1,0,0,0,0,0,0,0,0,0,0,0,21,0,0,0,0,1,1,0,0,0,0,1,0,0,0,1,1,0,11,0,4,1,1,0,3,32,1,7,1,6,9,3,2,4,794
P031_Pre,0,0,0,0,0,1,0,0,0,1,0,0,7,14,0,0,0,1,3,3,3,5,8,24,2,22,6,17,11,128,25,138,0,87,23,16,119,8,0,0,0,0,0,0,0,0,0,0,0,0,0,0,0,0,0,0,0,0,0,0,0,0,0,0,0,0,0,0,0,0,0,0,0,0,0,0,6,1,0,0,0,1,0,0,1,1,0,0,0,22,25,1,0,19,4,8,4,0,9,2,2,5,1,0,1,0,2,0,1,90
P032_Pre,0,4,1,0,0,0,1,3,1,13,2,2,19,28,3,0,9,7,13,28,14,9,33,132,9,79,47,179,1187,310,395,229,5,340,369,33,395,63,0,0,0,0,0,0,0,0,0,0,0,0,0,0,0,0,0,0,0,0,0,0,0,0,0,0,0,0,0,0,0,0,0,0,0,1,2,0,349,3,0,2,201,9,1,0,0,8,2,0,0,56,24,78,7,83,44,108,81,10,3,0,6,22,103,0,92,7,49,3,15,1024
P034_Post,14,77,96,27,4,2,14,1,8,50,17,41,17,367,0,102,178,87,19,14,164,147,49,56,43,272,23,1152,248,186,202,991,0,92,301,225,301,86,0,0,0,0,0,0,0,0,0,0,0,0,0,0,0,0,0,0,0,0,0,0,0,0,0,0,0,0,0,0,0,0,0,0,0,0,0,2,8,2,2,0,27,90,21,0,0,11,1,0,0,100,148,6,117,21,25,22,64,0,29,11,45,150,20,8,28,8,17,74,238,1343
P034_Pre,1,91,43,102,5,2,5,154,5,46,1,22,52,523,18,185,29,22,13,1,111,86,13,14,9,157,19,334,80,135,25,1587,0,41,76,238,214,78,0,0,0,0,0,0,0,0,0,0,0,0,0,0,0,0,0,0,0,0,0,0,0,0,0,0,0,0,0,0,0,0,0,0,0,0,0,0,6,1,0,0,2,38,1,0,1,0,1,2,0,34,78,6,16,16,1,7,15,0,26,3,2,20,5,2,9,2,8,13,22,590
P035_Pre,0,11,44,0,0,1,0,3,2,44,2,3,39,20,1,0,3,18,32,32,3,7,51,180,45,31,111,66,1330,617,1135,81,7,694,716,44,320,168,0,0,0,0,0,0,0,0,0,0,0,0,0,0,0,0,0,0,0,0,0,0,0,0,0,0,0,0,0,0,0,0,0,0,0,1,0,1,180,8,0,3,213,0,12,0,0,13,9,0,0,113,9,20,4,222,44,108,107,8,20,2,9,55,27,0,156,14,43,1,72,1363
P037_Post,6,71,154,7,7,9,10,239,20,214,6,3,20,163,1,3,13,10,100,9,260,47,56,235,184,184,68,194,317,2280,293,839,0,533,1708,79,315,192,0,0,0,0,0,0,0,0,0,0,0,0,0,0,0,0,0,0,0,0,0,0,0,0,0,0,0,0,0,0,0,0,0,0,0,0,0,0,10,1,2,0,10,134,1,0,0,1,0,0,0,18,14,0,0,73,1,2,10,19,0,31,1,1,1,1,43,12,17,7,61,606
P037_Pre,4,45,260,3,55,55,3,9,7,345,8,3,5,120,0,6,14,8,25,5,120,42,17,39,153,95,13,68,28,388,101,184,0,114,783,23,53,25,0,0,0,0,0,0,0,0,0,0,0,0,0,0,0,0,0,0,0,0,0,0,0,0,0,0,0,0,0,0,0,0,0,0,0,1,0,0,2,0,0,0,4,22,0,0,0,0,0,0,0,4,2,0,3,2,0,0,2,0,1,3,0,8,0,0,5,2,3,3,9,165
P038_Post,25,310,980,92,36,69,43,143,41,278,19,10,40,407,0,13,76,19,122,23,257,62,116,347,161,175,86,560,420,1278,336,544,0,750,1391,26,364,129,0,0,0,0,0,0,0,0,0,0,0,0,0,0,0,0,0,0,0,0,0,0,0,0,0,0,0,0,0,0,0,0,0,0,0,0,0,0,5,1,0,0,13,51,20,0,0,0,6,0,1,24,42,14,10,25,8,11,33,0,16,37,1,11,2,0,15,5,24,19,29,1059
P038_Pre,3,24,46,1,0,0,1,10,1,0,0,6,19,196,0,20,16,19,69,13,28,197,112,183,19,300,162,328,229,568,205,633,15,555,247,186,597,196,0,0,0,0,0,0,0,0,0,0,0,0,0,0,0,0,0,0,0,0,0,0,0,0,0,0,0,0,0,0,0,0,0,0,0,0,0,0,9,2,0,0,16,20,16,0,0,4,2,0,0,12,263,14,22,23,15,151,13,1,101,6,4,32,1,1,11,89,2,22,4,820
P039_Post,4,21,119,6,4,1,8,5,8,31,7,10,28,218,0,4,9,4,40,11,100,36,104,188,121,211,330,209,432,899,385,613,1,1095,681,43,70,114,0,0,0,0,0,0,0,0,0,0,0,0,0,0,0,0,0,0,0,0,0,0,0,0,0,0,0,0,0,0,0,0,0,0,0,0,0,0,7,3,1,0,19,12,8,0,0,1,0,0,0,128,25,54,20,101,57,24,84,5,5,23,1,10,3,0,22,4,35,14,67,932
P039_Pre,0,3,15,0,0,0,0,1,0,3,0,2,7,13,0,0,0,0,0,0,1,0,0,3,6,0,2,1,3,24,0,13,0,35,51,0,1,6,0,0,0,0,0,0,0,0,0,0,0,0,0,0,0,0,0,0,0,0,0,0,0,0,0,0,0,0,0,0,0,0,0,0,0,0,0,0,0,0,0,0,0,0,0,0,0,0,0,0,0,0,0,0,0,3,0,0,0,0,0,0,0,0,0,0,2,0,0,0,0,34
P03_Post,0,379,48,9,16,13,0,138,5,66,7,46,356,321,155,55,0,61,103,6,410,180,25,69,140,281,11,37,19,726,25,1710,0,302,353,195,81,46,0,1,0,2,0,0,0,0,0,0,1,0,0,0,1424,0,2,0,1,0,0,0,0,0,0,5,0,0,0,2,0,0,1,0,0,0,0,13,0,0,0,0,1,1,1,0,0,0,5,0,0,60,128,0,7,57,13,4,3,32,2,46,15,21,7,3,42,5,8,2,9,941
P040_Post,66,87,134,485,13,15,97,12,299,32,692,25,1,8,0,11,494,68,32,26,133,24,16,232,266,286,30,3133,390,274,329,324,1,930,1783,92,130,29,0,0,0,0,0,0,0,0,0,0,0,0,0,0,0,0,0,0,0,0,0,0,0,0,0,0,0,0,0,0,0,0,0,0,0,0,0,2,3,4,2,2,6,138,2,0,0,34,0,0,0,75,30,0,277,14,57,18,1,5,96,10,15,67,5,13,40,4,5,12,67,1626
P040_Pre,22,84,299,254,10,5,27,199,215,85,259,146,13,77,0,81,175,13,23,14,54,28,18,78,92,165,20,1651,180,314,203,238,0,437,1287,93,229,22,0,0,0,0,0,0,0,0,0,0,0,0,0,0,0,0,0,0,0,0,0,0,0,0,0,0,0,0,0,0,0,0,0,0,0,0,0,0,18,1,0,1,2,44,2,0,0,10,0,0,0,50,38,19,75,31,87,33,6,0,14,3,7,41,4,6,24,5,16,5,17,822
P041_Post,0,19,195,3,0,0,8,62,11,235,5,3,27,64,5,5,29,20,39,8,42,9,26,153,87,108,239,726,663,966,533,437,2,1562,1739,71,349,179,0,0,0,0,0,0,0,0,0,0,0,0,0,0,0,0,0,0,0,0,0,0,0,0,0,0,0,0,0,0,0,0,0,0,0,1,0,0,1,3,0,0,13,26,12,0,0,1,0,0,0,149,275,8,34,469,6,197,37,10,53,34,2,26,3,0,190,76,55,27,34,2157
P041_Pre,22,8,58,14,1,5,51,7,187,85,343,9,3,34,0,0,44,6,13,23,12,6,32,185,158,88,37,328,256,170,247,144,1,279,789,27,105,20,0,0,0,0,0,0,0,0,0,0,0,0,0,0,0,0,0,0,0,0,0,0,0,0,0,0,0,0,0,0,0,0,0,0,0,0,0,0,2,20,0,0,2,4,3,0,0,11,0,0,0,53,166,11,124,203,5,230,39,8,172,16,82,46,20,3,26,17,10,3,11,958
P042_Post,3,11,56,3,6,4,8,12,5,12,4,7,15,23,1,2,15,17,10,49,29,11,9,59,79,61,187,275,146,633,1039,542,4,1489,2011,87,101,120,0,0,0,0,0,0,0,0,0,0,0,0,0,0,0,0,0,0,0,0,0,0,0,0,0,0,0,0,0,0,0,0,0,0,0,1,0,0,11,3,1,0,3,1,1,0,0,5,0,0,0,15,35,0,0,14,4,10,10,0,0,0,14,11,11,4,51,9,17,0,20,1174
P042_Pre,5,111,109,16,2,3,17,445,48,144,18,19,79,155,7,17,128,41,102,51,279,31,34,384,367,269,143,320,404,1410,281,584,7,589,2459,90,333,142,0,0,0,0,0,0,0,0,0,0,0,0,0,0,0,0,0,0,0,0,0,0,0,0,0,0,0,0,0,0,0,0,0,0,0,0,0,0,7,0,0,0,2,24,0,0,0,7,1,0,0,97,147,6,6,47,9,20,53,4,0,0,10,31,8,0,56,5,23,4,95,800
P043_Pre,0,0,34,0,0,0,1,0,0,8,2,0,0,1,0,0,24,13,35,10,19,1,14,145,50,85,8,183,69,182,246,67,0,351,289,4,80,12,0,0,0,0,0,0,0,0,0,0,0,0,0,0,0,0,0,0,0,0,0,0,0,0,0,0,0,0,0,0,0,0,0,0,0,0,0,0,3,0,0,0,3,4,0,0,0,5,0,0,0,35,5,0,3,197,15,12,40,7,0,27,3,14,3,2,20,2,4,3,4,277
P044_Pre,9,70,514,17,32,83,4,188,48,322,60,1,24,497,0,4,93,3,18,1,91,68,8,118,141,50,9,949,100,178,37,610,0,223,1430,33,121,16,0,0,0,0,0,0,0,0,0,0,0,0,0,0,0,0,0,0,0,0,0,0,0,0,0,0,0,0,0,0,0,0,0,0,0,0,0,0,42,4,0,2,11,29,8,0,0,44,2,0,0,17,54,4,36,1,6,2,7,0,0,8,8,46,13,8,21,5,9,12,25,718
P045_Post,16,377,199,12,363,522,5,603,27,1272,36,10,23,184,1,21,54,11,34,5,866,20,4,87,581,125,30,230,97,918,92,730,1,367,3640,69,95,265,0,0,0,0,0,0,0,0,0,0,0,0,0,0,0,0,0,0,0,0,0,0,0,0,0,0,0,0,0,0,0,0,0,0,0,1,0,0,3,0,0,0,0,11,1,0,0,0,0,0,0,4,16,1,0,8,0,4,9,0,0,6,0,6,3,0,39,5,10,0,55,425
P045_Pre,29,492,280,89,38,26,2,46,20,366,138,18,12,342,1,59,162,24,20,4,182,82,10,56,99,175,11,2076,82,208,129,976,2,111,1025,386,288,86,0,0,0,0,0,0,0,0,0,0,0,0,0,0,0,0,0,0,0,0,0,0,0,0,0,0,0,0,0,0,0,0,0,0,0,0,0,0,3,0,0,1,1,35,2,0,0,0,0,0,0,29,118,6,104,7,13,4,8,0,3,13,0,16,0,2,16,9,10,8,71,902
P046_Post,0,7,28,0,0,1,2,23,1,13,1,12,12,98,0,74,19,15,21,18,34,165,33,73,23,196,65,1138,196,201,208,2342,4,257,485,903,1141,100,0,0,0,0,0,0,0,0,0,0,0,0,0,0,0,0,0,0,0,0,0,0,0,0,0,0,0,0,0,0,0,0,0,0,0,0,0,0,7,0,0,1,3,65,1,0,0,0,0,0,0,82,145,43,300,43,197,200,19,2,107,6,10,142,12,5,54,14,19,8,36,2322
P046_Pre,0,4,6,4,0,0,4,1,5,2,0,0,0,10,0,2,15,10,3,13,10,15,9,33,10,116,20,239,102,106,138,223,1,325,197,18,54,3,0,0,0,0,0,0,0,0,0,0,0,0,0,0,0,0,0,0,0,0,0,0,0,0,0,0,0,0,0,0,0,0,0,0,0,0,0,0,2,0,0,0,1,4,0,0,0,1,0,0,0,44,70,2,59,78,82,154,1,2,47,10,5,27,4,2,12,9,4,2,9,652
P047_Post,3,34,65,4,6,9,2,35,9,3,3,38,223,618,9,25,66,23,20,9,33,2,27,119,25,181,9,985,271,430,464,274,1,341,463,62,243,39,0,0,0,0,0,0,0,0,0,0,0,0,0,0,0,0,0,0,0,0,0,0,0,0,0,0,0,0,0,0,0,0,0,0,0,2,0,2,14,0,0,1,19,154,4,0,0,1,2,0,2,73,30,5,79,41,21,26,38,7,13,6,6,83,6,2,40,2,19,9,43,820
P047_Pre,0,1,0,0,0,0,0,0,0,0,0,0,1,2,0,1,3,0,2,0,0,1,4,7,2,13,1,29,6,7,23,9,0,11,6,2,6,0,0,0,0,0,0,0,0,0,0,0,0,0,0,0,0,0,0,0,0,0,0,0,0,0,0,0,0,0,0,0,0,0,0,0,0,0,0,0,1,0,0,0,1,2,0,0,0,0,1,0,0,8,3,0,61,13,5,2,0,2,56,0,10,11,0,10,1,0,0,0,3,113
P049_Post,1,44,32,2,40,73,17,441,24,1069,22,7,21,24,6,10,0,6,8,3,102,24,9,56,61,68,24,31,74,504,160,276,1,200,516,34,206,49,0,0,0,0,0,0,0,0,0,0,0,0,0,0,0,0,0,0,0,0,0,0,0,0,0,0,0,0,0,0,0,0,0,0,0,0,0,0,21,0,0,0,6,44,0,0,0,1,0,0,0,39,20,10,0,51,20,9,43,2,2,3,4,44,13,0,32,2,6,2,16,390
P049_Pre,6,39,35,10,32,90,15,172,9,146,9,17,44,184,4,11,10,11,29,5,129,30,10,92,64,97,16,94,125,1055,124,369,2,251,672,37,152,29,0,0,0,0,0,0,0,0,0,0,0,0,0,0,0,0,0,0,0,0,0,0,0,0,0,0,0,0,0,0,0,0,0,0,0,0,0,0,3,2,0,1,4,14,0,0,0,0,0,0,0,27,37,3,3,33,6,11,20,0,4,1,0,20,5,0,16,12,5,5,7,294
P04_Post,0,72,23,19,0,6,1,188,8,22,2,1,33,78,5,0,6,19,258,85,262,315,91,280,182,320,11,22,62,1101,120,560,0,553,548,66,223,84,1,0,0,0,0,1,0,2,0,0,1,0,1,0,173,0,1,1,0,0,0,0,0,0,0,11,0,1,0,1,0,0,13,0,0,0,0,149,0,0,0,2,4,6,0,0,0,0,23,0,0,45,134,0,3,263,1,24,12,269,0,20,32,30,36,15,30,13,6,2,10,1436
P051_Post,0,6,6,0,0,0,0,2,4,0,0,5,1,107,2,24,9,19,1,5,67,297,10,18,2,106,10,111,43,86,87,720,0,41,30,112,301,284,0,0,0,0,0,0,0,0,0,0,0,0,0,0,0,0,0,0,0,0,0,0,0,0,0,0,0,0,0,0,0,0,0,0,0,1,0,0,5,0,4,0,70,26,30,0,0,2,3,1,0,32,125,9,6,40,3,47,19,2,15,0,0,47,3,0,13,17,2,5,10,452
P051_Pre,0,35,40,2,0,0,1,5,3,5,0,33,41,1108,6,25,8,10,8,3,37,54,11,61,20,113,22,281,149,445,186,428,1,303,349,75,163,60,0,0,0,0,0,0,0,0,0,0,0,0,0,0,0,0,0,0,0,0,0,0,0,0,0,0,0,0,0,0,0,0,0,0,0,0,0,0,8,1,0,0,31,31,31,0,0,1,0,0,0,206,276,53,84,94,65,98,77,6,45,6,1,35,5,1,11,58,3,13,7,1299
P052_Post,2,56,55,3,0,1,12,135,1,29,1,2,12,92,1,1,9,6,45,2,51,52,68,134,18,38,22,44,121,1237,70,469,0,220,232,24,407,162,0,0,0,0,0,0,0,0,0,0,0,0,0,0,0,0,0,0,0,0,0,0,0,0,0,0,0,0,0,0,0,0,0,0,0,0,0,0,2,0,0,0,2,11,0,0,0,1,0,0,0,2,3,0,0,25,1,3,2,0,2,4,2,10,4,0,31,6,6,1,25,236
P052_Pre,0,47,17,30,1,0,3,32,11,2,0,43,50,1029,23,25,283,3,31,7,67,165,89,186,18,219,23,1902,337,328,73,620,1,174,478,117,460,67,0,0,0,0,0,0,0,0,0,0,0,0,0,0,0,0,0,0,0,0,0,0,0,0,0,0,0,0,0,0,0,0,0,0,0,0,0,0,11,0,0,0,0,19,0,0,0,1,0,0,0,20,47,3,66,3,2,13,26,0,24,7,5,111,4,3,23,9,12,19,99,912
P053_Post,1,4,14,4,0,1,2,40,3,19,0,0,0,1,0,0,1,0,0,0,13,0,0,4,7,3,7,2,24,10,22,27,0,38,102,3,5,3,0,0,0,0,0,0,0,0,0,0,0,0,0,0,0,0,0,0,0,0,0,0,0,0,0,0,0,0,0,0,0,0,0,0,0,0,0,0,4,0,0,3,1,3,0,0,0,2,1,0,0,0,1,0,0,2,0,0,0,0,0,0,0,0,1,0,3,0,0,0,2,65
P053_Pre,1,17,30,13,0,0,2,65,5,64,1,11,18,41,2,18,27,11,11,1,28,29,20,67,37,137,60,299,380,208,95,650,0,298,376,135,214,41,0,0,0,0,0,0,0,0,0,0,0,0,0,0,0,0,0,0,0,0,0,0,0,0,0,0,0,0,0,0,0,0,0,0,0,0,0,0,8,1,0,0,1,46,0,0,0,1,1,0,0,166,63,5,24,81,20,31,39,3,2,2,0,20,5,0,24,5,10,5,28,622
P054_Post,52,95,230,30,1109,1935,128,1217,297,408,450,16,10,99,0,10,2,7,30,3,671,6,1,31,309,108,3,10,24,622,48,1031,1,412,2298,25,41,27,0,0,0,0,0,0,0,0,0,0,0,0,0,0,0,0,0,0,0,0,0,0,0,0,0,0,0,0,0,0,0,0,0,0,0,3,0,0,0,0,0,1,7,9,0,0,0,4,0,0,0,1,15,0,0,15,0,1,3,1,0,2,0,3,2,0,5,0,2,0,6,429
P054_Pre,35,218,746,50,147,199,22,89,166,1307,1013,22,8,113,0,20,120,37,34,7,178,6,1,55,777,146,0,369,50,460,51,269,0,131,3692,23,7,6,0,0,0,0,0,0,0,0,0,0,0,0,0,0,0,0,0,0,0,0,0,0,0,0,0,0,0,0,0,0,0,0,0,0,0,0,0,0,1,0,0,0,0,15,0,0,0,1,0,0,0,17,3,0,8,2,1,0,0,0,1,1,3,12,1,0,10,0,2,2,35,240
P055_Pre,0,1,9,1,0,0,1,3,0,2,0,1,0,3,0,1,4,8,0,0,2,1,2,12,5,191,7,135,147,49,78,245,0,54,66,25,27,5,0,0,0,0,0,0,0,0,0,0,0,0,0,0,0,0,0,0,0,0,0,0,0,0,0,0,0,0,0,0,0,0,0,0,0,0,0,0,5,0,0,0,5,11,6,0,0,4,0,0,1,26,44,44,83,27,69,41,46,7,116,27,5,104,3,4,18,41,7,4,16,1044
P056_Post,1,24,22,8,0,0,13,286,13,35,0,7,22,137,0,9,15,35,51,7,99,34,108,201,109,186,8,89,469,568,175,351,1,336,1052,36,215,66,0,0,0,0,0,0,0,0,0,0,0,0,0,0,0,0,0,0,0,0,0,0,0,0,0,0,0,0,0,0,0,0,0,0,0,0,0,0,10,0,0,1,4,77,1,0,0,1,0,0,1,35,128,47,1,152,13,15,78,2,1,104,0,12,2,0,37,14,15,20,53,786
P056_Pre,1,3,5,2,0,0,1,13,4,4,1,1,1,20,0,2,27,3,21,7,2,6,33,56,11,305,3,242,286,172,164,361,0,245,112,27,202,20,0,0,0,0,0,0,0,0,0,0,0,0,0,0,0,0,0,0,0,0,0,0,0,0,0,0,0,0,0,0,0,0,0,0,0,0,0,0,4,0,0,4,0,22,1,0,0,8,0,0,1,98,108,264,43,364,296,178,226,8,64,23,7,129,8,2,11,157,2,7,14,1621
P057_Post,1,1,12,1,0,0,8,20,7,10,10,3,43,13,0,2,16,4,3,5,2,2,16,90,156,15,15,98,221,123,122,77,2,448,892,10,71,48,0,0,0,0,0,0,0,0,0,0,0,0,0,0,0,0,0,0,0,0,0,0,0,0,0,0,0,0,0,0,0,0,0,0,0,1,0,2,6,0,0,5,15,17,0,0,0,38,2,0,0,7,1,0,0,18,10,0,1,0,0,66,0,4,10,0,53,0,5,5,60,475
P057_Pre,0,3,21,1,0,1,4,66,6,16,2,7,17,37,4,2,1,7,14,7,18,5,45,235,77,51,31,23,254,313,137,137,0,619,948,9,182,71,0,0,0,0,0,0,0,0,0,0,0,0,0,0,0,0,0,0,0,0,0,0,0,0,0,0,0,0,0,0,0,0,0,0,0,0,0,0,9,0,0,6,4,14,0,0,0,2,0,0,0,23,6,0,1,63,5,12,23,2,31,27,0,4,1,0,59,2,2,6,9,463
P058_Post,35,61,91,6,1,0,127,1002,233,73,28,5,55,46,10,0,1,1,15,7,66,15,12,39,91,21,129,1,70,907,111,780,3,687,478,6,507,186,0,0,0,0,0,0,0,0,0,0,0,0,0,0,0,0,0,0,0,0,0,0,0,0,0,0,0,0,0,0,0,0,0,0,0,0,0,0,1,0,0,0,2,5,0,0,0,1,0,0,0,1,1,6,0,28,1,4,9,0,0,0,0,0,0,0,13,5,3,0,3,310
P058_Pre,36,75,787,53,1,3,81,96,288,351,247,0,5,8,0,1,7,3,3,2,34,37,1,20,35,35,24,88,27,60,47,320,0,101,245,20,50,13,0,0,0,0,0,0,0,0,0,0,0,0,0,0,0,0,0,0,0,0,0,0,0,0,0,0,0,0,0,0,0,0,0,0,0,0,0,0,1,0,0,0,2,5,1,0,0,0,1,0,0,5,4,1,1,19,2,11,9,0,0,0,0,1,0,0,18,13,0,1,21,299
P059_Post,0,86,29,35,1,0,2,38,1,11,1,53,75,300,4,87,104,9,35,16,49,87,23,52,5,216,19,1174,220,218,122,584,0,254,196,125,195,48,0,0,0,0,0,0,0,0,0,0,0,0,0,0,0,0,0,0,0,0,0,0,0,0,0,0,0,0,0,0,0,0,0,0,0,1,0,1,6,0,0,0,1,107,0,0,0,4,8,0,2,57,286,31,117,112,38,80,35,41,24,73,1,53,8,0,28,5,8,5,8,1922
P059_Pre,0,41,43,35,150,333,2,146,4,73,7,38,30,149,2,11,177,19,34,14,89,77,17,69,104,143,20,1323,166,355,143,470,0,217,640,71,102,42,0,0,0,0,0,0,0,0,0,0,0,0,0,0,0,0,0,0,0,0,0,0,0,0,0,0,0,0,0,0,0,0,0,0,0,0,0,0,15,1,0,0,2,29,4,0,0,6,0,0,0,24,68,2,218,16,12,19,11,1,22,15,1,83,4,1,21,4,7,4,11,773
P05_Pre,0,51,7,4,2,0,1,109,0,10,0,4,17,126,56,5,4,10,24,0,99,29,31,69,28,44,4,24,28,47,17,65,0,26,106,47,15,1,0,0,0,0,0,0,0,3,0,0,0,0,0,0,1484,0,0,0,0,0,0,0,0,0,0,11,1,0,0,2,0,0,2,0,0,0,0,1,1,0,0,0,3,3,0,0,0,0,13,0,1,7,24,2,26,5,4,16,3,0,50,4,7,10,4,10,1,0,1,1,0,303
P060_Post,0,3,4,0,0,0,2,19,0,2,1,1,3,4,1,0,2,1,3,0,5,3,20,43,21,45,15,19,198,323,44,111,1,325,229,13,25,15,0,0,0,0,0,0,0,0,0,0,0,0,0,0,0,0,0,0,0,0,0,0,0,0,0,0,0,0,0,0,0,0,0,0,0,4,0,3,25,1,0,12,76,15,9,0,0,5,11,0,1,13,7,52,0,111,42,28,55,12,10,6,0,14,4,0,40,2,1,5,2,1053
P060_Pre,0,1,4,0,0,0,0,8,0,0,0,1,2,13,0,0,1,2,2,2,0,1,13,20,4,51,5,2,95,93,24,87,1,63,89,17,76,4,0,0,0,0,0,0,0,0,0,0,0,0,0,0,0,0,0,0,0,0,0,0,0,0,0,0,0,0,0,0,0,0,0,0,0,1,0,1,13,0,0,0,27,28,2,0,0,2,1,0,0,18,2,27,0,55,25,81,21,8,70,13,1,17,6,0,21,7,4,6,1,756
P061_Pre,1,8,38,0,0,0,3,7,6,5,0,90,114,424,2,8,11,13,1,4,8,21,11,34,14,202,15,127,57,42,57,214,0,111,124,15,44,3,0,0,0,0,0,0,0,0,0,0,0,0,0,0,0,0,0,0,0,0,0,0,0,0,0,0,0,0,0,0,0,0,0,0,0,0,0,0,1,1,0,2,0,5,0,0,0,2,1,0,0,204,36,9,11,406,51,99,12,26,2,0,0,8,3,0,8,2,3,2,6,484
P062_Pre,0,2,70,2,0,2,6,118,12,82,4,4,43,165,36,2,5,7,13,25,11,1,17,29,51,10,20,26,34,102,173,41,3,201,792,5,150,9,0,0,0,0,0,0,0,0,0,0,0,0,0,0,0,0,0,0,0,0,0,0,0,0,0,0,0,0,0,0,0,0,0,0,0,1,0,0,14,11,0,0,3,6,3,0,0,3,1,2,0,3,1,0,1,24,0,7,2,0,7,0,7,3,21,0,5,0,1,0,3,305
P06_Post,0,13,0,0,0,0,0,38,2,2,1,0,1,0,0,0,2,8,77,6,35,14,13,66,108,75,1,12,31,713,164,638,0,259,256,2,59,6,0,0,0,0,0,5,0,0,0,0,3,2,0,0,70,0,2,0,0,0,0,0,0,0,0,0,0,0,0,0,0,0,0,0,0,0,1,207,0,0,0,0,3,0,0,0,0,0,4,0,0,4,5,0,1,239,1,18,2,157,21,42,83,5,41,5,16,24,18,5,7,1056
P07_Post,0,1,10,0,0,0,0,19,0,12,0,0,10,21,18,0,7,8,2,1,17,12,10,26,25,48,9,85,18,82,9,102,0,61,159,67,57,5,4,4,6,2,12,2,16,24,17,8,0,0,10,12,5376,11,6,18,7,0,0,0,0,1,51,85,5,3,0,58,1,1,0,0,14,0,0,1,0,0,0,0,1,4,0,0,0,0,4,0,7,80,62,97,15,191,79,23,170,39,12,65,8,96,12,7,72,14,24,5,22,1366
P08_Pre,0,13,78,2,0,1,0,70,0,5,0,0,74,311,102,2,127,17,99,11,30,13,145,607,68,333,3,119,70,358,87,80,0,183,529,17,63,3,0,9,0,0,2,0,0,2,2,0,1,7,7,0,140,2,12,3,3,2,0,6,0,4,0,339,2,9,2,31,0,0,8,0,0,0,0,1,0,0,0,0,1,2,0,0,0,0,10,0,3,4,0,38,4,12,41,104,8,7,11,128,8,47,0,1,2,24,12,7,7,1130
P09_Post,0,48,13,3,3,2,1,31,0,16,0,2,4,55,6,23,26,29,73,23,90,326,13,70,74,370,4,237,7,298,147,900,0,88,140,217,29,8,0,0,0,0,0,0,0,0,0,0,0,0,1,0,295,0,0,0,0,0,0,0,0,0,0,8,1,0,0,1,0,0,6,0,0,0,0,0,0,0,0,0,4,0,0,0,0,0,2,0,0,29,141,1,160,7,11,15,1,0,59,5,2,111,6,1,7,3,0,1,3,592
P102_Post,1,11,47,4,1,4,4,81,13,32,6,1,4,2,0,0,3,11,17,21,10,16,25,52,37,177,4,103,202,260,252,1896,0,280,238,286,379,48,0,0,0,0,0,0,0,0,0,0,0,0,0,0,0,4,0,0,4,0,0,0,1,0,0,0,0,0,0,0,0,0,0,0,0,7,1,32,23,26,0,725,21,2,1,0,0,130,64,0,1,88,26,8,27,99,8,22,57,12,60,87,67,83,254,15,72,22,8,13,13,1460
P103_Post,33,161,602,39,1,2,45,215,86,73,51,13,10,51,3,7,45,30,58,22,218,181,38,280,123,265,145,214,132,408,114,832,0,637,926,145,695,169,0,0,0,0,0,0,0,0,0,0,0,0,0,0,0,0,0,0,0,0,0,0,0,0,0,0,0,0,0,0,0,0,0,0,0,8,0,0,5,0,0,6,27,10,3,0,1,6,1,0,0,25,73,2,14,14,5,15,9,0,3,30,4,18,11,0,22,12,5,4,13,404
P105_Post,46,263,418,20,10,26,92,597,54,19,9,13,17,97,0,3,8,11,96,6,285,74,46,103,85,156,59,21,276,783,56,595,0,537,823,12,128,61,0,0,0,0,0,0,0,0,0,0,0,0,0,0,0,0,0,0,0,0,0,0,0,0,0,0,0,0,0,0,0,0,0,0,0,17,1,1,3,0,0,17,49,5,11,0,0,23,1,0,0,9,7,1,2,7,0,4,3,2,2,60,9,5,17,2,10,4,0,4,4,353
P106_Post,0,0,0,0,0,0,0,0,0,0,0,0,0,0,0,0,4,24,3,0,20,144,42,66,1,302,19,19,118,105,22,704,0,118,76,77,285,88,0,0,0,0,0,0,0,0,0,0,0,0,0,0,0,0,0,0,10,0,0,0,0,0,0,0,0,0,0,0,0,0,0,0,0,1,1,0,1,0,0,0,25,6,15,0,0,0,1,0,0,19,18,19,15,9,9,31,19,3,93,27,7,57,16,1,6,10,0,1,5,498
P107_Post,0,4,78,1,2,3,5,44,5,12,0,0,6,7,5,0,1,5,13,215,4,5,13,102,33,14,15,24,43,159,1822,34,0,356,213,43,238,66,0,0,0,0,0,0,0,0,0,0,0,0,0,0,0,0,0,0,8,0,0,0,0,0,0,0,0,0,0,0,0,0,0,0,0,9,1,26,12,3,0,241,22,4,0,0,25,118,13,0,0,27,6,19,27,69,33,13,46,41,2,160,160,185,569,57,17,17,6,3,10,1659
P10_Post,0,20,14,0,1,0,0,17,0,2,0,0,9,184,6,7,18,35,142,12,113,211,8,37,19,389,5,163,7,611,29,1378,0,42,82,300,293,21,0,0,0,0,0,2,1,0,0,0,0,2,0,0,396,0,0,0,1,0,0,0,0,0,24,15,6,3,0,2,0,0,3,0,0,0,0,1,1,0,0,2,5,3,0,0,0,0,13,0,0,84,99,15,129,0,15,16,63,2,36,15,3,70,0,7,9,3,8,3,14,1478
P111_Post,15,85,544,4,16,70,40,339,94,94,9,4,17,33,3,0,0,8,18,10,89,2,9,25,78,25,10,17,72,156,172,155,0,173,361,7,86,49,0,0,0,0,0,0,0,0,0,0,0,0,0,0,0,1,0,0,14,0,0,0,0,0,0,0,0,0,0,0,0,0,0,0,0,14,1,3,13,3,0,10,17,0,2,0,0,62,2,0,0,11,2,38,0,79,30,3,38,50,7,27,134,46,79,10,41,11,6,2,4,692
P113_Post,26,93,389,6,1,8,234,100,35,9,1,18,19,21,0,1,2,5,26,28,40,11,48,123,109,49,52,34,149,306,138,349,0,579,370,7,452,55,0,0,0,0,0,0,0,0,0,0,0,0,0,0,0,0,0,0,12,0,0,0,0,0,0,0,0,0,0,0,0,0,0,0,0,19,1,17,4,1,0,7,12,2,0,0,0,88,7,0,0,44,5,6,0,177,23,4,19,72,0,64,126,29,120,20,58,13,7,7,20,1108
P114_Post,25,168,324,2,9,15,89,301,44,32,21,11,6,26,0,2,1,10,15,14,76,5,14,31,80,14,20,10,37,126,77,78,0,187,252,11,196,35,0,0,0,0,0,0,0,0,0,0,0,0,0,0,0,0,0,0,0,0,0,0,0,0,0,0,0,0,0,0,0,0,0,0,0,10,0,3,9,1,0,30,3,0,1,0,1,103,4,0,0,11,9,5,5,51,7,4,11,123,6,11,20,6,48,3,23,14,6,5,1,540
P115_Post,0,5,30,0,0,0,3,16,10,13,14,1,5,3,0,0,0,2,5,3,0,1,11,36,15,5,20,6,53,43,201,5,0,288,221,6,140,7,0,0,0,0,0,0,0,0,0,0,0,0,0,0,0,0,0,0,11,0,0,0,0,0,0,0,0,0,0,0,0,0,0,0,0,6,0,1,0,0,0,2,0,1,0,0,0,18,0,0,1,26,1,8,66,277,55,156,33,2717,206,22,60,21,89,28,51,167,24,11,3,700
P118_Post,42,148,312,10,0,2,127,159,34,16,7,3,9,84,0,5,1,6,29,1,76,27,12,60,39,110,41,15,80,339,42,264,0,275,312,14,142,43,0,0,0,0,0,0,0,0,0,0,0,0,0,0,0,0,0,0,0,0,0,0,0,0,0,0,0,0,0,0,0,0,0,0,0,13,0,2,1,0,0,3,10,5,0,0,0,12,7,0,0,24,24,6,7,94,0,6,19,9,23,20,102,43,22,9,28,5,7,4,5,378
P119_Post,24,18,31,5,12,9,81,125,70,11,6,4,8,24,0,0,2,7,51,4,124,56,78,90,71,68,155,40,239,906,34,590,0,1103,560,6,700,113,0,0,0,0,0,0,0,0,0,0,0,0,0,0,0,0,0,0,1,0,0,0,0,0,0,0,0,0,0,0,0,0,0,0,0,5,0,0,0,0,0,5,33,8,10,0,0,5,8,0,2,22,5,6,0,27,23,12,8,0,2,196,22,9,8,14,6,5,2,2,2,432
P11_Post,4,31,83,4,0,1,15,125,6,96,10,0,3,15,0,2,4,43,220,265,120,245,288,459,388,231,227,38,471,2152,3108,425,0,2372,1822,35,574,229,1,0,1,0,0,13,0,0,0,0,3,0,0,0,475,0,0,0,0,0,0,0,0,0,0,0,0,0,0,0,0,0,0,0,0,3,1,117,930,15,0,65,107,27,2,0,3,118,49,1,1,11,32,14,41,88,2,26,53,390,20,23,178,131,74,25,67,18,18,9,32,2577
P11_Pre,2,14,23,0,0,0,1,94,1,163,5,1,2,10,1,1,3,18,33,93,43,40,139,365,574,142,188,34,619,987,1933,478,0,392,2182,27,571,234,0,0,0,0,0,0,0,0,0,0,0,0,0,0,0,0,0,0,0,0,0,0,0,0,0,0,0,0,0,0,0,0,0,0,0,12,0,1,533,4,1,25,114,53,3,0,1,12,26,2,0,5,1,8,0,7,2,4,92,0,2,4,95,47,41,19,88,2,16,0,64,1250
P120_Post,6,9,49,1,0,0,11,41,27,10,15,4,2,4,0,0,0,0,0,0,4,3,2,5,8,30,1,0,13,2,4,50,0,23,54,1,7,0,0,0,0,0,0,0,0,0,0,0,0,0,0,0,0,0,0,0,0,0,0,0,0,0,0,0,0,0,0,0,0,0,0,0,0,2,0,0,0,0,0,0,2,0,1,0,0,0,0,0,0,0,0,0,0,0,0,0,0,0,0,0,0,0,0,0,0,0,0,0,0,82
P121_Post,25,58,53,2,0,0,46,60,25,2,6,21,13,346,0,49,0,30,53,34,70,114,19,95,31,246,25,55,131,516,696,563,0,404,340,130,686,2837,0,0,0,0,0,0,0,0,0,0,0,0,0,0,0,0,0,0,49,0,0,0,0,0,2,0,0,0,0,0,0,0,0,0,0,1,0,1,4,0,0,15,14,4,4,0,0,3,4,0,1,185,279,11,561,92,8,2,27,2,47,18,26,204,18,19,71,6,11,12,22,947
P122_Post,313,162,3266,24,3,2,486,1046,1062,141,172,3,6,5,0,0,1,5,1,0,103,3,4,14,168,44,11,2,28,8,4,135,0,176,695,1,50,8,0,0,0,0,0,0,0,0,0,0,0,0,0,0,0,0,0,0,1,0,0,0,0,0,0,0,0,0,0,0,0,0,0,0,0,10,0,0,0,0,0,0,1,0,0,0,0,1,2,0,0,4,1,0,0,13,2,6,2,0,0,10,23,1,1,9,22,3,0,0,2,214
P124_Post,85,101,59,41,0,9,69,138,128,64,90,2,0,24,0,5,19,90,114,25,76,83,47,405,142,177,137,54,114,1197,153,534,1,550,844,76,736,353,0,0,0,0,0,0,0,0,0,0,0,0,0,0,0,0,0,0,7,0,0,0,0,0,0,0,0,0,0,0,0,0,0,0,0,17,0,1,6,1,1,12,45,10,5,0,0,5,2,0,0,69,333,0,46,119,0,9,16,17,7,31,11,83,31,3,77,29,38,14,28,659
P125_Post,30,26,84,3,0,5,80,719,199,72,50,3,3,2,0,0,0,4,11,11,47,2,29,75,143,17,94,2,91,254,161,173,0,662,534,0,162,39,0,0,0,0,0,0,0,0,0,0,0,0,0,0,0,0,0,0,1,0,0,0,0,0,0,0,0,0,0,0,0,0,1,0,0,9,0,0,0,0,0,0,5,0,0,0,0,0,1,0,2,3,0,1,0,9,2,0,1,0,0,59,19,2,26,5,7,0,5,3,4,285
P127_Post,172,396,458,52,19,34,394,563,281,70,57,29,12,69,0,7,4,30,26,7,152,19,32,73,179,123,23,21,144,279,74,273,0,418,682,16,217,57,0,0,0,0,0,0,0,0,0,0,0,0,0,0,0,0,0,0,10,0,1,0,0,0,0,0,0,0,0,0,0,0,0,0,0,69,0,4,1,2,1,10,27,17,0,0,0,32,15,1,0,31,18,5,6,43,8,3,8,11,3,32,43,16,77,28,60,17,7,4,8,616
P12_Post,0,162,14,28,9,10,1,533,3,437,11,6,66,85,0,8,7,5,32,1,119,31,2,36,119,71,1,46,20,259,6,246,0,43,217,47,17,3,0,0,0,0,0,1,0,0,0,0,0,0,0,0,503,0,0,0,0,0,0,0,0,0,0,0,1,0,0,0,0,0,0,0,0,0,0,5,0,0,0,0,30,1,9,0,0,0,4,0,6,41,130,13,91,171,51,22,12,9,13,43,26,34,6,43,26,5,6,0,12,2218
P130_Post,84,74,2214,10,3,8,280,432,257,69,65,8,20,18,1,1,2,22,13,19,68,13,19,49,107,82,37,16,81,116,127,121,0,410,571,6,205,43,0,0,0,0,0,0,0,0,0,0,0,0,0,0,0,3,1,0,4,0,4,1,0,0,0,0,0,0,0,0,0,0,0,0,2,15,0,6,9,0,3,21,18,4,7,0,5,145,1,0,0,55,5,10,0,96,38,6,17,3,1,78,159,55,136,15,51,7,5,2,9,660
P131_Post,8,19,32,17,0,0,7,46,12,14,3,3,0,29,0,4,12,85,44,10,83,251,8,50,16,429,20,130,90,755,228,1353,0,201,208,128,377,108,0,0,0,0,0,0,0,0,0,0,0,0,0,0,0,0,0,0,7,0,0,0,0,0,0,0,0,0,0,0,0,0,0,0,0,0,1,0,0,1,1,4,38,22,16,0,0,5,0,0,1,14,212,4,128,10,9,10,12,0,37,45,9,120,5,2,11,17,2,11,1,1245
P137_Post,137,187,109,28,2,3,175,296,278,49,74,50,6,61,0,31,8,31,78,27,50,34,45,192,166,159,10,61,259,895,181,304,0,254,779,102,120,35,0,0,0,0,0,0,0,0,0,0,0,0,0,0,0,0,0,0,7,0,0,0,0,0,0,0,0,0,0,0,0,0,0,0,0,15,0,5,2,0,1,53,34,8,0,0,0,34,4,0,0,20,47,3,6,48,5,8,11,0,4,50,113,26,74,11,25,28,5,13,2,745
P13_Post,0,30,2,3,1,0,1,42,0,30,2,3,6,20,10,3,2,20,33,3,64,37,22,95,192,74,0,7,14,276,10,36,0,24,255,19,42,8,0,0,0,1,0,0,0,0,0,0,0,1,0,0,37,0,0,0,1,0,0,0,0,0,5,0,0,0,0,0,0,1,0,0,2,0,0,2,0,0,0,0,3,8,0,0,0,1,10,0,1,197,648,1,1159,34,0,3,163,1,3,8,25,302,47,47,63,5,18,8,5,2557
P142_Post,58,177,115,21,5,21,98,475,209,15,10,15,17,37,0,0,2,1,37,6,127,23,37,73,67,50,22,8,154,561,147,539,0,293,225,3,300,101,0,0,0,0,0,0,0,0,0,0,0,0,0,0,0,0,0,0,1,0,0,0,0,0,0,0,0,0,0,0,0,0,0,0,0,15,0,0,1,0,1,23,13,5,2,0,0,13,1,0,0,10,2,0,0,22,0,2,1,2,1,52,27,3,62,7,11,6,5,1,1,311
P146_Post,188,212,72,92,20,89,366,492,331,23,33,5,4,15,0,2,5,6,104,35,114,30,56,89,105,68,40,17,138,1162,175,288,0,372,421,17,845,139,0,0,0,0,0,0,0,0,0,0,0,0,0,0,0,0,0,0,0,0,0,0,0,0,0,0,0,0,0,0,0,0,0,0,0,12,0,1,2,0,0,5,5,1,0,0,0,1,2,0,0,14,12,0,1,28,2,3,3,17,3,18,13,11,37,7,11,9,16,3,4,364
P14_Post,4,153,546,46,27,43,26,569,65,54,16,2,33,36,5,0,0,14,125,21,241,15,19,93,331,86,4,6,50,691,72,81,0,122,522,20,65,10,0,0,2,4,0,10,0,1,0,0,9,0,0,4,226,0,9,0,1,0,0,1,0,0,0,0,0,1,0,1,0,0,0,0,0,1,0,24,0,1,0,3,2,0,0,0,0,11,22,0,1,4,2,1,1,21,2,5,7,55,1,36,14,17,21,1,14,4,5,4,4,780
P150_Post,29,46,110,0,0,0,147,267,106,23,44,3,2,9,1,0,3,22,17,5,36,2,12,82,63,67,4,20,94,125,32,87,0,365,380,9,204,11,0,0,0,0,0,0,0,0,0,0,0,0,0,0,0,1,0,0,1,0,0,0,0,0,0,0,0,0,0,0,0,0,0,0,0,15,0,0,3,0,0,2,33,5,4,0,1,29,1,0,0,13,27,10,24,111,6,15,35,52,55,43,75,75,23,38,57,29,15,6,21,417
P156_Post,16,35,123,69,0,0,17,249,15,18,2,0,4,15,2,1,2,0,2,0,138,8,0,2,9,86,13,86,22,74,9,584,0,136,259,12,2,4,0,0,0,0,0,0,0,0,0,0,0,0,0,0,0,0,0,0,3,0,0,0,0,0,0,0,0,0,0,0,0,0,0,0,0,8,0,0,17,0,0,0,0,2,0,0,0,0,0,0,0,6,21,4,1,0,0,4,4,0,58,23,2,32,0,2,17,0,8,2,4,579
P158_Post,234,46,18,37,16,19,208,386,715,5,83,11,11,14,0,3,2,18,33,5,99,4,11,62,243,70,12,8,48,366,69,267,0,284,529,15,128,45,0,0,0,0,0,0,0,0,0,0,0,0,0,0,0,0,0,0,1,0,0,0,0,0,0,0,0,0,0,0,0,0,0,0,0,7,0,0,1,0,0,7,3,3,0,0,0,17,2,0,0,1,1,0,2,26,1,6,1,21,3,13,29,2,56,4,16,4,3,17,3,311
P159_Post,0,0,0,0,0,0,0,0,0,0,0,0,0,0,0,0,1,0,0,0,1,0,7,9,0,0,0,1,8,14,4,0,0,14,6,1,12,3,0,0,0,0,0,0,0,0,0,0,0,0,0,0,0,0,0,0,0,0,0,0,0,0,0,0,0,0,0,0,0,0,0,0,0,0,0,0,6,0,0,0,1,1,0,0,0,0,1,0,0,0,0,0,0,0,0,0,0,0,0,0,0,0,0,0,0,0,0,0,0,9
P15_Post,0,8,6,2,0,2,3,174,1,59,12,3,2,7,0,0,9,40,26,59,19,18,27,322,308,77,9,14,76,180,298,44,0,240,1811,15,38,26,0,0,0,1,0,1,0,0,0,0,3,0,0,2,601,0,10,0,0,0,0,0,0,0,0,0,0,0,0,0,0,0,0,0,0,1,0,247,63,4,0,3,3,10,0,0,0,11,1,0,0,8,24,9,14,1108,126,366,2,1326,396,27,116,81,91,88,19,13,8,5,7,2704
P15_Pre,3,32,71,3,0,0,17,175,1,260,15,16,1,9,0,6,4,27,18,109,11,14,112,409,669,36,84,13,426,420,683,111,0,248,3169,20,277,161,0,0,0,0,0,0,0,0,0,0,0,0,0,0,0,0,0,0,0,0,0,0,0,0,0,0,0,0,0,0,0,0,0,0,0,7,0,7,1710,15,0,51,299,104,3,0,0,57,40,2,0,6,1,18,1,22,4,5,103,8,7,3,150,49,149,34,75,8,29,1,15,1833
P160_Post,2,4,101,0,0,0,3,24,1,0,0,2,10,11,0,0,0,1,3,2,12,3,13,28,16,8,6,0,31,129,29,7,0,80,122,4,18,15,0,0,0,0,0,0,0,0,0,0,0,0,0,0,0,0,0,0,0,0,0,0,0,0,0,0,0,0,0,0,0,0,0,0,0,1,0,0,1,0,0,1,1,1,0,0,1,1,1,0,0,3,2,3,1,10,5,3,19,100,2,1,2,4,10,2,2,1,0,0,2,73
P161_Post,0,0,0,0,0,0,0,0,0,0,0,0,0,0,0,0,0,0,0,5,1,0,9,4,2,5,4,0,6,12,32,4,0,37,16,0,46,1,0,0,0,0,0,0,0,0,0,0,0,0,0,0,0,0,0,0,0,0,0,0,0,0,0,0,0,0,0,0,0,0,0,0,0,2,1,0,6,0,0,1,0,0,0,0,0,2,0,0,0,0,0,6,2,17,0,3,8,292,10,6,9,14,21,2,6,2,1,0,1,151
P164_Post,5,34,80,9,0,0,25,174,6,5,1,3,2,54,0,1,6,5,6,20,10,1,8,33,27,99,11,61,61,92,221,76,0,282,191,13,109,31,0,0,0,0,0,0,0,0,0,0,0,0,0,0,0,0,0,0,2,0,0,0,0,0,0,0,0,0,0,0,0,0,0,0,0,0,0,2,1,0,0,6,6,1,0,0,0,18,3,0,1,14,22,24,41,97,16,44,31,15,72,61,57,33,26,6,19,38,4,14,4,544
P166_Post,246,124,58,62,22,25,224,203,408,35,180,86,25,121,2,60,4,41,37,5,222,149,70,61,133,154,8,60,76,408,31,240,0,273,376,66,102,67,0,0,0,0,0,0,0,0,0,0,0,0,0,0,0,16,1,0,2,3,1,0,1,0,0,0,0,0,0,0,0,1,0,0,0,60,0,1,2,0,0,1,18,15,5,0,1,13,8,0,0,9,63,17,9,45,6,30,23,2,15,175,12,31,5,8,44,77,26,8,10,912
P168_Post,0,0,0,0,0,0,0,0,0,0,0,0,0,0,0,0,2,2,7,2,5,22,11,10,8,44,14,49,43,24,44,37,0,25,29,1,25,41,0,0,0,0,0,0,0,0,0,0,0,0,0,0,0,1,0,0,411,0,1,0,0,0,0,0,0,0,0,0,0,0,0,0,1,1,0,0,5,0,1,1,3,1,1,0,0,6,2,0,0,4,59,21,68,64,4,8,38,7,196,14,8,70,12,6,21,21,3,7,8,390
P16_Post,11,53,855,41,11,24,35,21,293,137,213,2,7,112,0,0,3,9,21,4,86,5,22,50,161,69,46,49,123,718,62,289,0,783,2124,23,199,63,0,0,0,0,0,0,0,0,0,0,0,0,0,0,0,0,0,0,0,0,0,0,0,0,0,0,0,0,0,0,0,0,0,0,0,19,0,4,5,3,0,1,68,74,32,0,2,2,5,0,0,1,1,2,0,18,6,3,7,2,0,1,1,8,2,0,15,4,2,1,22,751
P172_Post,16,50,66,17,11,25,28,522,33,90,40,2,79,70,17,0,3,8,11,7,51,2,11,53,35,40,13,26,76,120,67,136,0,122,304,22,92,79,0,0,0,0,0,0,0,0,0,0,0,0,0,0,0,3,0,0,9,0,0,0,0,0,0,0,0,0,0,0,0,1,0,0,0,10,1,1,13,0,0,1,32,11,3,0,25,12,6,0,0,9,13,12,4,27,0,50,34,41,37,9,9,55,54,5,59,25,7,4,20,806
P174_Post,2,64,43,65,0,0,7,860,7,97,3,1,12,15,10,1,5,1,16,1,84,11,13,20,45,53,27,48,55,254,33,268,0,129,557,4,31,12,0,0,0,0,0,0,0,0,0,0,0,0,0,0,0,1,0,0,8,0,0,1,0,0,0,0,1,0,0,0,0,0,0,0,0,12,0,2,36,0,0,0,10,10,0,0,1,0,7,0,0,0,34,12,0,4,0,7,7,5,282,26,24,20,6,2,22,6,3,1,4,695
P179_Post,10,170,288,67,1,2,20,494,11,131,39,0,2,29,2,3,3,12,27,5,57,68,25,100,113,135,15,24,101,147,16,183,0,117,888,52,74,16,0,0,0,0,0,0,0,0,0,0,0,0,0,0,0,9,0,0,34,1,2,0,0,1,1,0,2,0,0,0,0,0,0,1,9,11,1,1,22,2,0,16,8,4,0,0,4,3,4,0,0,6,176,28,177,4,3,11,38,2,182,22,53,189,11,13,48,5,19,4,4,1195
P180_Post,14,49,92,11,1,0,62,358,24,44,1,0,5,51,5,2,5,12,38,5,103,58,53,36,37,234,13,54,56,926,38,616,0,701,497,21,263,34,0,0,0,0,0,0,0,0,0,0,0,0,0,0,0,3,0,0,7,0,1,0,0,0,0,0,0,0,0,0,0,0,0,2,0,17,0,0,5,0,0,0,9,8,3,0,72,2,2,0,1,6,29,16,11,41,0,7,40,4,16,127,22,110,13,5,23,2,1,8,5,590
P181_Post,2,5,15,0,0,0,27,46,10,1,0,0,4,3,0,0,0,0,0,1,0,0,1,1,1,0,3,0,2,3,8,3,0,17,16,0,14,4,0,0,0,0,0,0,0,0,0,0,0,0,0,0,0,0,0,0,0,0,0,0,0,0,0,0,0,0,0,0,0,0,0,0,0,0,0,0,1,0,0,1,0,0,0,0,0,3,0,0,0,3,0,1,1,12,3,1,2,12,9,29,0,0,6,0,4,3,0,1,0,60
P182_Post,36,73,256,52,0,0,46,149,120,51,38,1,0,3,0,0,7,34,59,34,56,142,28,177,101,271,9,98,106,203,27,2148,0,174,594,184,112,6,0,0,0,0,0,0,0,0,0,0,0,0,0,0,0,0,0,0,10,0,0,0,0,0,0,0,0,0,0,0,0,0,0,0,0,6,0,2,5,1,1,4,6,13,5,0,0,16,0,0,0,36,180,10,42,16,15,23,6,0,13,53,8,37,14,3,51,31,37,14,32,569
P184_Post,5,2,33,1,0,0,16,94,32,6,0,1,8,8,2,0,0,4,13,1,39,10,22,25,24,43,15,7,43,211,44,45,0,473,294,0,103,4,0,0,0,0,0,0,0,0,0,0,0,0,0,0,0,4,0,0,7,2,3,1,0,0,1,0,0,0,0,1,0,0,0,0,0,5,0,0,1,0,0,1,53,4,2,0,14,5,1,0,1,11,7,18,0,27,10,6,37,2,1,235,44,48,18,14,22,1,4,5,1,572
P185_Post,10,120,40,119,198,1420,9,1245,13,384,48,4,74,287,7,8,2,1,4,3,157,1,4,9,45,43,20,21,31,156,25,194,0,62,749,28,7,29,0,0,0,0,0,0,0,0,0,0,0,0,0,0,0,0,0,0,1,0,0,0,0,0,0,0,0,0,0,0,0,0,0,0,0,20,0,0,5,0,0,0,10,9,0,0,0,0,3,0,0,0,1,3,0,0,0,0,1,1,10,4,6,8,3,0,11,0,13,2,27,689
P189_Post,9,47,65,36,0,0,30,275,38,107,19,1,2,7,1,1,30,28,30,30,54,46,30,198,80,103,16,118,136,535,745,329,0,180,523,81,190,79,0,0,0,0,0,0,0,0,0,0,0,0,0,0,0,0,0,0,2,0,0,0,0,0,0,0,0,0,0,0,0,0,0,0,0,13,1,3,3,0,0,50,17,5,0,0,0,11,4,0,0,22,23,0,10,21,5,19,11,12,7,39,69,52,129,2,20,20,2,4,18,627
P18_Post,68,225,1228,18,2,1,74,876,102,820,194,45,60,1135,3,8,16,18,60,166,306,100,91,285,484,117,97,227,593,1336,2632,1727,0,2119,2594,32,267,237,0,0,0,0,0,0,0,0,0,0,0,0,0,0,0,0,0,0,20,0,0,0,0,0,0,0,0,0,0,0,0,0,0,0,0,28,1,31,416,13,1,780,82,39,65,0,19,96,295,1,0,7,2,5,0,10,1,1,53,0,0,24,414,152,177,209,49,8,18,0,20,3984
P18_Pre,98,46,749,7,3,1,160,9,510,55,661,24,431,518,0,21,12,12,26,69,133,103,30,299,469,441,2,209,369,241,1637,1177,0,747,1453,42,8,55,0,0,0,0,0,0,0,0,0,0,0,0,0,0,0,0,0,0,0,0,0,0,0,0,0,0,0,0,0,0,0,0,0,0,0,14,0,63,7,16,2,12,8,7,17,0,0,220,20,0,0,77,10,17,1,132,167,9,7,9,0,57,613,11,237,192,96,21,34,1,10,3528
P190_Post,9,29,94,5,0,0,116,423,50,16,4,4,35,32,0,0,2,26,19,6,36,5,83,163,67,42,53,34,192,477,152,140,0,520,300,8,288,49,0,0,0,0,0,0,0,0,0,0,0,0,0,0,0,0,1,0,1,0,0,0,0,0,0,0,0,0,0,0,0,0,0,0,0,17,0,1,4,0,0,67,21,2,0,0,0,27,2,0,0,39,2,0,1,59,0,5,25,2,1,125,88,31,68,5,84,22,7,0,17,378
P192_Post,17,86,253,5,0,2,103,454,49,19,17,0,18,16,0,0,1,36,3,2,35,4,18,76,63,35,21,18,128,127,51,147,0,664,308,13,223,17,0,0,0,0,0,0,0,0,0,0,0,0,0,0,0,1,0,0,1,0,0,0,0,0,0,0,0,0,0,0,0,0,0,0,0,15,0,0,5,0,0,3,7,3,1,0,0,0,0,0,1,19,24,11,19,43,9,10,40,9,12,99,4,14,1,0,31,16,6,10,1,505
P199_Post,2,17,1493,4,7,22,34,753,23,43,2,8,96,22,5,1,4,18,7,12,144,24,45,37,62,80,56,163,256,237,68,433,14,335,890,6,67,33,0,0,0,0,0,0,0,0,0,0,0,0,0,0,0,0,0,0,2,0,0,0,0,0,0,0,0,0,0,0,0,0,0,0,0,75,0,0,12,0,0,0,15,3,1,0,1,2,6,0,1,11,8,7,0,41,6,5,12,12,15,66,6,20,18,4,20,5,10,2,15,1580
P1_Post,6,68,291,97,1,0,21,437,27,719,61,0,1,43,0,1,34,40,71,209,290,166,203,662,314,555,135,235,1028,1045,1223,1563,0,606,3506,184,807,172,0,0,0,0,0,0,0,0,0,0,0,0,0,0,0,0,0,0,0,0,0,0,0,0,0,0,0,0,0,0,0,0,0,0,0,20,0,2,468,9,0,18,61,66,37,0,1,27,136,0,0,74,7,185,5,238,52,56,204,8,19,0,72,148,305,40,177,33,57,2,42,3512
P1_Pre,36,20,58,2,0,0,118,30,37,194,157,8,0,1,0,4,13,17,12,94,2,0,21,420,627,17,6,21,223,151,647,30,0,588,1991,4,7,14,0,0,0,0,0,0,0,0,0,0,0,0,0,0,0,0,0,0,0,0,0,0,0,0,0,0,0,0,0,0,0,0,0,0,0,0,0,13,106,2,0,29,3,2,0,0,1,51,71,0,0,2,0,1,0,0,3,0,4,2,1,0,438,45,148,243,85,7,11,0,35,1703
P200_Post,62,122,991,2,1,7,80,250,61,17,14,0,13,21,1,0,1,19,7,2,40,9,7,22,28,51,25,50,75,272,46,404,0,368,272,2,203,46,0,0,0,0,0,0,0,0,0,0,0,0,0,0,0,0,0,0,0,0,0,0,0,0,0,0,0,0,0,0,0,0,0,0,0,36,0,0,0,4,0,1,26,1,0,0,0,0,2,0,1,1,4,4,4,12,0,4,23,1,1,98,5,17,1,5,19,10,8,3,6,753
P201_Post,12,43,28,8,0,1,121,115,18,35,16,21,18,150,0,0,2,9,27,3,94,19,71,140,82,223,223,47,314,754,128,589,0,720,486,16,199,359,0,0,0,0,0,0,0,0,0,0,0,0,0,0,0,0,0,0,1,0,1,0,0,0,0,0,0,0,0,0,0,0,0,0,0,13,0,1,5,1,2,40,179,17,34,0,0,12,5,1,1,14,3,5,4,26,11,5,16,1,4,302,22,10,18,15,24,2,11,2,4,763
P204_Post,5,52,45,1,0,0,42,92,12,10,4,13,25,196,9,11,24,25,38,16,55,73,24,107,48,253,10,142,102,629,62,727,0,208,436,63,89,46,0,0,0,0,0,0,0,0,0,0,0,0,0,0,0,0,0,0,6,0,0,0,0,0,0,0,0,0,0,0,0,0,0,0,0,19,0,3,4,0,0,0,19,31,3,0,0,1,2,0,0,32,315,9,8,96,5,12,54,1,1,81,4,49,9,4,25,11,15,6,11,741
P205_Post,9,154,195,3,6,12,41,255,23,255,36,12,12,97,2,31,17,39,46,7,124,59,8,90,92,129,31,94,123,869,77,938,0,375,762,229,805,117,0,0,0,0,0,0,0,0,0,0,0,0,0,0,0,0,0,0,4,0,0,0,0,0,0,0,0,0,0,0,0,0,0,0,0,18,0,1,15,0,0,2,18,17,4,0,0,5,3,0,0,59,331,3,12,55,5,3,59,16,2,30,7,49,32,1,22,4,24,5,15,754
P206_Post,3,23,30,12,1,0,18,40,3,2,0,1,8,88,2,8,8,0,10,1,12,6,1,8,4,38,1,86,17,80,22,70,0,21,12,25,6,9,0,0,0,0,0,0,0,0,0,0,0,0,0,0,0,0,0,0,2,0,0,0,0,0,0,0,0,0,0,0,0,0,0,0,0,2,0,0,2,0,0,7,7,3,6,0,0,1,9,0,0,0,18,5,4,10,1,9,45,23,0,9,5,38,5,2,9,0,1,7,0,466
P207_Post,9,1,317,3,1,3,35,980,56,48,1,4,3,1,0,0,0,0,0,3,26,0,4,16,19,5,66,8,77,20,12,44,0,166,234,0,23,26,0,0,0,0,0,0,0,0,0,0,0,0,0,0,0,0,0,0,0,0,0,0,0,0,0,0,0,0,0,0,0,0,0,0,1,18,0,0,1,0,0,0,7,0,0,0,0,1,11,0,1,0,1,20,0,50,2,4,21,12,0,88,1,14,1,1,28,3,3,6,13,539
P209_Post,58,402,58,36,194,373,162,360,139,188,142,47,14,127,0,21,30,32,120,18,304,36,112,322,236,141,1,94,265,785,56,407,0,234,905,38,144,23,0,0,0,0,0,0,0,0,0,0,0,0,0,0,0,0,0,0,2,0,0,0,0,0,0,0,0,0,0,0,0,0,0,0,0,15,0,1,2,0,1,27,9,4,1,0,0,6,2,0,1,40,57,6,6,89,2,48,14,0,5,77,8,10,16,3,37,50,16,6,16,528
P20_Post,11,74,953,47,8,21,35,262,95,46,2,9,224,445,5,2,7,0,81,7,190,33,21,125,72,134,100,197,224,1725,93,1175,0,494,1424,5,128,140,0,0,0,0,0,0,0,0,0,0,0,0,0,0,0,0,0,0,5,0,0,0,0,0,0,0,0,0,0,0,0,0,0,0,0,20,0,0,10,1,0,0,51,8,31,0,0,1,3,0,0,3,0,2,1,7,0,0,14,1,0,79,25,58,10,0,7,1,1,2,1,1301
P213_Post,27,40,49,2,1,2,128,105,61,16,22,8,1,13,0,0,0,4,25,33,41,6,32,47,58,42,24,15,181,156,157,215,0,565,246,10,214,31,0,0,0,0,0,0,0,0,0,0,0,0,0,0,0,0,0,0,1,0,0,0,0,0,0,0,0,0,0,0,0,0,0,0,0,12,0,2,1,1,0,42,23,1,2,0,0,46,0,0,0,35,10,2,1,130,21,13,4,9,0,54,64,12,97,14,53,16,11,5,13,495
P218_Post,38,50,39,8,2,6,17,65,40,31,105,0,5,26,0,1,1,11,18,12,84,33,46,136,46,174,22,14,112,153,83,385,0,312,170,35,312,51,0,0,0,0,0,0,0,0,0,0,0,0,0,0,0,0,0,0,3,0,0,0,0,0,0,0,0,0,0,0,0,0,0,0,0,35,0,0,1,0,0,2,81,13,4,0,1,6,2,0,0,31,13,3,0,53,10,15,20,13,12,45,110,33,29,23,46,35,9,4,12,712
P221_Post,0,0,0,0,0,0,0,0,0,0,0,0,0,0,0,0,15,70,9,7,62,29,10,38,21,328,9,145,70,107,73,364,0,192,294,39,117,12,0,0,0,0,0,0,0,0,0,0,0,0,0,0,0,0,0,0,7,0,0,0,0,0,0,0,0,0,0,0,0,0,0,0,0,3,0,0,6,2,0,21,14,10,5,0,24,30,6,0,1,33,95,60,36,29,42,122,28,3,18,224,17,99,47,12,33,22,7,2,4,539
P223_Post,5,11,37,0,0,0,5,20,4,4,1,4,3,123,1,9,0,0,0,0,0,3,0,1,0,9,2,1,3,0,2,23,0,8,3,4,5,9,0,0,0,0,0,0,0,0,0,0,0,0,0,0,0,0,0,0,1,0,0,0,0,0,0,0,0,0,0,0,0,0,0,0,0,3,0,0,5,0,0,2,17,3,10,0,0,1,0,0,0,3,2,1,8,2,0,2,2,0,3,16,26,17,2,3,5,3,3,1,2,308
P224_Post,4,29,1085,2,1,4,59,239,31,30,3,0,23,48,0,0,5,3,14,7,48,1,6,59,201,37,10,7,34,256,41,73,1,298,937,1,38,14,0,0,0,0,0,0,0,0,0,0,0,0,0,0,0,0,0,0,1,0,0,0,0,0,0,0,0,0,0,0,0,0,0,0,0,4,0,0,1,0,0,4,7,1,0,0,0,5,0,0,0,10,4,5,2,28,1,11,3,9,12,0,11,6,4,1,18,3,2,3,2,439
P226_Post,34,145,566,27,15,19,123,384,136,54,19,60,85,738,0,36,4,12,45,0,119,16,29,23,72,203,11,62,79,852,20,476,0,252,597,30,111,56,0,0,0,0,0,0,0,0,0,0,0,0,0,0,0,1,0,0,25,0,0,0,0,0,0,0,0,0,0,0,0,0,0,0,0,11,0,0,0,0,0,1,30,5,6,0,0,2,3,0,1,90,16,17,15,30,42,8,31,0,0,117,12,37,4,16,22,6,2,0,3,486
P227_Post,4,44,225,1,2,5,81,685,9,21,4,2,15,68,4,0,0,0,8,5,38,1,20,50,35,35,7,16,68,289,96,190,0,487,220,2,93,14,0,0,0,0,0,0,0,0,0,0,0,0,0,0,0,0,0,0,0,0,0,0,0,0,0,0,0,0,0,0,0,0,0,0,0,25,0,6,13,0,0,299,47,4,15,0,14,34,9,0,1,4,0,3,1,10,0,1,11,4,19,46,128,28,15,9,12,3,4,2,1,810
P22_Post,17,107,120,49,2,5,43,258,29,59,23,4,4,50,0,5,18,19,49,11,133,160,9,58,40,360,21,220,65,458,111,1044,0,168,231,113,192,155,0,0,0,0,0,0,0,0,0,0,0,0,0,0,0,0,0,0,0,0,0,0,0,0,0,0,0,0,0,0,0,0,0,0,0,14,0,1,1,0,0,3,35,10,13,0,0,5,3,0,0,18,111,4,52,13,1,3,16,1,15,48,16,69,22,10,27,7,14,17,18,927
P233_Post,35,80,155,1,5,31,134,430,59,29,13,2,35,42,1,1,3,2,33,7,66,4,27,47,58,29,14,14,75,297,48,62,0,341,285,4,122,25,0,0,0,0,0,0,0,0,0,0,0,0,0,0,0,0,0,0,3,0,0,0,0,0,0,0,0,0,0,0,0,0,0,0,0,11,0,2,2,2,0,19,9,0,1,0,0,26,1,0,1,7,4,5,0,33,6,5,8,12,2,87,26,10,16,12,18,0,7,0,3,284
P234_Post,2,4,4,9,0,0,9,12,14,9,14,9,11,11,1,0,6,4,8,87,0,0,22,38,17,11,13,33,121,44,402,14,0,395,134,35,261,36,0,0,0,0,0,0,0,0,0,0,0,0,0,0,0,1,0,0,8,0,0,0,0,0,0,0,0,0,0,0,0,0,0,0,0,2,0,3,4,1,1,19,1,3,0,0,1,66,1,0,1,11,2,0,1,44,4,9,52,4,5,49,133,70,192,39,76,22,28,5,8,847
P235_Post,16,61,167,7,0,0,88,501,101,12,3,3,19,32,2,1,0,5,10,1,28,1,13,42,90,42,28,9,76,206,76,46,0,333,441,4,215,32,0,0,0,0,0,0,0,0,0,0,0,0,0,0,0,0,0,0,5,0,0,0,0,0,0,0,0,0,0,0,0,0,0,0,0,21,1,0,12,0,0,11,22,3,0,0,0,12,1,0,0,2,6,0,1,27,2,11,8,1,1,51,113,65,68,10,27,21,0,4,2,350
P23_Post,11,17,711,1,0,0,33,132,91,55,7,1,30,14,10,0,2,0,31,119,23,2,21,137,34,16,10,13,158,376,830,19,0,1149,567,6,148,116,0,0,0,0,0,0,0,0,0,0,0,0,0,0,0,0,0,0,5,0,0,0,0,0,0,0,0,0,0,0,0,0,0,0,0,18,0,18,32,1,0,1,18,4,0,0,493,43,28,0,0,4,0,6,0,16,8,1,30,4,3,32,23,70,127,9,21,7,7,0,11,2215
P243_Post,40,43,67,9,0,0,167,243,90,10,1,6,10,19,2,2,2,8,12,12,18,5,17,125,82,27,15,9,83,114,61,93,0,303,454,32,257,32,0,0,0,0,0,0,0,0,0,0,0,0,0,0,0,1,0,0,0,2,0,0,0,0,0,0,0,0,0,0,0,0,1,0,0,13,0,1,4,1,0,13,7,7,1,0,9,9,2,0,0,6,4,2,2,21,1,4,21,0,1,10,77,55,55,2,35,5,13,2,9,338
P247_Post,4,112,124,9,1,1,16,22,8,10,4,0,1,8,0,2,0,0,0,3,8,16,0,3,0,9,1,4,4,23,42,80,0,13,11,10,14,13,0,0,0,0,0,0,0,0,0,0,0,0,0,0,0,0,0,0,57,0,0,0,0,0,0,0,1,0,0,0,0,0,0,0,0,2,0,3,5,4,3,14,38,12,9,0,2,15,1,0,1,892,759,114,287,289,170,16,256,23,80,29,57,434,53,57,111,23,11,14,11,571
P248_Post,24,93,835,1,1,2,64,289,58,16,6,1,12,25,4,0,0,1,5,4,11,0,0,1,5,2,3,1,2,35,23,21,0,59,31,1,6,10,0,0,0,0,0,0,0,0,0,0,0,0,0,0,0,2,0,0,2,0,0,0,0,0,1,0,0,0,0,0,0,0,0,0,0,7,0,0,2,1,0,3,26,10,2,0,0,13,1,0,0,51,2,26,0,143,14,15,108,6,3,89,22,23,41,9,93,36,9,6,3,293
P249_Post,11,21,179,1,6,12,19,387,54,25,10,0,13,41,4,1,0,2,3,8,11,2,58,10,33,17,8,13,270,24,33,35,0,240,316,4,50,9,0,0,0,0,0,0,0,0,0,0,0,0,0,0,0,0,0,0,2,0,0,0,0,0,0,0,0,0,0,0,0,0,0,0,0,21,0,0,6,2,1,9,46,3,5,0,14,18,1,0,0,10,12,18,0,24,5,39,52,2,0,1050,6,27,1,0,66,42,6,4,11,1005
P24_Post,9,32,130,20,0,0,15,107,22,69,3,3,13,31,0,1,6,4,17,17,62,42,97,154,30,29,144,31,250,382,941,84,0,951,601,14,589,172,0,0,0,0,0,0,0,0,0,0,0,0,0,0,0,0,0,0,6,0,0,0,0,0,0,0,0,0,0,0,0,0,0,0,0,32,0,3,315,47,0,13,32,15,4,0,20,38,19,0,0,1,0,4,0,9,2,0,40,5,0,7,15,102,138,3,36,3,12,2,14,603
P257_Post,21,20,29,2,1,2,60,115,34,19,9,12,16,18,1,1,0,3,11,21,16,1,23,40,34,19,12,4,150,127,431,18,0,174,212,9,99,19,0,0,0,0,0,0,0,0,0,0,0,0,0,0,0,0,0,0,70,0,0,0,0,0,0,0,0,0,0,0,0,0,0,0,1,15,0,16,56,0,2,785,8,4,0,0,9,496,4,0,0,4,3,4,2,25,12,3,27,3,6,15,566,154,107,20,56,5,11,2,8,1454
P258_Post,1,4,17,1,0,0,21,35,22,34,8,6,13,3,0,0,1,1,6,21,4,1,9,47,28,10,50,14,72,133,1163,22,0,204,163,11,104,64,0,0,0,0,0,0,0,0,0,0,0,0,0,0,0,0,0,0,29,0,0,0,0,0,0,0,0,0,0,0,0,0,0,0,0,11,0,16,23,31,0,4,15,1,0,0,1,487,10,0,0,4,0,3,1,19,2,1,15,3,21,23,134,93,138,3,56,12,21,4,18,846
P259_Post,2,61,74,8,1,0,8,12,2,5,1,4,3,167,0,3,16,34,39,4,47,79,1,38,10,241,42,235,93,614,233,732,0,137,237,80,116,61,0,0,0,0,0,0,0,0,0,0,0,0,0,0,0,0,0,0,0,0,0,0,0,0,0,0,0,0,0,0,0,0,0,0,0,2,0,0,1,2,0,0,5,1,1,0,0,0,0,0,0,15,43,2,8,8,10,36,3,1,41,16,1,20,3,0,4,4,1,2,6,481
P261_Post,11,29,117,6,1,0,32,37,38,9,9,15,23,146,0,11,2,26,16,4,33,5,12,31,48,73,9,56,86,522,27,205,0,103,324,18,23,6,0,0,0,0,0,0,0,0,0,0,0,0,0,0,0,0,0,0,2,0,0,0,0,0,0,0,0,0,0,0,0,0,0,0,0,6,0,0,1,10,0,2,2,3,1,0,0,3,0,0,0,28,39,2,12,33,3,42,11,4,33,63,9,23,14,4,30,12,7,1,3,339
P264_Post,1,27,518,6,2,6,2,181,10,25,2,0,7,56,0,0,6,4,30,0,34,5,10,25,14,66,6,88,73,561,37,204,0,119,267,2,80,28,0,0,0,0,0,0,0,0,0,0,0,0,0,0,0,0,0,0,0,0,0,0,0,0,0,0,0,0,0,0,0,0,0,0,0,7,0,0,0,0,0,0,33,1,4,0,0,1,0,0,0,0,0,7,0,5,2,3,11,0,3,22,3,11,1,0,8,2,1,1,4,457
P265_Post,11,27,154,4,3,3,8,21,26,6,22,3,26,55,0,2,6,0,5,2,12,4,3,6,1,38,3,28,24,90,23,124,0,74,39,10,23,12,0,0,0,0,0,0,0,0,0,0,0,0,0,0,0,3,0,0,17,1,0,0,0,1,0,0,0,0,0,0,0,0,0,0,0,6,0,1,0,0,0,0,6,1,2,0,0,2,4,0,0,3,4,11,1,9,3,4,10,0,4,42,44,53,5,19,10,2,1,1,3,315
P266_Post,4,27,202,8,0,0,16,95,17,1,1,3,5,39,0,1,6,0,4,0,24,21,4,18,14,55,6,89,50,24,9,445,0,88,131,25,57,6,0,0,0,0,0,0,0,0,0,0,0,0,0,0,0,1,0,0,8,0,0,0,0,0,0,0,0,0,0,0,0,0,0,0,0,1,0,0,1,0,0,0,2,2,2,0,0,2,1,0,0,53,110,156,96,64,49,139,92,16,37,33,6,41,5,2,18,71,9,4,0,791
P267_Post,17,111,247,0,1,4,84,549,50,38,8,3,27,48,0,2,1,4,4,6,29,7,13,24,22,26,17,13,111,116,86,120,0,233,251,7,91,17,0,0,0,0,0,0,0,0,0,0,0,0,0,0,0,0,0,0,0,0,0,0,0,0,0,0,0,0,0,0,0,0,0,0,0,7,0,0,7,1,0,1,18,2,3,0,0,3,4,0,1,9,8,0,0,16,0,3,22,7,1,36,6,21,16,0,15,3,9,2,3,367
P268_Post,17,118,58,9,35,119,25,525,51,387,94,6,21,117,2,4,0,2,2,2,52,5,6,17,18,6,16,15,64,142,33,194,0,108,271,3,15,19,0,0,0,0,0,0,0,0,0,0,0,0,0,0,0,0,0,0,0,0,0,0,0,0,0,0,0,0,0,0,0,0,0,0,0,7,0,1,2,0,0,9,45,7,5,0,0,5,4,0,0,4,9,0,6,11,2,6,10,0,4,100,17,25,12,8,18,22,6,0,7,352
P26_Post,0,71,48,2,1,4,5,162,4,502,30,4,1,81,0,2,55,23,35,15,164,160,132,209,139,1587,55,1247,1133,365,314,2937,0,382,1360,543,549,533,0,0,0,0,0,0,0,0,0,0,0,0,0,0,0,0,0,0,0,0,0,0,0,0,0,0,1,0,0,0,0,0,0,0,0,1,0,19,844,11,0,37,40,14,33,0,0,37,392,1,0,77,75,238,16,168,28,70,342,2,29,9,185,93,59,79,455,26,86,24,32,3898
P26_Pre,0,19,159,6,0,0,3,91,3,309,11,15,3,5,1,8,17,5,12,8,19,40,104,117,182,256,27,45,672,155,53,492,0,436,1527,48,170,86,0,0,0,0,0,0,0,0,0,0,0,0,0,0,0,0,0,0,0,0,0,0,0,0,0,0,0,0,0,0,0,0,0,0,0,5,1,3,411,45,0,12,31,8,0,0,1,7,285,0,0,13,10,39,2,17,8,11,155,1,0,1,33,48,46,36,147,2,39,9,36,2138
P270_Post,3,61,142,23,1,7,29,503,33,19,1,6,15,91,0,0,1,0,12,3,70,10,10,35,34,27,4,26,130,283,47,128,0,488,400,8,84,19,0,0,0,0,0,0,0,0,0,0,0,0,0,0,0,0,0,0,0,0,0,0,0,0,0,0,0,0,0,0,0,0,0,0,0,2,0,1,0,0,0,3,7,0,1,0,0,0,1,0,0,2,3,10,0,14,3,3,19,2,0,39,14,19,18,3,9,4,2,0,0,432
P271_Post,6,182,488,25,15,36,7,60,11,110,24,22,8,598,0,136,8,34,16,13,185,177,12,74,9,144,21,259,188,359,76,769,0,70,381,89,47,37,0,0,0,0,0,0,0,0,0,0,0,0,0,0,0,0,0,0,5,0,0,0,0,0,0,0,0,0,0,0,0,0,0,0,0,2,0,0,2,4,0,0,19,1,10,0,0,0,0,0,0,19,32,8,20,1,11,10,23,0,0,19,0,46,0,4,24,1,10,9,10,879
P273_Post,7,60,149,40,0,0,67,394,63,9,1,5,6,40,0,6,4,11,13,7,45,15,50,82,26,34,9,13,275,264,89,181,0,249,277,16,206,19,0,0,0,0,0,0,0,0,0,0,0,0,0,0,0,0,0,0,4,0,0,0,0,0,0,0,0,0,0,0,0,0,0,0,0,16,0,0,2,0,0,6,14,7,4,0,0,8,1,0,2,24,15,2,3,30,2,4,10,4,0,40,37,40,45,6,25,11,20,4,4,311
P276_Post,1,10,441,4,0,0,13,295,13,24,3,2,21,276,6,4,0,0,1,0,5,0,3,1,4,3,17,20,22,50,12,20,0,49,147,4,10,34,0,0,0,0,0,0,0,0,0,0,0,0,0,0,0,0,0,0,2,0,0,0,0,0,1,0,0,0,0,0,0,0,0,0,0,1,0,0,1,1,1,2,8,2,12,0,0,2,0,0,0,2,2,18,8,9,7,5,10,3,45,17,15,26,0,0,1,0,1,0,0,295
P277_Post,11,60,453,33,3,4,39,339,26,63,19,1,25,63,0,1,4,1,8,11,98,6,52,120,46,72,59,26,373,197,182,154,0,639,531,6,259,39,0,0,0,0,0,0,0,0,0,0,0,0,0,0,0,1,0,0,5,0,0,0,0,0,0,0,0,0,0,0,0,0,0,0,0,23,1,8,41,18,0,73,23,4,1,0,0,105,6,0,0,8,2,6,0,16,4,3,64,3,1,169,35,105,136,5,67,6,13,2,30,582
P278_Post,7,9,227,18,0,0,24,12,86,4,0,0,9,31,0,1,2,18,7,2,8,7,5,65,23,35,3,20,180,119,75,89,0,440,347,19,206,3,0,0,0,0,0,0,0,0,0,0,0,0,0,0,0,0,0,0,61,0,0,0,0,0,1,0,0,0,0,0,0,0,0,0,0,3,0,1,0,1,0,3,7,11,1,0,1,1,0,0,0,86,86,42,96,129,57,82,54,22,134,17,314,848,36,112,199,16,11,16,43,1104
P279_Post,18,128,1570,13,1,0,61,208,104,53,29,22,15,27,0,5,2,3,6,9,40,7,14,54,65,85,16,31,91,34,20,250,0,219,472,9,65,12,0,0,0,0,0,0,0,0,0,0,0,0,0,0,0,0,0,0,1,0,0,0,0,0,0,0,0,0,0,0,0,0,0,0,0,24,0,0,0,0,1,0,7,6,0,0,0,6,2,0,0,3,2,27,3,11,2,39,26,15,36,6,6,31,4,2,14,12,2,0,6,540
P27_Post,5,52,14,2,0,0,1,159,1,160,13,1,9,123,1,0,22,7,39,67,43,68,253,589,206,316,31,103,785,594,1300,766,0,834,1451,27,304,144,0,0,0,0,0,0,0,0,0,0,0,0,0,0,0,0,0,0,0,0,0,0,0,0,0,0,0,0,0,0,0,0,0,0,0,2,0,5,285,10,2,42,12,18,2,0,0,15,87,2,0,42,4,275,3,93,19,13,407,1,2,0,280,400,212,132,108,5,24,3,62,1998
P27_Pre,7,84,157,7,0,0,10,55,4,96,2,8,4,47,0,17,3,3,14,29,34,100,48,57,74,59,22,113,189,279,1392,1961,0,246,615,124,166,94,0,0,0,0,0,0,0,0,0,0,0,0,0,0,0,0,0,0,0,0,0,0,0,0,0,0,0,0,0,0,0,0,0,0,0,0,2,10,556,22,0,38,16,16,7,0,1,28,250,8,0,0,0,0,0,1,0,0,11,0,0,0,26,36,17,38,7,0,11,1,9,1891
P280_Post,6,78,456,7,2,12,18,105,11,72,6,3,50,87,4,3,2,0,2,7,41,8,7,32,18,29,5,19,117,122,66,278,0,222,313,29,54,9,0,0,0,0,0,0,0,0,0,0,0,0,0,0,0,0,0,0,6,0,0,0,0,0,0,0,0,0,0,0,0,0,0,0,0,24,0,1,20,8,0,12,23,2,3,0,0,11,8,0,0,10,1,8,0,16,2,5,39,7,1,135,19,53,15,4,17,6,13,7,13,731
P281_Post,1,104,165,3,0,2,7,14,4,35,38,7,3,91,0,9,2,8,6,3,42,8,1,20,13,71,16,21,123,201,85,259,0,67,310,3,80,39,0,0,0,0,0,0,0,0,0,0,0,0,0,0,0,0,0,0,5,0,0,0,0,0,0,0,0,0,0,0,0,0,0,0,0,5,0,0,21,2,0,0,21,12,7,0,0,2,2,0,0,1,5,12,12,6,1,6,34,3,33,19,4,92,4,2,19,3,11,9,13,360
P282_Post,0,19,269,4,0,0,12,345,18,37,7,1,21,43,10,1,3,0,1,4,12,2,7,22,9,11,9,32,68,85,154,92,0,188,277,5,37,76,0,0,0,0,0,0,0,0,0,0,0,0,0,0,0,0,0,0,16,0,0,0,0,0,0,0,0,0,0,0,0,0,0,0,0,15,0,1,4,0,0,5,6,3,0,0,0,2,1,0,0,5,6,47,5,21,2,13,100,15,6,31,45,170,19,1,57,10,6,9,5,663
P285_Post,50,132,2411,164,2,2,187,1203,240,9,21,0,0,6,0,0,3,2,1,0,27,0,4,5,15,14,17,39,96,124,36,171,0,134,176,6,29,44,0,0,0,0,0,0,0,0,0,0,0,0,0,0,0,1,0,0,10,0,0,0,0,0,0,0,0,0,0,0,0,0,0,0,0,18,0,3,6,1,1,3,31,5,2,0,0,14,2,0,0,3,3,12,2,40,2,10,60,18,11,85,8,26,5,5,49,15,39,6,13,812
P286_Post,10,19,304,3,1,0,52,390,57,26,14,22,107,80,0,0,0,1,5,9,23,3,11,29,22,16,34,39,127,102,345,264,0,466,329,7,284,93,0,0,0,0,0,0,0,0,0,0,0,0,0,0,0,0,0,0,1,0,0,0,0,0,0,0,0,0,0,0,0,0,0,0,0,19,0,14,9,1,0,12,33,1,3,0,1,56,10,0,0,15,2,11,0,40,10,4,39,8,0,56,5,19,23,1,44,11,7,4,11,1003
P287_Post,0,6,259,4,0,2,2,931,2,116,0,0,9,12,17,1,14,3,13,16,25,64,67,78,23,46,12,498,99,176,268,331,3,713,1002,80,544,17,0,0,0,0,0,0,0,0,0,0,0,0,0,0,0,3,0,0,2,1,5,0,0,1,0,0,0,0,0,0,0,0,0,1,11,12,0,0,3,0,0,2,3,2,0,0,82,0,19,0,0,2,3,12,33,3,0,1,28,21,62,85,15,252,9,11,27,0,20,2,11,2135
P288_Post,4,51,515,20,0,1,20,301,34,10,1,19,57,156,0,0,5,4,27,9,47,4,23,38,42,85,5,43,243,448,44,258,0,205,527,2,52,18,0,0,0,0,0,0,0,0,0,0,0,0,0,0,0,0,0,0,0,0,0,0,0,0,0,0,0,0,0,0,0,0,0,0,0,6,0,0,0,0,0,1,18,8,7,0,0,2,8,1,0,3,4,5,1,8,0,11,7,4,2,8,4,9,3,0,13,0,2,1,2,553
P289_Post,24,35,299,31,1,0,24,98,75,7,29,0,1,56,0,1,13,14,5,0,284,302,15,17,10,235,32,145,57,56,14,3140,0,176,253,169,206,23,0,0,0,0,0,0,0,0,0,0,0,0,0,0,0,0,0,0,2,1,0,0,0,0,0,0,0,0,0,0,0,0,0,0,0,16,0,0,0,0,0,0,3,1,1,0,0,0,1,0,0,5,4,9,8,2,3,5,12,0,2,6,9,30,2,8,21,6,4,14,12,674
P290_Post,1,6,214,7,1,5,5,1428,5,21,1,2,8,5,12,0,1,1,2,7,7,0,29,36,7,16,38,5,227,64,134,21,1,92,406,0,45,35,0,0,0,0,0,0,0,0,0,0,0,0,0,0,0,0,0,0,13,0,0,0,0,0,1,0,0,0,0,0,0,0,0,0,0,174,0,0,46,0,0,0,29,7,0,0,1,0,4,0,0,0,7,7,0,16,0,62,90,3,104,23,12,64,21,1,248,34,63,30,28,1268
P291_Post,0,10,116,63,0,0,0,1069,3,80,0,0,4,4,2,0,1,1,10,1,38,4,9,14,7,38,40,36,154,426,55,405,1,156,570,0,44,11,0,0,0,0,0,0,0,0,0,0,0,0,0,0,0,0,0,0,3,0,0,0,0,0,0,0,0,0,0,0,0,0,0,0,0,18,0,0,56,0,0,1,7,7,0,0,0,0,1,0,0,1,3,3,0,0,0,7,5,1,38,109,1,13,0,0,46,0,12,2,1,1157
P292_Post,5,17,830,4,3,9,12,577,53,87,12,1,34,24,5,0,0,0,5,1,40,6,4,22,32,15,7,11,63,299,13,50,0,363,613,5,41,12,0,0,0,0,0,0,0,0,0,0,0,0,0,0,0,0,0,0,0,0,0,0,0,0,0,0,0,0,0,0,0,0,0,0,0,22,0,0,4,0,1,5,2,2,0,0,12,1,0,0,0,5,4,5,1,16,4,7,29,2,2,30,14,23,12,3,23,9,9,2,5,514
P293_Post,2,15,257,6,0,0,7,546,7,34,1,1,29,217,14,0,0,2,4,6,11,3,20,28,26,63,45,24,151,210,71,170,0,167,400,7,111,38,0,0,0,0,0,0,0,0,0,0,0,0,0,0,0,0,0,0,43,0,0,0,0,0,1,0,0,0,0,0,0,0,0,0,0,22,0,0,15,1,0,4,45,5,3,0,3,4,4,0,1,8,8,51,2,125,3,40,506,51,44,56,99,355,77,8,133,16,40,9,17,1420
P296_Post,0,0,146,0,1,2,0,91,4,28,0,1,103,18,50,2,0,3,2,14,2,1,4,4,15,12,1,13,12,24,108,6,0,179,215,6,6,6,0,0,0,0,0,0,0,0,0,0,0,0,0,0,0,0,0,0,1,0,0,0,0,0,0,0,0,0,0,0,0,0,0,0,0,6,1,0,12,0,0,3,3,2,1,0,22,5,1,0,0,3,0,17,4,8,3,0,37,5,12,20,2,45,47,12,35,4,1,5,6,477
P297_Post,2,21,360,5,0,1,10,676,10,293,7,0,2,13,5,0,0,0,2,6,13,0,3,10,11,6,0,5,38,41,76,32,0,94,205,5,5,8,0,0,0,0,0,0,0,0,0,0,0,0,0,0,0,0,0,0,49,1,0,1,0,0,1,0,0,0,0,0,0,0,0,0,0,5,0,0,7,4,0,5,9,1,1,0,33,8,3,0,0,0,1,10,3,3,0,0,61,8,9,28,347,269,24,24,25,3,7,3,2,527
P298_Post,1,11,314,1,1,4,5,52,9,67,13,8,173,99,31,1,0,7,6,4,18,1,7,5,4,35,35,14,45,537,54,184,0,231,190,31,451,74,0,0,0,0,0,0,0,0,0,0,0,0,0,0,0,0,0,0,1,0,0,0,0,0,0,0,0,0,0,0,0,0,0,0,0,12,0,1,20,3,0,6,98,1,11,0,7,5,0,2,0,15,5,9,0,33,3,7,95,10,3,54,3,23,5,0,49,12,31,8,8,531
P29_Post,32,67,72,16,0,0,185,163,89,9,8,3,6,105,0,5,2,14,47,7,68,45,61,97,47,185,55,21,334,313,177,521,0,289,219,40,225,82,0,0,0,0,0,0,0,0,0,0,0,0,0,0,0,1,0,0,9,0,1,0,0,0,0,0,0,0,0,0,0,0,0,0,0,4,0,0,6,0,0,7,18,4,1,0,0,10,0,0,0,55,51,3,8,55,18,56,15,2,11,134,53,32,24,15,23,12,12,3,4,510
P2_Post,1,4,131,3,0,0,5,45,10,23,4,2,16,115,2,0,2,1,47,4,4,32,41,106,41,11,47,54,215,1333,123,269,0,331,785,10,738,182,0,0,0,0,0,0,0,0,0,0,0,0,0,0,0,0,0,0,0,0,0,0,0,0,0,0,0,0,0,0,0,0,0,0,0,14,0,2,71,1,1,1,136,11,31,0,0,7,5,0,0,0,0,0,0,0,0,0,0,0,0,0,0,0,0,0,0,0,0,0,0,577
P303_Post,6,137,919,22,0,0,32,370,13,73,4,6,21,32,6,1,2,4,3,34,20,8,35,68,35,62,95,30,244,232,335,209,0,237,440,10,320,79,0,0,0,0,0,0,0,0,0,0,0,0,0,0,0,0,0,0,26,0,0,0,0,0,0,0,0,0,0,0,0,0,0,0,0,14,0,4,150,21,0,54,29,2,0,0,2,55,15,0,0,2,1,3,1,5,0,3,36,2,6,16,70,128,20,12,55,12,9,7,6,1100
P304_Post,2,47,965,15,0,0,24,475,20,47,0,4,98,242,25,0,0,1,18,1,64,5,15,40,20,75,74,25,121,747,31,402,0,231,597,5,53,149,0,0,0,0,0,0,0,0,0,0,0,0,0,0,0,0,0,0,1,0,0,0,0,0,0,0,0,0,0,0,0,0,0,0,0,6,0,0,13,2,0,2,59,5,16,0,0,0,8,5,0,4,0,1,0,25,0,23,27,3,8,75,7,8,4,0,32,1,10,4,1,698
P309_Post,85,97,681,28,8,14,454,229,386,58,103,40,25,420,1,39,3,47,48,18,117,14,45,99,120,129,40,91,172,394,183,229,0,582,944,36,176,15,0,0,0,0,0,0,0,0,0,0,0,0,0,0,0,0,0,0,15,0,0,0,0,0,0,0,0,0,0,0,0,0,0,0,0,44,0,4,1,6,0,0,47,5,4,0,5,25,10,0,0,23,12,20,14,40,10,13,15,17,22,49,16,32,35,55,81,43,14,10,19,974
P312_Post,16,180,731,145,2,1,91,61,31,31,15,52,14,445,2,108,10,21,52,0,63,53,15,34,27,122,27,217,200,601,56,759,0,166,337,222,152,45,0,0,0,0,0,0,0,0,0,0,0,0,0,0,0,12,1,0,10,3,1,0,0,3,1,0,1,0,0,0,0,0,0,0,0,4,0,0,0,0,0,0,8,2,0,0,0,0,2,0,0,20,28,15,67,4,2,1,27,0,1,7,7,138,5,8,14,2,9,4,2,1153
P31_Post,18,167,490,94,0,0,19,353,34,74,1,3,11,104,0,1,8,6,54,10,188,71,77,140,40,184,98,103,367,1044,93,1299,0,331,681,50,1165,411,0,0,0,0,0,0,0,0,0,0,0,0,0,0,0,0,0,0,0,0,0,0,0,0,0,0,0,0,0,0,0,0,0,0,0,19,0,1,176,8,0,40,32,10,4,0,0,15,11,0,0,0,1,0,0,4,1,1,4,3,3,6,2,17,15,2,6,0,6,0,3,639
P321_Post,3,84,801,87,3,0,39,576,17,42,2,9,77,261,4,3,3,3,37,16,50,13,44,102,22,53,61,46,183,583,164,189,0,344,470,17,330,153,0,0,0,0,0,0,0,0,0,0,0,0,0,0,0,0,0,0,35,0,0,0,0,0,0,0,0,0,0,0,0,0,0,0,0,18,0,2,95,3,0,3,48,9,3,0,0,12,9,0,2,15,3,14,8,46,2,26,155,67,64,27,48,241,159,2,178,27,68,10,55,1239
P322_Post,4,180,1042,27,5,16,16,80,6,502,5,4,3,43,0,0,1,2,17,8,132,55,26,45,24,51,49,36,285,644,56,483,0,359,517,10,210,120,0,0,0,0,0,0,0,0,0,0,0,0,0,0,0,0,0,0,1,0,0,0,0,0,0,0,0,0,0,0,0,0,0,0,0,14,0,0,45,7,0,15,88,17,32,0,0,2,2,0,0,6,2,8,1,7,1,3,41,2,6,47,5,28,59,5,37,7,25,4,24,690
P323_Post,2,57,46,11,2,1,7,61,2,20,2,0,16,197,0,8,0,5,9,3,125,34,5,35,12,144,22,67,63,407,36,635,0,63,205,92,130,90,0,0,0,0,0,0,0,0,0,0,0,0,0,0,0,0,0,0,1,0,0,0,0,0,0,0,0,0,0,0,0,0,0,0,0,2,0,0,1,0,0,3,3,0,4,0,0,2,2,0,1,2,42,35,2,17,2,54,64,0,10,64,4,59,8,3,33,110,7,2,15,477
P325_Post,1,4,146,0,0,0,2,142,0,37,0,0,0,3,16,0,0,4,3,65,5,2,21,45,8,10,9,28,25,92,799,15,0,1044,231,11,144,33,0,0,0,0,0,0,0,0,0,0,0,0,0,0,0,0,0,0,93,0,0,0,0,0,1,0,0,0,0,0,0,0,0,0,0,3,0,2,16,1,0,4,9,2,0,0,358,10,5,0,0,1,0,12,0,6,5,3,104,1,9,32,80,997,97,36,55,8,19,10,7,2016
P328_Post,1,12,87,7,1,0,13,238,11,38,7,2,20,75,0,1,2,4,10,3,62,4,10,24,25,32,8,15,126,411,67,92,0,166,484,5,46,8,0,0,0,0,0,0,0,0,0,0,0,0,0,0,0,0,0,0,0,0,0,0,0,0,0,0,0,0,0,0,0,0,0,0,0,2,0,1,17,0,0,11,4,2,2,0,0,4,1,0,1,1,2,4,1,16,1,38,6,3,32,31,6,20,14,1,7,9,4,0,0,340
P329_Post,2,11,56,3,0,0,3,16,4,9,8,1,0,6,0,0,57,46,36,11,39,88,154,938,48,111,20,84,212,89,116,241,0,141,347,157,1251,122,0,0,0,0,0,0,0,0,0,0,0,0,0,0,0,0,0,0,2,0,0,0,0,0,0,0,0,0,0,0,0,0,0,0,0,5,1,1,14,4,3,10,19,18,6,0,0,33,1,0,0,0,1,0,3,4,0,1,5,8,0,43,2,10,46,3,19,9,133,4,21,788
P32_Post,5,60,704,35,4,1,3,24,10,26,1,6,16,152,0,1,10,36,76,18,245,99,27,175,88,515,42,142,257,735,57,1101,0,138,1206,123,145,34,0,0,0,0,0,0,0,0,0,0,0,0,0,0,0,0,0,0,0,1,0,0,0,0,0,0,0,0,0,0,0,0,0,0,0,19,0,0,31,7,0,7,34,15,7,0,0,3,8,0,0,0,2,2,0,2,0,1,2,0,2,24,2,16,5,0,15,2,4,3,15,642
P334_Post,1,4,35,5,0,0,16,104,7,14,3,4,53,242,7,0,2,7,13,1,45,27,78,39,16,21,14,14,259,568,116,164,0,130,201,35,78,22,0,0,0,0,0,0,0,0,0,0,0,0,0,0,0,0,0,0,0,0,0,0,0,0,0,0,0,0,0,0,0,0,0,0,0,2,0,0,16,4,0,9,1,1,0,0,0,7,1,0,2,40,11,13,4,42,8,6,75,8,0,72,5,32,16,5,25,9,12,5,4,472
P337_Post,8,26,65,17,3,2,23,744,18,37,3,12,53,277,15,3,1,4,60,3,111,19,8,48,28,81,24,12,57,731,13,288,0,191,500,5,220,47,0,0,0,0,0,0,0,0,0,0,0,0,0,0,0,0,0,0,3,0,0,0,0,0,0,0,0,0,0,0,0,0,0,0,0,4,0,0,15,0,1,2,14,13,28,0,0,6,2,3,0,9,7,5,0,38,8,3,15,1,2,27,8,5,2,0,15,7,1,0,0,381
P339_Post,29,26,966,19,13,103,134,983,299,70,62,0,4,8,3,1,0,2,2,5,50,4,6,12,29,40,18,29,58,39,36,98,1,81,236,6,26,21,0,0,0,0,0,0,0,0,0,0,0,0,0,0,0,0,0,0,28,0,0,0,0,0,0,0,0,0,0,0,0,0,0,0,1,44,0,1,9,0,0,0,19,4,0,0,2,3,3,0,0,1,5,13,3,29,3,18,57,14,113,51,78,295,74,9,54,14,15,11,11,767
P33_Post,11,162,691,159,0,0,120,1236,164,267,23,18,10,182,0,21,21,20,179,25,157,106,41,200,157,454,30,203,270,1803,150,1151,0,211,1270,83,370,116,0,0,0,0,0,0,0,0,0,0,0,0,0,0,0,0,0,0,2,0,0,0,0,0,0,0,0,0,0,0,0,0,0,0,0,5,1,1,46,5,0,43,61,37,16,0,0,8,20,0,2,2,1,1,0,0,0,0,2,0,8,15,8,8,5,0,8,2,3,2,21,609
P340_Post,0,11,223,2,4,4,4,16,6,54,29,29,43,64,0,5,31,38,3,6,22,3,31,166,22,94,43,200,557,95,44,139,0,407,608,47,235,14,0,0,0,0,0,0,0,0,0,0,0,0,0,0,0,0,0,0,15,1,0,0,0,0,0,0,0,0,0,0,0,0,0,0,0,11,0,0,2,0,0,1,7,7,2,0,0,3,1,0,0,81,17,156,148,71,59,67,178,42,15,7,1,92,3,58,37,42,16,19,7,947
P346_Post,10,15,229,18,0,8,23,701,61,53,75,0,1,1,1,0,2,2,2,3,28,7,2,7,6,34,10,11,50,53,55,198,4,39,200,7,19,26,0,0,0,0,0,0,0,0,0,0,0,0,0,0,0,0,0,0,27,1,0,0,0,0,1,0,2,0,0,0,0,0,0,0,0,8,0,0,52,2,0,0,13,16,1,0,0,5,1,1,0,27,407,30,167,1231,4,27,171,1014,682,5,0,322,10,1,53,11,23,10,20,1911
P347_Post,51,92,1341,2,0,1,319,325,63,109,22,2,36,81,3,3,1,12,23,21,137,20,51,154,140,100,53,34,193,360,131,152,0,636,980,8,253,66,0,0,0,0,0,0,0,0,0,0,0,0,0,0,0,0,0,0,1,0,0,0,0,0,0,0,0,0,0,0,0,0,0,0,0,11,1,9,61,6,0,12,14,6,6,0,16,104,7,0,0,8,1,17,16,25,8,2,32,20,17,69,33,94,51,12,12,14,6,5,12,724
P349_Post,51,386,1184,185,0,2,189,1399,68,53,4,10,36,207,0,2,0,8,14,3,177,13,69,44,43,98,53,16,355,429,32,300,0,306,500,2,81,188,0,0,0,0,0,0,0,0,0,0,0,0,0,0,0,0,0,0,7,0,0,0,0,0,0,0,0,0,0,0,0,0,0,0,0,24,1,2,12,4,0,5,152,16,28,0,0,7,10,2,0,2,0,3,0,3,0,1,15,0,1,112,1,15,1,1,5,2,1,3,2,623
P34_Post,7,64,22,9,1,5,16,98,15,31,8,0,1,40,0,1,14,6,80,8,126,428,51,110,31,171,26,95,132,321,122,583,0,163,156,60,221,129,0,0,0,0,0,0,0,0,0,0,0,0,0,0,0,2,0,0,2,0,1,0,0,0,0,0,0,0,0,0,0,0,0,0,0,5,0,3,5,1,0,64,5,5,2,0,0,26,0,0,0,25,62,1,38,19,0,5,16,1,1,37,8,38,30,6,11,9,12,5,8,486
P355_Post,5,231,292,0,0,1,50,51,2,4,0,4,24,434,3,13,0,1,1,1,10,18,2,3,0,17,16,5,5,22,4,76,0,13,12,7,28,5,0,0,0,0,0,0,0,0,0,0,0,0,0,0,0,0,0,0,10,0,0,0,0,0,3,0,0,0,0,0,0,0,0,0,0,6,0,0,0,0,0,0,5,1,4,0,0,0,1,0,0,16,9,24,31,8,1,5,64,1,93,8,2,53,2,7,13,5,2,9,1,363
P35_Post,14,136,645,81,0,1,18,502,28,58,0,11,15,205,0,7,3,4,85,10,57,24,34,65,59,157,52,189,152,1056,41,426,0,220,499,35,112,58,0,0,0,0,0,0,0,0,0,0,0,0,0,0,0,0,0,0,0,0,0,0,0,0,0,0,0,0,0,0,0,0,0,0,0,12,0,0,31,2,0,0,37,8,22,0,0,1,22,1,0,0,0,0,0,0,0,0,0,0,0,0,0,0,0,0,0,0,0,0,0,546
P365_Post,48,39,659,58,36,121,84,268,468,375,341,3,4,6,0,5,11,24,37,73,62,25,17,149,259,79,20,34,110,445,420,145,1,297,946,16,162,184,0,0,0,0,0,0,0,0,0,0,0,0,0,0,0,3,0,0,10,27,2,0,3,2,2,7,2,0,0,1,0,0,0,3,18,16,0,20,4,4,1,13,57,1,1,0,7,150,8,0,0,11,4,7,0,13,3,2,19,5,0,16,67,22,86,39,54,13,16,40,35,959
P367_Post,7,15,12,0,0,1,3,33,7,7,20,5,36,14,0,0,0,7,3,11,7,3,27,84,41,77,110,6,112,145,546,89,0,390,266,6,126,48,0,0,0,0,0,0,0,0,0,0,0,0,0,0,0,0,0,0,12,0,0,0,0,0,0,0,0,0,0,0,0,0,0,0,0,7,1,9,25,10,0,9,19,3,1,0,0,172,3,0,1,50,7,14,2,265,37,16,120,71,2,102,56,98,268,1,100,43,17,8,18,1483
P368_Post,0,8,111,156,0,1,0,1709,8,191,6,0,3,2,0,1,0,5,16,3,112,2,16,20,60,122,42,22,138,732,18,443,0,171,1087,3,13,17,0,0,0,0,0,0,0,0,0,0,0,0,0,0,0,0,0,0,1,0,0,0,0,0,0,0,0,0,0,0,0,0,0,0,0,19,0,0,43,0,0,0,8,5,0,0,0,0,1,0,0,0,0,2,0,5,0,8,6,10,48,27,0,22,1,1,34,0,7,2,11,1346
P36_Post,6,13,172,12,0,0,17,64,16,12,0,0,0,18,0,1,9,66,102,29,148,86,89,266,118,469,23,48,223,1003,679,401,0,252,684,65,290,109,0,0,0,0,0,0,0,0,0,0,0,0,0,0,0,0,0,0,1,0,0,0,0,0,0,0,0,0,0,0,0,0,0,0,0,10,0,0,31,0,0,161,4,5,0,0,0,22,5,0,0,0,0,4,0,5,0,4,1,0,10,1,12,19,17,2,19,1,4,1,15,404
P371_Post,0,0,0,0,0,0,0,0,0,0,0,0,0,0,0,0,0,0,0,0,0,1,0,0,0,48,6,13,6,1,3,96,0,3,2,4,36,20,0,0,0,0,0,0,0,0,0,0,0,0,0,0,0,0,0,0,0,0,0,0,0,0,0,0,0,0,0,0,0,0,0,0,0,0,0,0,0,0,0,0,1,3,0,0,0,0,0,0,0,0,0,0,0,0,0,0,0,0,0,0,0,0,0,0,0,0,0,0,0,65
P372_Post,24,459,1911,9,0,3,121,953,36,133,6,1,23,89,1,2,3,14,24,5,333,35,13,66,80,172,39,14,73,1067,45,327,0,270,858,16,394,153,0,0,0,0,0,0,0,0,0,0,0,0,0,0,0,0,0,0,0,0,0,0,0,0,0,0,0,0,0,0,0,0,0,0,0,51,0,0,25,16,0,16,52,5,17,0,0,4,8,2,0,4,4,2,0,3,1,0,17,0,2,9,3,13,14,0,22,8,15,3,4,454
P377_Post,12,86,261,54,44,37,18,230,27,147,20,3,7,68,0,3,5,9,17,12,212,37,42,87,72,75,35,41,334,741,109,551,0,572,557,57,411,160,0,0,0,0,0,0,0,0,0,0,0,0,0,0,0,0,0,0,6,0,0,0,0,0,0,0,0,0,0,0,0,0,0,0,0,29,1,1,60,7,0,50,70,21,11,0,0,37,4,0,0,8,1,9,1,19,1,1,34,1,2,34,15,60,47,2,51,4,19,6,60,834
P380_Post,91,228,1105,24,6,2,198,1617,115,80,39,0,10,99,1,2,28,4,5,1,169,7,45,74,43,64,28,77,168,139,39,122,0,237,678,3,128,51,0,0,0,0,0,0,0,0,0,0,0,0,0,0,0,3,0,0,0,0,0,0,0,0,1,0,0,0,0,0,0,0,0,0,0,87,0,1,5,2,1,7,19,6,3,0,1,1,3,0,0,1,8,3,0,7,0,1,34,1,3,47,4,12,4,2,14,3,2,0,7,472
P382_Post,7,176,570,46,1,3,47,142,17,26,8,3,14,86,0,5,13,8,35,4,105,30,84,271,58,122,66,47,334,749,94,611,0,380,944,45,216,94,0,0,0,0,0,0,0,0,0,0,0,0,0,0,0,0,0,0,1,0,0,0,0,0,0,0,0,0,0,0,0,0,0,0,0,11,0,0,10,6,0,12,29,14,7,0,0,4,0,0,0,1,4,1,1,7,2,5,7,0,0,7,14,27,21,4,23,29,8,1,10,323
P387_Post,0,18,48,2,0,0,3,53,0,12,0,1,1,19,1,7,0,2,5,0,4,20,3,10,8,14,1,27,32,139,9,141,0,95,129,20,94,22,0,0,0,0,0,0,0,0,0,0,0,0,0,0,0,0,0,0,0,0,0,0,0,0,2,0,0,0,0,0,0,0,0,0,1,2,0,0,3,1,0,0,9,6,3,0,1,0,0,1,0,11,19,3,6,13,1,2,28,0,3,2,6,31,10,2,6,2,7,1,0,217
P389_Post,6,25,718,3,0,0,15,33,23,24,4,2,2,10,0,0,1,59,152,60,101,134,60,320,71,187,29,56,285,1463,174,670,0,369,1003,21,550,218,0,0,0,0,0,0,0,0,0,0,0,0,0,0,0,0,0,0,0,0,0,0,0,0,0,0,0,0,0,0,0,0,0,0,0,11,0,0,4,8,0,1,61,0,5,0,0,1,1,2,0,7,3,9,1,8,3,14,15,2,13,21,7,32,0,4,16,1,6,0,5,591
P390_Post,7,75,344,4,0,8,30,158,18,224,20,4,9,11,0,2,2,20,8,12,133,26,25,65,39,132,38,16,199,153,46,337,0,115,422,8,103,42,0,0,0,0,0,0,0,0,0,0,0,0,0,0,0,1,0,0,14,0,0,0,0,0,0,0,0,0,0,0,0,0,0,0,0,10,0,0,27,5,0,1,33,5,2,0,1,5,10,0,2,4,5,55,1,24,11,20,120,4,20,107,23,124,75,5,38,44,41,5,10,845
P391_Post,7,25,114,21,1,0,43,2,41,5,10,3,2,78,0,15,4,43,36,3,151,91,16,26,48,361,19,63,84,202,36,1318,0,85,301,166,109,37,0,0,0,0,0,0,0,0,0,0,0,0,0,0,0,15,0,0,5,1,0,0,0,0,0,0,0,0,0,0,0,0,0,0,0,4,0,0,1,2,0,0,33,29,4,0,0,5,4,0,0,12,69,5,69,6,9,12,4,0,21,57,17,63,2,8,7,6,3,4,0,423
P394_Post,32,245,2943,15,0,0,78,487,139,81,52,4,3,33,0,1,1,23,40,4,145,19,61,90,162,99,27,10,277,766,50,152,0,276,833,7,48,53,0,0,0,0,0,0,0,0,0,0,0,0,0,0,0,0,0,0,0,0,0,0,0,0,0,0,0,0,0,0,0,0,0,0,0,14,0,0,1,3,0,12,10,2,0,0,0,1,2,0,0,7,2,1,1,26,3,8,12,1,11,39,1,8,2,0,15,5,0,0,1,453
P395_Post,9,88,381,11,116,328,11,32,11,229,87,0,0,46,0,3,7,20,18,0,190,19,0,15,35,174,4,64,73,232,8,513,0,23,214,55,104,8,0,0,0,0,0,0,0,0,0,0,0,0,0,0,0,0,0,0,2,0,0,0,0,0,0,0,0,0,0,0,0,0,0,0,0,13,0,0,3,1,0,2,24,63,13,0,0,1,1,0,1,13,35,7,1,42,3,22,62,1,27,22,1,22,0,0,58,37,7,11,20,338
P399_Post,18,229,2466,4,0,0,37,193,55,37,1,4,10,28,0,1,3,11,58,17,98,24,24,81,56,122,54,21,118,783,50,220,0,306,602,20,678,194,0,0,0,0,0,0,0,0,0,0,0,0,0,0,0,0,0,0,0,0,0,0,0,0,0,0,0,0,0,1,0,0,0,0,0,23,1,0,4,1,0,0,24,9,4,0,0,4,2,0,0,8,3,7,3,7,0,8,16,2,5,17,6,23,8,1,17,8,12,2,7,322
P39_Post,1,8,54,1,0,2,3,16,6,24,5,0,0,6,0,0,0,3,0,2,3,3,7,14,3,13,5,2,75,39,14,71,0,75,83,27,67,5,0,0,0,0,0,0,0,0,0,0,0,0,0,0,0,0,0,0,2,0,0,0,0,0,0,0,0,0,0,0,0,0,0,0,0,2,0,0,1,0,0,0,9,1,0,0,0,0,0,0,0,41,35,40,85,157,54,58,23,68,45,12,4,9,15,6,14,24,9,0,6,420
P3_Post,12,91,988,9,0,0,64,578,86,67,4,31,116,75,4,1,6,33,35,20,55,8,73,345,112,69,48,38,676,423,268,351,0,267,1339,24,366,73,0,0,0,0,0,0,0,0,0,0,0,0,0,0,0,0,0,0,2,0,0,0,0,0,0,0,0,0,0,0,0,0,0,0,0,30,0,3,85,0,0,0,16,22,6,0,0,16,13,0,0,0,0,0,0,5,0,0,11,0,1,1,20,36,39,1,43,7,13,1,18,646
P402_Post,0,0,0,0,0,0,0,0,0,0,0,0,0,0,0,0,0,0,1,3,0,5,12,14,2,22,4,8,29,32,85,41,0,13,18,15,45,18,0,0,0,0,0,0,0,0,0,0,0,0,0,0,0,3,0,0,11,0,0,0,0,0,0,0,0,0,0,0,0,0,0,0,1,0,0,0,2,5,0,6,7,0,0,0,0,0,2,0,0,0,1,42,2,8,19,101,11,6,106,2,25,54,7,6,18,3,2,1,16,353
P403_Post,6,177,468,43,3,13,19,94,14,126,12,3,3,67,0,10,4,17,19,3,67,12,2,33,28,114,6,55,72,266,40,342,0,57,319,64,100,23,0,0,0,0,0,0,0,0,0,0,0,0,0,0,0,0,0,0,4,0,0,0,0,0,0,0,0,0,0,0,0,0,0,0,0,2,0,0,8,3,0,2,69,7,1,0,0,1,1,0,1,4,6,17,6,1,3,28,28,1,3,146,3,23,7,1,10,6,5,0,9,524
P404_Post,2,67,149,66,1,4,2,19,2,28,4,0,0,11,0,16,254,42,21,2,110,68,10,68,13,315,7,976,134,181,42,395,0,62,569,109,102,12,0,0,0,0,0,0,0,0,0,0,0,0,0,0,0,0,0,0,19,0,1,0,0,0,0,0,0,0,0,0,0,0,0,0,0,5,0,0,3,0,0,0,6,4,3,0,0,0,0,0,1,36,167,76,142,15,27,254,132,3,43,39,0,85,6,5,46,70,14,27,35,1005
P405_Post,3,19,99,0,0,0,9,23,3,8,6,0,5,20,0,0,1,4,3,4,13,6,42,45,18,21,21,38,107,260,51,77,0,445,206,8,194,8,0,0,0,0,0,0,0,0,0,0,0,0,0,0,0,2,3,0,7,0,0,0,0,0,0,0,0,0,0,0,0,3,0,0,0,6,0,1,1,0,0,0,7,0,1,0,0,0,0,0,2,5,13,32,9,31,1,22,160,3,30,135,119,331,10,28,34,13,3,1,4,1269
P407_Post,0,0,0,0,0,0,0,0,0,0,0,0,0,0,0,0,10,11,7,2,9,14,36,86,14,60,9,33,165,142,104,113,3,143,184,7,352,25,0,0,0,0,0,0,0,0,0,0,0,0,0,0,0,0,0,0,0,0,0,0,0,0,0,0,0,0,0,0,0,0,0,0,0,1,0,1,13,13,0,5,24,10,2,0,0,18,2,0,0,5,2,5,0,7,0,8,11,0,6,0,11,13,10,7,13,3,2,0,9,304
P412_Post,0,14,57,2,0,7,1,37,3,66,1,1,15,8,0,0,1,0,16,45,3,3,45,89,15,9,16,13,239,239,2443,26,0,202,158,22,121,333,0,0,0,0,0,0,0,0,0,0,0,0,0,0,0,0,0,0,41,0,0,0,0,0,0,0,0,0,0,0,0,0,0,0,0,6,0,2,398,8,0,114,82,1,2,0,1,33,21,0,4,10,1,47,2,44,18,1,170,40,19,54,39,317,499,12,68,11,6,2,27,1484
P414_Post,3,40,47,17,0,2,15,149,13,37,3,3,1,199,0,2,5,3,3,1,19,13,4,16,10,75,11,66,87,176,24,339,0,77,135,13,151,157,0,0,0,0,0,0,0,0,0,0,0,0,0,0,0,0,0,0,2,0,0,0,0,0,0,0,0,0,0,0,0,0,0,0,0,5,0,0,3,0,0,0,13,2,7,0,0,1,1,2,0,6,13,8,5,9,0,10,24,0,5,28,3,13,1,0,13,5,6,1,10,290
P416_Post,4,49,39,11,0,0,7,62,2,9,4,0,0,21,0,3,5,2,8,0,30,5,2,6,0,110,1,233,32,99,28,356,0,27,69,67,25,2,0,0,0,0,0,0,0,0,0,0,0,0,0,0,0,0,0,0,2,0,0,0,0,0,0,0,0,0,0,0,0,0,0,0,0,1,0,0,0,0,0,0,3,5,6,0,0,0,0,0,0,0,15,2,54,1,1,0,3,0,22,19,4,38,2,0,2,1,5,3,2,251
P417_Post,7,33,183,10,2,3,31,240,7,25,1,3,23,57,0,0,2,6,7,13,11,2,18,47,24,40,7,29,117,154,115,92,0,227,197,11,65,12,0,0,0,0,0,0,0,0,0,0,0,0,0,0,0,0,0,1,20,0,0,0,0,0,0,0,0,0,0,0,0,0,0,0,0,3,0,0,51,4,0,34,8,0,0,0,1,12,13,0,0,9,1,15,8,30,1,10,103,5,40,230,79,260,57,13,61,11,10,4,28,1045
P418_Post,16,165,95,21,7,15,30,160,15,88,38,5,14,199,0,7,11,32,55,22,125,83,111,221,77,126,37,136,283,1043,64,517,0,193,519,50,405,330,0,0,0,0,0,0,0,0,0,0,0,0,0,0,0,0,0,0,3,0,0,0,0,0,0,0,0,0,0,0,0,0,0,0,0,19,0,0,9,5,0,2,20,11,5,0,0,4,6,1,0,19,8,5,0,18,1,6,89,1,0,106,3,31,15,1,72,23,14,4,15,942
P420_Post,12,4,119,1,15,40,21,30,99,60,103,2,25,11,4,1,0,6,2,8,25,1,10,11,95,24,174,20,43,118,97,36,0,758,416,2,58,32,0,0,0,0,0,0,0,0,0,0,0,0,0,0,0,0,1,0,7,1,0,0,0,0,0,0,0,0,0,0,0,0,0,0,2,2,0,0,0,0,0,0,11,2,0,0,0,19,1,0,0,6,0,7,0,64,16,3,5,1,1,30,62,0,3,9,14,2,5,4,1,398
P423_Post,15,86,784,9,4,3,25,336,37,116,6,8,42,94,0,0,11,17,33,12,95,29,45,106,73,134,29,39,149,768,64,348,0,216,518,33,682,69,0,0,0,0,0,0,0,0,0,0,0,0,0,0,0,0,0,0,1,0,0,0,0,0,0,0,0,0,0,0,0,0,0,0,0,40,0,1,51,16,2,6,59,21,10,0,1,26,5,1,0,15,5,6,1,16,2,7,43,0,2,68,17,71,33,2,37,12,8,6,14,528
P427_Post,11,49,318,7,0,0,28,182,35,41,2,1,1,23,0,8,5,34,198,23,118,22,66,256,72,200,18,82,150,1284,95,251,0,148,768,14,234,44,0,0,0,0,0,0,0,0,0,0,0,0,0,0,0,0,0,0,8,0,0,0,0,0,0,0,0,0,0,0,0,0,0,0,0,6,0,0,18,4,0,2,30,9,14,0,1,7,2,1,0,1,1,3,3,4,0,9,13,2,34,52,15,53,8,3,17,4,15,1,11,377
P428_Post,3,17,60,2,1,0,7,18,2,19,1,1,0,30,0,1,22,59,41,27,122,246,21,104,32,342,22,134,97,461,132,609,0,123,356,79,276,64,0,0,0,0,0,0,0,0,0,0,0,0,0,0,0,0,0,0,0,0,0,0,0,0,0,0,0,0,0,0,0,0,0,0,0,2,2,0,41,3,0,3,33,14,16,0,1,3,2,0,0,6,16,6,0,4,1,0,11,0,5,28,7,38,14,0,13,5,3,6,8,564
P432_Post,4,40,137,2,5,11,21,9,24,69,63,2,8,41,0,9,1,19,6,6,110,33,1,6,8,180,2,13,13,54,21,435,0,39,103,28,27,5,0,0,0,0,0,0,0,0,0,0,0,0,0,0,0,0,0,0,0,0,0,0,0,0,0,0,0,0,0,0,0,0,0,0,0,2,0,0,4,1,0,0,3,0,2,0,0,2,0,0,0,0,0,0,0,0,0,0,0,0,0,0,0,0,0,0,0,0,0,0,0,62
P433_Post,9,12,2,10,0,0,17,1,8,0,0,12,6,125,0,37,1,7,0,1,4,8,1,7,1,86,4,19,11,24,0,229,0,36,8,67,63,10,0,0,0,0,0,0,0,0,0,0,0,0,0,0,0,1,0,0,8,0,0,0,0,0,1,0,0,0,0,0,0,0,0,0,0,0,0,0,0,0,0,0,13,7,25,0,0,1,7,0,0,3,18,11,58,10,9,19,0,0,29,100,4,28,1,5,0,5,5,0,1,394
P435_Post,1,1,26,1,2,2,0,0,0,1,1,1,0,89,0,8,3,7,2,1,6,31,6,6,4,123,20,229,79,39,69,950,0,54,54,114,271,117,0,0,0,0,0,0,0,0,0,0,0,0,0,0,0,1,0,0,6,0,0,0,0,0,0,0,0,0,0,0,0,0,0,0,0,1,0,0,1,2,0,3,25,0,10,0,0,11,1,0,0,2,6,13,29,1,4,5,4,0,16,90,5,19,0,0,1,1,1,0,4,551
P43_Post,63,182,90,23,8,26,94,448,94,79,26,18,11,59,0,2,5,24,15,12,96,12,16,150,183,94,7,26,135,355,76,662,0,215,687,26,210,17,0,0,0,0,0,0,0,0,0,0,0,0,0,0,0,0,0,0,2,0,0,0,0,0,0,0,0,0,0,0,0,0,0,0,0,34,0,0,8,0,1,36,30,17,5,0,0,22,5,0,0,84,31,2,4,66,9,10,10,6,2,59,26,10,48,11,56,23,13,4,17,481
P445_Post,14,228,543,85,8,9,62,1059,74,295,35,7,33,163,2,2,10,4,17,6,128,12,73,84,99,97,66,35,398,329,297,576,0,598,744,18,222,88,0,0,0,0,0,0,0,0,0,0,0,0,0,0,0,1,0,0,2,0,0,0,0,0,0,0,0,0,0,0,0,0,0,0,0,32,0,2,20,1,0,65,31,10,5,0,1,18,33,0,0,32,4,8,0,69,2,12,87,4,12,114,15,54,41,11,86,21,30,6,26,1004
P44_Post,46,476,794,81,21,40,120,541,234,126,45,68,143,607,0,7,4,4,37,9,125,45,22,36,76,63,84,219,69,381,68,573,0,435,292,35,145,182,0,0,0,0,0,0,0,0,0,0,0,0,0,0,0,2,0,0,4,0,0,0,0,0,0,0,0,0,0,0,0,0,0,0,0,4,0,1,1,0,0,0,2,0,1,0,0,0,0,0,0,57,52,2,9,68,4,4,3,11,0,28,13,13,37,0,12,7,8,0,4,728
P453_Post,3,73,109,24,3,4,22,203,16,36,4,8,22,366,2,28,6,26,89,4,158,32,116,225,54,227,21,42,462,1039,50,390,0,480,868,41,218,63,0,0,0,0,0,0,0,0,0,0,0,0,0,0,0,0,0,0,5,0,0,0,0,0,0,0,0,0,0,0,0,0,0,0,0,14,1,1,9,4,1,3,70,36,21,0,0,0,1,1,1,8,23,5,2,34,3,10,13,2,31,42,12,41,5,2,41,7,25,4,35,594
P454_Post,11,25,221,3,5,18,12,58,20,235,33,3,9,81,2,2,4,66,8,1,232,27,6,24,51,424,34,65,80,234,34,696,0,99,384,25,171,21,0,0,0,0,0,0,0,0,0,0,0,0,0,0,0,1,0,0,1,0,0,0,0,0,0,0,0,0,0,0,0,0,0,0,0,5,0,0,0,0,0,0,3,2,0,0,0,1,0,0,1,7,4,2,1,16,4,6,11,1,11,77,23,15,1,2,14,2,0,2,5,276
P457_Post,16,82,193,34,0,0,23,316,27,95,15,5,17,42,1,4,14,5,15,12,72,6,64,155,88,141,32,57,216,271,325,275,0,213,652,15,112,23,0,0,0,0,0,0,0,0,0,0,0,0,0,0,0,3,0,0,1,0,0,0,0,0,0,0,0,0,0,0,0,0,0,0,0,55,1,4,61,2,0,28,25,11,3,0,1,33,27,0,0,2,0,4,0,8,4,3,32,4,1,77,24,47,70,9,82,17,11,9,41,653
P459_Post,3,11,24,9,2,5,5,66,3,23,6,2,4,20,0,3,3,2,11,26,19,12,27,88,36,105,7,28,147,81,84,124,0,72,243,36,126,19,0,0,0,0,0,0,0,0,0,0,0,0,0,0,0,26,3,0,15,1,0,0,0,0,1,2,0,0,2,0,0,0,0,0,0,5,0,3,34,1,0,17,13,9,0,0,1,8,9,0,0,11,8,21,12,25,2,13,127,15,21,68,44,168,36,40,53,36,23,5,13,2958
P45_Post,21,268,871,17,3,10,64,134,65,39,12,54,26,575,1,14,23,44,96,17,159,141,29,129,81,324,92,321,206,1650,179,938,0,636,986,109,265,169,0,0,0,0,0,0,0,0,0,0,0,0,0,0,0,0,0,0,1,0,0,0,0,0,0,0,0,0,0,0,0,0,0,0,0,15,0,0,21,6,0,30,60,9,10,0,0,8,14,0,0,3,7,1,0,11,0,4,2,3,0,7,17,10,18,0,18,12,14,2,7,857
P462_Post,11,43,134,25,1,4,18,65,6,6,0,5,13,872,1,22,1,9,7,3,105,73,17,22,13,225,31,109,93,669,46,694,0,108,245,59,80,109,0,0,0,0,0,0,0,0,0,0,0,0,0,0,0,1,0,0,3,0,0,0,0,0,0,0,0,0,0,0,0,0,0,0,1,5,1,0,7,2,0,3,46,14,25,0,0,0,0,2,0,11,19,6,3,13,3,5,50,0,1,88,2,33,6,1,24,10,21,6,13,495
P463_Post,60,189,2996,14,7,14,172,342,168,251,186,0,8,27,0,1,0,0,3,0,53,2,2,26,65,22,22,2,128,70,15,53,0,152,634,0,22,16,0,0,0,0,0,0,0,0,0,0,0,0,0,0,0,0,0,0,0,0,0,0,0,0,0,0,0,0,0,0,0,0,0,0,1,88,0,0,1,2,1,2,33,7,7,0,0,1,4,0,0,3,0,0,0,13,0,3,4,3,0,56,4,2,0,1,7,6,10,0,3,575
P464_Post,21,46,380,9,3,10,89,135,97,8,25,11,35,87,0,1,0,9,17,8,61,25,9,27,22,96,60,31,52,217,60,440,0,215,312,18,412,52,0,0,0,0,0,0,0,0,0,0,0,0,0,0,0,3,0,0,2,0,0,0,0,0,0,0,0,0,0,0,0,0,0,0,0,11,0,0,2,2,3,0,62,3,12,0,0,10,4,1,2,7,7,6,10,16,2,5,8,6,23,215,1,12,0,2,33,22,7,10,18,541
P467_Post,0,0,0,0,0,0,0,0,0,0,0,0,0,0,0,0,0,29,0,0,37,6,0,2,2,64,3,4,2,11,3,157,0,23,87,7,21,0,0,0,0,0,0,0,0,0,0,0,0,0,0,0,0,0,0,0,0,0,0,0,0,0,0,0,0,0,0,0,0,0,0,0,0,0,0,0,0,0,0,0,5,3,0,0,0,2,0,0,0,5,12,4,0,13,0,19,5,1,4,0,1,3,0,0,11,37,1,2,1,119
P469_Post,28,136,463,55,7,24,111,665,110,211,31,13,26,102,2,11,3,13,63,25,89,24,70,182,99,117,72,24,246,1063,81,254,0,309,891,16,733,176,0,0,0,0,0,0,0,0,0,0,0,0,0,0,0,2,0,0,1,0,0,0,0,0,0,0,0,0,0,0,0,0,0,0,0,71,0,2,88,6,0,10,82,24,21,0,0,28,2,5,0,13,2,3,0,43,3,12,21,7,22,139,22,38,19,4,64,13,37,5,38,723
P46_Post,28,106,304,19,10,13,141,535,115,32,6,15,50,182,0,1,4,0,88,6,169,21,57,137,178,112,70,71,257,996,71,631,0,681,1021,11,260,113,0,0,0,0,0,0,0,0,0,0,0,0,0,0,0,1,1,0,0,0,0,0,0,0,0,0,0,0,0,0,0,0,0,0,0,12,0,0,5,0,1,13,19,0,3,0,0,10,10,0,1,8,2,0,0,11,0,9,3,1,10,27,23,5,20,3,19,4,3,6,3,497
P470_Post,19,31,300,35,0,0,71,185,64,9,6,17,142,140,10,2,1,5,4,14,19,6,28,62,24,49,136,16,185,299,163,632,0,486,273,39,835,122,0,0,0,0,0,0,0,0,0,0,0,0,0,0,0,1,0,0,4,0,0,0,0,0,0,0,0,0,0,0,0,0,0,0,0,35,0,1,20,9,0,15,16,3,1,0,0,19,1,1,1,24,2,10,0,30,4,7,32,7,10,316,9,44,22,2,43,4,5,4,4,701
P471_Post,8,27,344,45,0,0,58,536,24,25,0,2,12,70,4,0,1,1,7,28,40,2,19,51,33,40,14,27,156,365,336,113,0,285,288,4,76,53,0,0,0,0,0,0,0,0,0,0,0,0,0,0,0,14,0,0,12,0,1,0,4,0,0,0,0,0,1,0,0,0,0,0,7,17,0,2,73,0,0,125,19,3,1,0,0,37,5,0,6,3,1,5,1,3,0,2,35,3,2,201,159,153,125,30,20,1,2,1,12,1564
P472_Post,14,113,208,7,1,16,35,256,21,111,19,0,0,8,0,1,1,7,18,4,46,49,54,87,18,208,29,46,375,269,55,837,0,163,337,23,368,85,0,0,0,0,0,0,0,0,0,0,0,0,0,0,0,0,1,0,2,0,0,0,0,0,0,0,0,0,0,0,0,0,0,0,0,13,0,0,10,3,0,1,21,12,11,0,0,1,1,0,0,38,54,71,3,23,4,67,88,0,0,19,3,18,5,2,27,43,16,1,17,432
P473_Post,9,185,790,200,24,75,54,724,71,919,58,2,7,37,0,5,3,8,12,18,92,17,14,119,108,65,45,40,151,297,57,521,1,280,1043,19,310,143,0,0,0,0,0,0,0,0,0,0,0,0,0,0,0,1,0,0,0,0,0,0,0,0,0,0,0,0,0,0,0,0,0,0,0,30,0,0,14,2,0,3,7,10,5,0,0,2,0,0,0,17,8,4,1,7,1,3,74,0,6,49,14,43,14,2,40,4,39,2,11,664
P477_Post,8,16,210,9,4,15,17,89,71,35,128,0,0,5,0,1,1,1,1,3,5,3,8,39,48,24,12,12,117,21,82,100,0,134,298,4,24,19,0,0,0,0,0,0,0,0,0,0,0,0,0,0,0,7,1,0,31,0,0,0,0,0,0,1,0,0,0,0,0,0,0,0,4,6,0,0,2,0,0,8,9,5,1,0,0,19,3,0,11,18,6,85,246,136,8,47,146,17,228,124,67,111,24,21,161,119,27,12,32,1645
P47_Post,34,152,445,43,19,19,54,212,66,126,33,1,5,35,0,3,19,41,72,12,154,99,14,215,141,154,15,169,123,1206,94,1338,0,329,941,153,646,114,0,0,0,0,0,0,0,0,0,0,0,0,0,0,0,0,0,0,1,0,0,0,0,0,0,0,0,0,0,0,0,0,0,0,0,6,0,1,6,7,5,44,73,17,21,0,0,7,34,0,0,10,9,0,1,11,0,1,5,0,0,16,14,8,12,0,31,2,18,4,24,726
P481_Post,41,177,877,9,0,1,107,39,82,10,6,8,24,143,0,12,2,23,71,10,107,80,33,128,27,205,85,19,84,1778,30,675,0,463,383,58,735,141,0,0,0,0,0,0,0,0,0,0,0,0,0,0,0,0,0,0,0,0,0,0,0,0,0,0,0,0,0,0,0,0,0,0,0,11,0,0,7,1,0,3,55,15,23,0,2,1,0,0,0,0,0,0,0,0,0,0,0,0,0,0,0,0,0,0,0,0,0,0,0,316
P482_Post,7,132,1524,48,2,7,6,18,15,67,13,7,23,789,0,17,17,6,6,4,131,33,3,13,28,173,14,436,73,148,24,903,0,77,334,140,13,9,0,0,0,0,0,0,0,0,0,0,0,0,0,0,0,0,0,0,2,0,0,0,0,0,0,0,0,0,0,0,0,0,0,0,0,5,0,0,0,0,0,0,13,12,13,0,0,0,0,0,0,10,13,1,2,4,1,2,17,0,0,17,1,27,2,0,9,3,9,14,17,746
P483_Post,1,5,145,0,0,0,3,61,11,20,8,0,10,45,0,0,1,2,9,6,11,2,28,47,21,107,14,32,293,126,47,204,0,151,209,7,51,7,0,0,0,0,0,0,0,0,0,0,0,0,0,0,0,2,0,0,8,0,0,0,0,0,0,0,0,0,0,0,0,0,0,0,0,1,0,0,2,2,0,1,16,3,0,0,0,3,1,0,1,15,5,53,0,132,13,95,35,16,6,102,3,12,0,0,7,269,2,4,0,685
P485_Post,10,47,204,1,0,0,39,351,21,17,0,3,49,113,7,0,1,2,26,21,35,13,12,59,63,33,48,23,86,467,516,224,0,464,414,17,503,91,0,0,0,0,0,0,0,0,0,0,0,0,0,0,0,0,0,0,8,0,0,0,0,0,0,0,0,0,0,0,0,0,0,0,0,10,0,6,43,6,0,90,16,8,4,0,0,21,4,0,0,14,2,3,1,10,2,1,39,9,7,138,75,126,69,10,40,5,20,9,25,744
P486_Post,49,83,967,20,2,1,68,222,141,52,21,2,9,41,0,1,6,25,60,20,76,34,77,332,180,146,36,21,170,705,120,289,0,242,1133,68,111,107,0,0,0,0,0,0,0,0,0,0,0,0,0,0,0,0,0,0,3,0,0,0,0,0,0,0,0,0,0,0,0,0,0,0,0,25,0,0,9,1,0,11,12,12,1,0,0,14,8,0,0,9,2,2,0,12,0,3,16,0,1,43,4,9,16,2,27,7,30,0,7,823
P488_Post,41,9,25,37,0,1,214,7,440,3,79,133,22,315,0,6,4,17,9,7,32,30,4,19,34,49,12,114,5,144,19,372,0,180,325,114,108,30,0,0,0,0,0,0,0,0,0,0,0,0,0,0,0,0,0,0,0,0,0,0,0,0,0,0,0,0,0,0,0,0,0,0,0,6,0,0,0,0,0,0,19,9,12,0,0,8,3,0,0,0,3,0,0,1,1,3,0,1,4,12,2,1,3,0,5,4,7,5,5,338
P490_Post,0,0,0,0,0,0,0,0,0,0,0,0,0,0,0,0,0,0,12,8,4,10,11,14,0,9,3,8,22,46,16,18,0,41,33,4,18,3,0,0,0,0,0,0,0,0,0,0,0,0,0,0,0,0,0,0,2,0,0,0,0,0,0,0,0,0,0,0,0,0,0,0,0,0,0,0,3,1,0,0,0,0,1,0,0,1,2,0,0,1,3,1,0,0,0,4,8,0,0,18,0,4,0,0,1,0,0,0,0,57
P491_Post,0,13,15,5,0,0,1,63,1,7,0,1,2,51,0,6,0,6,17,4,32,68,9,18,2,209,61,101,85,285,41,809,0,143,83,55,202,32,0,0,0,0,0,0,0,0,0,0,0,0,0,0,0,6,0,0,10,0,0,0,0,0,0,0,0,0,0,0,0,2,0,0,0,0,0,0,8,0,0,2,11,6,12,0,0,2,2,0,2,3,10,11,12,5,0,10,22,2,66,62,32,155,3,4,45,14,27,7,23,765
P494_Post,2,23,96,13,6,5,76,913,48,15,7,26,44,28,0,3,1,7,71,2,121,1,24,105,161,35,8,9,102,860,20,106,0,148,636,4,60,39,0,0,0,0,0,0,0,0,0,0,0,0,0,0,0,0,0,0,0,0,0,0,0,0,0,0,0,0,0,0,0,0,0,0,0,34,0,0,6,0,0,10,5,1,0,0,0,6,2,0,0,0,4,1,1,33,3,4,11,55,11,61,0,2,15,0,8,2,1,1,3,346
P495_Post,0,0,0,0,0,0,0,0,0,0,0,0,0,0,0,0,0,0,4,0,5,1,5,2,1,35,1,7,14,59,0,61,0,9,13,6,14,7,0,0,0,0,0,0,0,0,0,0,0,0,0,0,0,0,0,0,2,0,0,0,0,0,0,0,0,0,0,0,0,0,0,0,0,1,0,0,0,0,0,0,2,1,7,0,0,0,0,0,1,4,9,2,0,29,4,3,2,4,4,36,0,1,0,0,1,3,3,0,2,102
P496_Post,0,0,0,0,0,0,0,0,0,0,0,0,0,0,0,0,0,5,10,0,9,4,0,16,5,25,2,5,9,86,4,28,0,9,62,2,14,4,0,0,0,0,0,0,0,0,0,0,0,0,0,0,0,0,0,0,0,0,0,0,0,0,0,0,0,0,0,0,0,0,0,0,0,0,0,0,1,0,0,0,11,0,5,0,0,4,1,0,1,1,18,7,35,11,0,0,24,16,18,4,6,57,3,1,0,0,0,0,2,66
P498_Post,0,0,0,0,0,0,0,0,0,0,0,0,0,0,0,0,0,1,13,2,13,0,8,11,17,9,15,12,8,78,27,40,0,46,66,1,56,19,0,0,0,0,0,0,0,0,0,0,0,0,0,0,0,0,0,0,0,0,0,0,0,0,0,0,0,0,0,0,0,0,0,0,0,2,0,0,10,0,0,1,1,1,0,0,0,1,2,0,0,3,0,2,0,26,9,1,3,16,0,8,3,1,8,0,1,2,0,0,0,71
P49_Post,0,0,0,0,0,0,0,0,0,0,0,0,0,0,0,0,0,2,1,0,3,1,0,2,3,18,0,5,4,24,3,21,0,9,27,6,9,6,0,0,0,0,0,0,0,0,0,0,0,0,0,0,0,0,0,0,0,0,0,0,0,0,0,0,0,0,0,0,0,0,0,0,0,0,0,0,0,0,0,0,2,7,5,0,0,0,0,0,0,0,0,0,0,0,0,0,0,0,0,0,0,0,0,0,0,0,0,0,0,38
P4_Post,3,9,175,4,0,0,0,75,17,28,1,2,18,22,0,0,6,8,49,54,24,21,183,521,79,55,163,152,484,332,874,183,0,1021,768,14,946,313,0,0,0,0,0,0,0,0,0,0,0,0,0,0,0,0,0,0,7,0,0,0,0,0,0,0,0,0,0,0,0,0,0,0,0,12,0,7,155,2,0,2,9,1,0,0,0,9,96,0,0,3,0,1,0,9,0,0,46,0,1,18,12,83,45,0,43,10,17,3,11,1786
P502_Post,1,0,17,0,0,0,9,33,3,17,1,4,37,81,0,0,2,4,4,9,1,0,18,46,22,11,30,0,98,69,172,10,0,211,180,4,35,21,0,0,0,0,0,0,0,0,0,0,0,0,0,0,0,0,0,0,19,0,0,0,0,0,0,0,0,0,0,0,0,0,0,0,0,11,0,5,267,0,0,10,29,4,1,0,4,38,7,0,0,8,1,6,0,57,6,26,86,1504,1,53,34,67,143,9,50,30,14,7,12,1046
P509_Post,2,10,330,40,0,2,15,19,5,20,6,6,7,283,2,14,14,9,46,5,57,82,81,103,13,377,55,399,342,337,134,582,0,97,196,96,221,98,0,0,0,0,0,0,0,0,0,0,0,0,0,0,0,0,0,0,0,0,0,0,0,0,0,0,0,0,0,0,0,0,0,0,0,3,0,0,22,10,0,0,100,3,33,0,2,1,4,0,0,0,0,1,0,1,1,1,2,0,5,35,7,11,0,4,10,1,0,1,5,1110
P510_Post,60,904,2045,191,11,15,164,228,162,212,76,9,9,214,0,57,12,49,33,13,107,44,18,58,27,201,11,296,90,337,221,577,0,98,329,189,204,21,0,0,0,0,0,0,0,0,0,0,0,0,0,0,0,0,0,0,5,0,0,0,0,0,0,0,0,0,0,0,0,0,0,0,0,22,1,0,23,12,1,13,58,23,32,0,0,3,2,1,0,1,3,4,8,6,6,5,25,0,1,12,20,74,54,12,62,9,80,30,28,674
P511_Post,13,378,1212,260,10,14,51,169,75,88,14,17,10,246,0,31,5,30,48,11,99,163,51,139,28,526,41,135,178,482,162,909,0,152,461,128,264,85,0,0,0,0,0,0,0,0,0,0,0,0,0,0,0,0,0,0,2,0,0,0,0,0,0,0,0,0,0,0,0,0,0,0,0,24,0,0,12,4,0,1,25,21,10,0,1,2,1,0,0,0,4,0,1,0,0,11,12,0,0,26,6,15,9,0,35,14,33,0,21,677
P51_Post,4,6,53,1,0,2,3,33,5,20,17,4,0,12,0,0,9,19,102,70,32,55,238,362,49,269,24,72,576,704,1841,326,0,619,391,17,294,142,0,0,0,0,0,0,0,0,0,0,0,0,0,0,0,0,0,0,0,0,0,0,0,0,0,0,0,0,0,0,0,0,0,0,0,8,3,28,7,14,1,1,13,3,1,0,0,330,10,1,0,177,6,56,24,65,278,49,113,12,38,4,2480,395,855,179,203,19,43,5,133,3676
P520_Post,14,105,167,18,1,2,20,32,14,37,5,31,17,202,0,21,16,21,30,4,32,38,23,69,17,150,6,318,106,264,53,1041,0,143,264,129,136,34,0,0,0,0,0,0,0,0,0,0,0,0,0,0,0,0,0,0,3,0,0,0,0,0,0,0,0,0,0,0,0,0,0,0,1,5,0,0,4,0,0,1,15,12,1,0,0,0,4,0,1,31,17,19,14,32,30,27,24,0,2,115,6,31,9,3,14,18,31,3,19,821
P523_Post,26,90,613,14,0,6,29,99,74,92,55,1,6,12,0,3,12,60,46,14,120,76,41,247,119,339,24,70,253,612,110,1231,0,402,911,94,236,44,0,0,0,0,0,0,0,0,0,0,0,0,0,0,0,0,0,0,2,0,1,0,0,0,0,0,0,0,0,0,0,0,0,0,0,15,0,2,6,4,0,3,15,10,5,0,0,10,2,0,0,29,24,2,0,15,1,12,17,0,2,53,28,49,38,3,63,49,17,3,25,553
P524_Post,4,29,375,3,0,0,24,81,35,21,13,0,11,22,0,0,1,1,9,1,79,10,20,26,55,78,9,1,52,147,6,134,0,107,289,2,53,23,0,0,0,0,0,0,0,0,0,0,0,0,0,0,0,0,0,0,1,0,0,0,0,0,0,0,0,0,1,0,0,0,0,0,0,10,0,0,3,0,0,3,3,1,2,0,0,4,1,0,1,1,0,4,0,4,2,5,2,1,1,35,0,1,0,1,3,2,2,1,4,211
P525_Post,25,273,764,56,30,56,18,168,28,123,6,0,0,11,0,14,37,25,22,13,104,60,29,109,112,111,14,97,148,439,59,171,0,88,729,47,149,72,0,0,0,0,0,0,0,0,0,0,0,0,0,0,0,2,1,0,5,0,0,0,0,0,0,0,0,0,0,0,1,0,0,0,0,4,1,0,12,8,1,8,35,28,1,0,0,3,1,1,0,61,67,4,63,12,3,0,76,1,0,28,3,120,30,4,57,4,26,8,29,493
P527_Post,14,18,192,9,0,0,15,31,58,15,14,2,10,28,0,1,0,17,30,30,90,31,10,92,104,280,23,17,41,535,86,350,0,294,557,18,164,102,0,0,0,0,0,0,0,0,0,0,0,0,0,0,0,0,0,0,0,0,0,0,0,0,0,0,0,0,0,0,0,0,0,0,0,6,0,7,12,7,0,12,13,5,4,0,1,36,11,0,0,0,0,0,0,0,0,0,0,0,0,0,0,0,0,0,0,0,0,0,0,449
P528_Post,4,14,136,2,0,0,10,14,9,20,6,1,1,14,0,3,16,23,22,3,25,29,3,45,15,334,3,146,14,278,25,727,0,106,90,77,165,14,0,0,0,0,0,0,0,0,0,0,0,0,0,0,0,0,0,0,51,0,0,0,0,0,0,0,0,0,0,0,0,0,0,0,0,0,0,1,2,1,0,2,27,7,6,0,0,0,6,0,0,75,56,946,4,409,752,1895,34,10,50,0,1,30,1,1,14,37,18,5,3,2724
P52_Post,27,112,106,33,2,3,83,88,36,235,229,48,55,857,0,55,47,25,50,159,156,51,111,407,334,303,137,227,213,746,2872,712,0,655,1080,120,382,157,0,0,0,0,0,0,0,0,0,0,0,0,0,0,0,1,0,0,48,0,0,0,0,0,4,0,0,0,0,0,0,0,0,0,0,8,2,7,15,0,0,11,32,35,1,0,1,367,81,0,0,100,118,133,159,138,71,415,174,6,316,48,29,171,67,25,75,52,17,17,58,2178
P533_Post,287,59,822,33,0,1,621,81,1692,26,95,6,17,63,0,2,1,9,27,3,40,3,10,29,214,42,65,13,31,691,26,85,0,230,778,3,42,73,0,0,0,0,0,0,0,0,0,0,0,0,0,0,0,0,0,0,0,0,0,0,0,0,0,0,0,0,0,0,0,0,0,0,0,51,0,0,1,0,0,1,10,7,5,0,0,2,6,0,0,2,0,0,0,6,0,2,0,0,0,21,5,1,5,1,10,1,3,1,1,273
P53_Post,24,92,384,15,0,1,73,314,123,15,3,28,116,382,0,4,2,6,52,10,91,20,13,88,69,84,33,30,135,1243,80,555,0,565,723,24,395,106,0,0,0,0,0,0,0,0,0,0,0,0,0,0,0,1,0,0,3,0,0,0,0,0,0,0,0,0,0,0,0,0,0,0,0,22,1,0,4,3,2,16,95,12,10,0,0,16,13,0,3,72,24,0,0,134,8,8,7,4,6,118,28,11,68,6,37,6,8,6,3,597
P540_Post,3,133,330,2,10,25,4,28,7,66,5,2,2,205,0,13,1,13,5,4,82,243,8,10,2,304,9,65,63,82,15,1129,0,24,103,79,50,23,0,0,0,0,0,0,0,0,0,0,0,0,0,0,0,0,0,0,18,2,0,0,0,0,0,0,0,0,0,0,0,0,0,0,0,6,0,0,1,1,0,2,46,0,14,0,1,0,1,0,0,6,131,109,11,5,26,116,30,0,31,10,35,80,10,10,18,26,2,9,11,845
P550_Post,17,190,1919,39,5,15,58,1365,97,121,3,3,12,28,0,0,2,3,45,3,153,19,24,36,55,68,33,17,70,668,40,412,0,216,496,5,169,69,0,0,0,0,0,0,0,0,0,0,0,0,0,0,0,5,0,0,2,0,0,0,1,0,0,0,0,0,0,0,0,0,0,0,0,11,0,0,35,0,0,19,9,4,4,0,2,2,8,1,0,2,2,3,1,11,1,4,22,1,2,47,15,29,11,1,21,3,4,1,2,665
P567_Post,29,86,475,18,9,10,49,52,95,19,4,77,81,694,0,18,1,2,8,2,74,36,8,15,10,219,34,60,76,229,34,475,0,107,164,11,18,60,0,0,0,0,0,0,0,0,0,0,0,0,0,0,0,3,0,0,9,0,1,0,0,0,0,0,0,0,0,0,0,0,0,0,0,26,0,0,0,0,0,0,33,34,37,0,0,4,0,0,1,12,19,11,12,4,1,1,46,3,4,13,18,63,2,10,18,1,8,4,1,910
P574_Post,10,187,989,12,3,8,15,165,25,94,22,8,38,165,3,3,8,43,42,20,53,20,43,118,106,165,29,75,243,540,114,264,0,266,760,62,588,91,0,0,0,0,0,0,0,0,0,0,0,0,0,0,0,0,0,0,0,1,0,0,0,0,0,0,0,0,0,0,0,0,0,0,0,24,0,0,6,3,0,1,32,7,8,0,1,3,0,0,0,1,4,5,0,7,0,8,34,2,16,43,11,61,4,0,45,8,39,4,6,386
P579_Post,30,73,567,8,0,0,64,372,55,86,14,1,9,70,0,0,2,2,28,5,96,16,49,97,22,95,40,13,306,857,82,143,0,480,488,0,226,139,0,0,0,0,0,0,0,0,0,0,0,0,0,0,0,2,0,0,2,0,0,0,0,0,0,0,0,0,0,0,0,0,0,0,1,18,0,0,9,1,1,3,56,2,3,0,0,3,0,0,1,1,2,7,0,17,3,8,11,11,3,12,29,19,4,7,20,0,2,1,2,484
P57_Post,12,114,535,46,0,1,45,424,73,46,4,9,32,77,0,3,2,3,57,4,225,20,51,128,70,113,61,32,177,655,44,922,0,401,702,8,259,118,0,0,0,0,0,0,0,0,0,0,0,0,0,0,0,0,0,0,0,0,0,0,0,0,0,0,0,0,0,0,0,0,0,0,0,21,0,2,7,2,0,13,10,5,1,0,0,8,7,1,2,31,3,6,1,31,7,4,25,3,2,58,11,12,41,5,24,7,7,2,5,720
P587_Post,2,98,1203,5,4,1,7,13,11,17,0,1,17,226,5,23,2,66,31,12,73,95,14,159,14,126,26,436,209,409,61,329,0,436,536,85,565,67,0,0,0,0,0,0,0,0,0,0,0,0,0,0,0,0,0,0,0,0,0,0,0,0,0,0,0,0,0,0,0,0,0,0,0,6,0,0,1,5,0,0,21,1,6,0,2,1,0,0,0,2,20,13,15,4,8,27,7,1,20,110,2,12,5,5,19,12,4,9,6,525
P58_Post,2,17,30,12,0,0,4,108,6,9,1,1,16,39,0,0,16,8,15,17,28,32,106,260,15,26,43,174,324,349,260,200,0,350,265,49,691,89,0,0,0,0,0,0,0,0,0,0,0,0,0,0,0,0,0,0,9,0,0,0,0,0,0,0,0,0,0,0,0,0,0,0,0,9,0,1,42,0,0,28,7,9,5,0,1,6,10,1,1,38,35,3,74,107,0,3,72,71,10,37,45,73,56,9,34,8,18,2,6,852
P592_Post,8,86,693,1,1,0,15,111,11,96,1,1,2,99,3,0,1,11,36,6,116,23,81,154,64,69,92,22,240,723,64,175,0,261,993,7,149,183,0,0,0,0,0,0,0,0,0,0,0,0,0,0,0,0,0,0,0,0,0,0,0,0,0,0,0,0,0,0,0,0,0,0,0,14,0,0,5,2,0,1,4,3,3,0,0,0,1,0,0,2,2,31,0,8,0,9,39,0,0,27,2,44,3,2,45,5,17,3,19,457
P595_Post,0,74,108,7,1,2,9,537,10,35,0,1,41,100,25,5,2,5,2,4,17,16,38,52,4,91,32,28,124,113,72,114,0,138,260,27,253,22,0,0,0,0,0,0,0,0,0,0,0,0,0,0,0,0,0,0,12,0,0,0,0,0,0,0,0,0,0,0,0,0,0,0,0,1,0,0,2,0,0,1,5,3,2,0,1,4,0,0,0,12,25,246,177,92,23,109,248,147,118,6,13,115,12,2,21,143,7,5,2,998
P59_Post,0,5,29,3,0,0,4,63,4,36,3,9,6,11,0,2,4,0,15,217,6,1,37,123,28,24,10,28,195,194,1530,23,0,478,273,20,97,36,0,0,0,0,0,0,0,0,0,0,0,0,0,0,0,2,0,0,10,0,0,0,0,0,0,0,0,0,0,0,0,0,0,0,0,12,1,17,53,5,0,390,32,5,1,0,1,167,30,0,1,5,2,7,1,23,8,1,35,13,9,30,49,103,316,10,21,22,4,1,10,1252
P5_Post,0,60,105,32,2,1,13,341,3,200,3,4,6,71,0,19,103,30,85,70,167,168,469,575,471,337,55,634,1057,1721,727,1314,1,1299,5168,370,1523,178,0,0,0,0,0,0,0,0,0,0,0,0,0,0,0,0,0,0,2,0,0,0,0,0,0,0,0,0,0,0,0,0,0,0,0,14,0,3,170,6,0,0,19,29,9,0,1,2,27,1,0,25,2,48,7,30,18,14,152,3,55,3,46,135,75,23,197,17,24,3,31,2986
P5_Pre,0,3,25,0,0,0,0,64,3,70,8,0,0,1,3,1,12,16,2,23,2,1,180,111,224,65,47,82,606,133,363,245,0,213,3492,26,498,62,0,0,0,0,0,0,0,0,0,0,0,0,0,0,0,0,0,0,0,0,0,0,0,0,0,0,0,0,0,0,0,0,0,0,0,22,0,2,216,1,0,4,28,18,0,0,0,9,42,0,0,1,3,13,0,4,3,7,51,2,24,2,89,56,30,32,41,1,9,0,19,2098
P62_Post,13,87,103,15,1,9,37,35,24,29,13,42,39,1144,1,15,17,7,23,1,81,24,1,10,22,103,11,112,16,244,8,452,0,71,270,55,4,9,0,0,0,0,0,0,0,0,0,0,0,0,0,0,0,0,0,0,18,0,0,0,0,0,1,0,0,0,0,0,0,0,0,0,0,5,0,0,0,0,0,4,14,9,12,0,0,0,3,0,0,42,180,11,137,12,8,11,15,0,30,44,9,82,8,12,18,9,4,3,13,618
P63_Post,5,205,74,13,3,5,5,3,1,11,8,36,5,241,0,115,15,36,21,1,239,471,20,34,26,401,2,195,102,265,41,1991,0,51,354,210,207,21,0,0,0,0,0,0,0,0,0,0,0,0,0,0,0,0,0,0,3,0,0,0,0,0,0,0,0,0,0,0,0,0,0,0,0,2,0,0,0,11,0,1,13,3,3,0,0,3,0,0,0,13,199,0,58,2,0,3,7,0,5,3,1,65,9,0,7,3,6,5,8,397
P64_Post,19,94,373,11,0,0,109,306,169,3,1,17,20,42,0,1,2,6,21,16,33,6,41,64,69,36,14,2,82,452,105,83,0,227,290,10,433,72,0,0,0,0,0,0,0,0,0,0,0,0,0,0,0,0,0,0,0,2,1,0,0,0,0,0,0,0,0,0,0,0,0,0,0,30,0,3,11,14,2,36,29,1,4,0,0,32,3,0,0,35,19,0,1,133,13,7,6,16,6,140,35,17,85,6,15,11,7,3,4,332
P66_Post,27,122,155,25,0,1,52,346,72,25,6,5,12,38,0,7,3,4,18,4,26,17,30,78,38,80,25,10,116,228,68,109,0,145,228,13,385,41,0,0,0,0,0,0,0,0,0,0,0,0,0,0,0,5,1,0,1,2,0,0,0,0,1,0,0,0,0,1,0,0,1,0,0,20,0,1,7,1,0,28,12,2,1,0,0,5,0,0,2,9,16,3,2,51,1,7,41,9,37,80,40,71,32,3,118,35,14,11,18,727
P67_Post,10,125,1366,295,22,43,46,1192,125,906,239,1,1,22,0,6,5,80,23,3,94,1,10,81,236,108,21,9,117,273,42,165,0,120,1457,106,48,19,0,0,0,0,0,0,0,0,0,0,0,0,0,0,0,0,0,0,0,0,0,0,0,0,0,0,0,0,0,0,0,0,0,0,0,14,0,0,3,0,0,4,38,21,1,0,0,2,0,0,0,4,1,0,0,1,0,2,3,0,0,5,9,8,4,0,69,3,10,28,88,315
P68_Post,6,45,705,17,12,29,14,236,66,339,32,1,6,14,0,0,5,8,33,0,198,7,17,158,1167,107,12,4,97,414,20,122,0,126,4190,13,17,25,0,0,0,0,0,0,0,0,0,0,0,0,0,0,0,0,0,0,3,0,0,0,0,0,0,0,0,0,0,0,0,0,0,0,0,33,0,0,1,0,0,9,22,16,3,0,0,2,1,0,0,4,1,0,0,5,0,5,0,0,5,1,4,2,3,0,14,5,4,1,15,238
P69_Post,8,75,188,6,0,0,8,2,6,4,3,7,3,37,0,4,0,25,32,7,115,100,13,53,52,324,21,36,97,208,42,585,0,105,320,32,516,65,0,0,0,0,0,0,0,0,0,0,0,0,0,0,0,0,0,0,2,0,0,0,0,0,0,0,0,0,0,0,0,0,0,0,0,2,0,1,24,8,0,5,25,3,5,0,0,9,5,0,0,18,12,3,23,17,0,5,17,0,38,3,19,64,7,5,23,2,4,1,13,278
P6_Post,2,16,111,18,0,2,8,175,16,83,2,2,32,29,1,0,4,0,43,18,25,9,95,151,30,32,134,101,460,663,467,124,0,1392,667,9,534,109,0,0,0,0,0,0,0,0,0,0,0,0,0,0,0,0,0,0,7,0,0,0,0,0,0,0,0,0,0,0,0,0,0,0,0,29,0,1,288,1,0,2,16,6,2,0,0,11,27,0,0,3,1,2,0,7,1,1,49,10,0,15,19,119,57,1,39,7,5,4,12,1629
P70_Post,20,129,1152,69,3,7,26,284,98,234,65,11,8,45,0,4,7,13,27,6,43,80,7,46,72,258,16,56,32,299,52,858,0,77,436,96,224,33,0,0,0,0,0,0,0,0,0,0,0,0,0,0,0,0,0,0,2,0,0,0,0,0,0,0,0,0,0,0,0,0,0,0,0,8,1,0,40,7,1,20,14,58,4,0,0,29,4,0,1,18,38,10,44,73,1,10,61,19,30,48,58,108,98,8,102,58,34,17,62,678
P71_Post,1,1,35,0,0,0,2,16,5,57,2,0,0,0,0,0,0,0,5,139,3,5,2,38,26,10,9,3,56,53,403,43,0,56,167,4,26,26,0,0,0,0,0,0,0,0,0,0,0,0,0,0,0,1,0,0,14,11,0,4,0,24,2,1,0,2,0,2,0,0,0,0,30,1,0,0,50,8,1,19,1,2,0,0,110,21,2,0,0,2,0,0,2,2,1,0,8,3,1,4,144,70,58,13,11,1,9,3,9,2585
P73_Post,17,35,70,2,0,3,52,83,30,99,21,6,1,23,0,4,4,20,42,13,52,52,26,159,82,173,61,13,293,440,166,258,0,425,639,48,138,102,0,0,0,0,0,0,0,0,0,0,0,0,0,0,0,4,0,0,3,1,0,1,0,0,0,2,0,0,0,0,0,0,0,0,1,17,2,8,20,60,1,151,148,25,2,0,0,56,5,0,0,76,16,21,14,51,9,11,64,14,47,60,163,159,111,10,109,16,28,4,24,689
P74_Post,13,106,429,6,11,172,27,401,82,57,20,15,22,44,0,0,0,4,1,5,79,2,12,27,39,33,16,8,128,78,197,96,0,158,284,7,122,27,0,0,0,0,0,0,0,0,0,0,0,0,0,0,0,1,0,0,35,0,0,0,0,0,0,0,0,0,0,0,0,0,0,0,0,32,0,1,3,0,1,17,16,2,3,0,0,72,0,0,1,12,6,4,4,107,6,25,43,67,144,101,452,40,232,101,80,39,8,4,15,599
P84_Post,31,134,981,13,0,0,99,677,102,80,8,4,4,20,1,0,0,2,10,15,16,1,2,19,38,5,3,6,27,58,134,7,0,88,166,2,10,13,0,0,0,0,0,0,0,0,0,0,0,0,0,0,0,4,0,0,3,0,3,0,0,0,0,0,0,0,0,0,0,0,0,0,0,3,0,0,5,0,0,6,7,0,0,0,1,1,0,0,0,6,0,4,0,13,3,1,16,1,0,7,388,139,21,47,19,2,3,0,4,925
P90_Post,76,66,252,27,0,0,199,69,128,7,10,22,16,80,0,5,2,30,131,25,38,54,14,109,64,145,53,95,64,853,184,210,0,545,242,34,165,233,0,0,0,0,0,0,0,0,0,0,0,0,0,0,0,0,0,0,0,0,0,0,0,0,0,0,0,0,0,0,0,0,0,0,0,11,0,11,0,0,0,1,19,2,10,0,0,5,48,0,0,6,10,7,1,28,1,10,4,5,10,32,16,5,16,9,41,9,21,5,5,2511
P92_Post,13,72,290,15,1,1,46,500,64,180,39,7,7,54,1,6,3,19,25,28,17,15,32,134,66,104,50,38,303,337,385,131,0,401,536,30,133,133,0,0,0,0,0,0,0,0,0,0,0,0,0,0,0,0,0,0,9,0,0,0,0,0,0,0,0,0,0,0,0,0,0,0,0,25,0,5,29,1,0,4,14,3,1,0,2,7,26,0,1,29,9,6,7,45,1,8,50,78,46,119,24,57,15,5,60,41,9,8,39,990
P93_Post,42,278,1847,15,3,4,94,303,104,148,14,15,15,63,0,3,6,47,95,13,220,43,25,112,205,182,9,37,79,1613,33,306,0,232,919,37,150,37,0,0,0,0,0,0,0,0,0,0,0,0,0,0,0,0,0,0,7,0,0,0,0,0,0,0,0,0,0,0,0,0,0,0,0,15,0,3,9,7,0,14,25,16,6,0,0,16,11,0,1,7,2,1,4,12,0,2,7,1,2,8,66,32,45,8,37,5,3,0,8,476
P94_Post,0,0,0,0,0,0,0,0,0,0,0,0,0,0,0,0,7,17,44,15,3,37,225,377,65,166,42,40,553,379,400,128,0,408,350,21,533,55,0,0,0,0,0,0,0,0,0,0,0,0,0,0,0,0,0,0,19,0,0,0,0,0,1,0,1,0,0,0,0,0,0,0,0,3,1,7,112,39,0,116,50,8,2,0,1,47,41,0,1,16,6,5,17,14,3,3,31,0,144,32,144,97,80,26,48,12,7,3,14,876
P96_Post,9,40,310,2,0,1,37,79,82,9,5,11,4,12,0,0,1,24,41,29,30,65,12,47,40,150,77,15,71,571,243,390,0,437,337,33,927,248,0,0,0,0,0,0,0,0,0,0,0,0,0,0,0,0,0,0,2,0,0,0,0,0,0,0,0,0,0,0,0,0,0,0,0,17,0,1,3,0,1,4,30,0,4,0,0,50,2,0,0,27,21,1,27,40,6,5,12,3,13,42,15,38,22,7,36,6,2,0,3,270
P97_Post,23,200,138,9,3,33,73,238,57,705,191,52,5,42,0,10,1,27,29,13,91,12,20,51,179,107,13,63,111,325,84,526,0,94,516,34,309,38,0,0,0,0,0,0,0,0,0,0,0,0,0,0,0,0,0,0,6,0,0,0,0,0,0,0,0,0,0,0,0,0,0,0,0,6,0,0,9,0,0,37,20,6,2,0,0,19,0,0,0,68,9,9,6,53,14,7,37,2,13,32,103,53,44,53,88,47,13,1,51,443
P9_Post,8,8,167,6,0,0,6,106,26,162,12,0,9,28,0,0,1,7,23,13,66,28,102,220,62,172,111,18,460,639,128,803,0,641,700,8,639,157,0,0,0,0,0,0,0,0,0,0,0,0,0,0,0,0,0,0,3,0,0,1,0,0,0,0,0,0,0,0,0,0,0,0,0,22,0,6,227,3,0,2,47,2,3,0,3,11,3,0,0,8,0,1,0,19,1,5,25,1,3,124,21,112,96,5,49,7,8,0,11,599
PEM1_Post,253,3,4,26,0,1,202,58,466,58,2572,137,0,0,0,56,187,702,388,1277,41,12,832,4277,4953,682,53,313,1838,2814,13358,2684,4,2445,23934,417,1685,632,0,0,0,0,0,0,0,0,0,0,0,0,0,0,0,0,0,0,0,0,0,0,0,0,0,0,0,0,0,0,0,0,0,0,0,37,36,331,110,3,104,89,35,394,1,0,0,3874,29,3,0,87,3,5,6,6,39,4,20,51,1,2,4205,327,4452,1496,850,65,35,1,323,42173
PEM1_Pre,200,2,4,8,1,0,205,19,335,30,1181,171,0,4,0,88,119,265,246,1013,22,6,237,1724,3067,227,32,212,776,2108,11922,2589,1,1512,14289,338,831,701,0,0,0,0,0,0,0,0,0,0,0,0,0,0,0,0,0,0,0,0,0,0,0,0,0,0,0,0,0,0,0,0,0,0,0,20,23,178,20,1,27,16,19,203,0,0,0,2202,20,0,0,69,4,4,1,1,14,1,15,27,1,1,2885,94,2183,620,734,59,39,0,239,37716
PEM2_Post,106,1,0,10,0,0,103,14,188,10,1385,57,1,0,0,7,60,124,54,98,29,3,118,594,2007,174,17,37,348,365,2124,629,1,311,7318,65,236,71,0,0,0,0,0,0,0,0,0,0,0,0,0,0,0,0,0,0,0,0,0,0,0,0,0,0,0,0,0,0,0,0,0,0,0,6,2,58,14,2,13,27,1,44,0,0,0,468,4,0,0,12,2,1,1,1,5,0,6,8,0,0,828,89,776,454,143,12,7,0,44,9431
PEM2_Pre,58,0,3,6,0,0,120,12,174,12,812,36,0,0,0,17,38,58,32,72,4,1,32,236,893,53,23,40,190,600,1706,563,3,318,3048,37,156,199,0,0,0,0,0,0,0,0,0,0,0,0,0,0,0,0,0,0,0,0,0,0,0,0,0,0,0,0,0,0,0,0,0,0,0,13,4,150,7,3,10,26,5,74,0,0,0,540,19,0,0,13,0,0,1,0,9,1,6,21,0,0,387,19,275,284,113,13,5,0,44,13678
PEM3_Post,10,1,0,0,0,0,4,0,12,1,70,28,0,1,0,23,48,53,30,46,12,2,16,168,659,40,2,40,150,109,1298,171,1,54,1640,60,113,56,0,0,0,0,0,0,0,0,0,0,0,0,0,0,0,0,0,0,0,0,0,0,0,0,0,0,0,0,0,0,0,0,0,0,0,1,1,17,1,0,7,0,0,4,0,0,0,154,0,0,0,6,0,0,2,0,0,0,0,0,0,1,363,72,415,114,63,6,3,0,36,3167
PEM3_Pre,11,1,0,0,0,0,4,0,22,2,51,3,0,0,0,1,9,32,5,28,2,0,10,114,466,33,2,2,128,56,825,48,0,50,1146,7,37,19,0,0,0,0,0,0,0,0,0,0,0,0,0,0,0,0,0,0,0,0,0,0,0,0,0,0,0,0,0,0,0,0,0,0,0,0,0,5,0,0,0,0,0,2,0,0,0,102,0,0,0,0,0,0,1,0,0,0,0,0,0,2,282,6,177,39,58,3,1,0,20,1896
PEM5_Post,10,2,1,3,0,0,11,15,57,45,235,18,0,0,0,1,37,85,64,71,19,2,65,561,1131,140,7,18,428,678,1330,278,1,404,4684,34,188,34,0,0,0,0,0,0,0,0,0,0,0,0,0,0,0,0,0,0,0,0,0,0,0,0,0,0,0,0,0,0,0,0,0,0,0,0,0,2,24,1,3,16,0,3,0,0,0,268,1,0,0,1,0,0,8,2,0,0,1,2,0,0,279,74,225,140,31,6,1,0,18,3075
PEM5_Pre,1,0,0,0,0,0,0,0,6,3,42,4,0,0,0,2,2,4,2,2,0,0,2,38,41,2,0,2,31,65,93,19,0,42,337,11,16,8,0,0,0,0,0,0,0,0,0,0,0,0,0,0,0,0,0,0,0,0,0,0,0,0,0,0,0,0,0,0,0,0,0,0,0,0,0,0,0,0,0,0,0,1,0,0,0,12,0,0,0,2,0,0,0,0,0,0,0,4,1,0,187,17,83,52,18,0,1,0,5,581
PEM6_Post,70,17,1,6,0,1,89,16,69,57,601,48,2,1,0,10,19,38,46,338,8,1,65,450,545,42,2,21,194,265,3228,402,0,279,2996,27,202,159,0,0,0,0,0,0,0,0,0,0,0,0,0,0,0,0,0,0,0,0,0,0,0,0,0,0,0,0,0,0,0,0,0,0,0,0,0,9,28,1,11,27,1,18,0,1,2,233,1,0,0,3,1,0,0,1,3,0,0,2,2,2,318,10,391,56,122,6,9,1,44,5417
PEM6_Pre,33,5,1,3,0,0,41,6,41,7,222,37,0,0,0,16,14,64,37,225,2,0,77,403,301,30,2,16,178,138,1985,65,0,172,1421,7,113,25,0,0,0,0,0,0,0,0,0,0,0,0,0,0,0,0,0,0,0,0,0,0,0,0,0,0,0,0,0,0,0,0,0,0,0,0,0,4,8,0,8,9,1,5,0,0,0,116,1,0,0,8,0,0,1,0,1,0,3,2,0,0,443,15,184,64,58,2,9,0,13,1747
PEM7_Post,24,0,2,1,0,0,6,2,17,1,183,13,0,0,0,10,16,48,53,97,6,0,86,474,251,72,7,19,70,258,1743,192,1,250,1798,27,138,121,0,0,0,0,0,0,0,0,0,0,0,0,0,0,0,0,0,0,0,0,0,0,0,0,0,0,0,0,0,0,0,0,0,0,0,2,3,11,12,2,61,36,5,12,0,0,0,400,3,0,0,23,0,0,0,3,1,0,2,1,0,1,420,9,275,129,168,12,7,0,27,6558
PEM7_Pre,31,3,0,4,0,0,39,7,27,4,75,11,0,0,0,3,3,25,15,96,1,0,28,254,156,28,7,4,60,129,1739,46,0,141,1370,9,61,50,0,0,0,0,0,0,0,0,0,0,0,0,0,0,0,0,0,0,0,0,0,0,0,0,0,0,0,0,0,0,0,0,0,0,0,1,2,7,5,8,6,3,1,5,0,0,0,267,1,0,0,12,1,0,0,1,0,0,6,15,0,1,1432,10,489,128,113,4,8,0,22,3745
PEM8_Post,11,2,0,0,0,0,21,0,3,2,55,19,1,0,0,6,16,95,48,120,15,5,15,256,657,77,2,18,34,210,1202,343,0,157,2211,89,189,30,0,0,0,0,0,0,0,0,0,0,0,0,0,0,0,0,0,0,0,0,0,0,0,0,0,0,0,0,0,0,0,0,0,0,0,0,11,20,9,2,11,44,3,22,0,0,0,653,2,0,0,14,0,1,3,0,0,1,0,3,0,0,269,96,341,63,51,9,0,0,25,3932
PEM8_Pre,4,0,0,0,0,0,11,1,4,3,26,8,0,0,0,5,3,56,40,13,11,1,16,242,422,24,2,10,47,212,290,80,1,76,1174,63,131,16,0,0,0,0,0,0,0,0,0,0,0,0,0,0,0,0,0,0,0,0,0,0,0,0,0,0,0,0,0,0,0,0,0,0,0,0,2,11,6,0,2,42,3,32,0,0,0,237,7,0,0,14,2,0,2,0,2,0,2,4,0,0,488,46,203,137,27,1,0,0,24,1999
PEM9_Post,6,7,1,12,1,0,28,22,23,405,820,13,0,0,0,7,2,19,22,70,1,1,23,196,258,15,12,8,103,292,456,228,0,277,2960,35,88,38,0,0,0,0,0,0,0,0,0,0,0,0,0,0,0,0,0,0,0,0,0,0,0,0,0,0,0,0,0,0,0,0,0,0,0,3,0,3,72,0,2,3,4,15,0,0,0,117,2,0,0,0,0,1,1,0,1,0,2,2,0,0,38,10,88,48,65,5,5,0,38,6950
PEM9_Pre,6,0,3,1,0,0,15,3,6,13,121,15,0,0,0,6,6,21,18,69,6,1,59,212,122,24,5,2,106,166,387,31,0,126,1418,10,51,12,0,0,0,0,0,0,0,0,0,0,0,0,0,0,0,0,0,0,0,0,0,0,0,0,0,0,0,0,0,0,0,0,0,0,0,0,0,10,7,0,0,11,0,2,0,0,0,122,1,0,0,1,0,0,0,0,0,0,4,5,0,1,407,89,177,160,42,4,7,0,22,2075
Pt_6_Post,5,0,0,0,0,0,7,0,5,5,24,3,0,0,0,0,54,92,61,187,6,0,52,587,1033,96,2,24,145,261,752,64,0,466,4703,43,65,25,0,0,0,0,0,0,0,0,0,0,0,0,0,0,0,0,0,0,0,0,0,0,0,0,0,0,0,0,0,0,0,0,0,0,0,1,1,10,3,0,3,6,1,6,0,0,0,107,1,0,0,3,0,2,0,0,0,0,2,3,0,0,137,14,124,60,29,1,3,0,5,780
Pt_7_Post,0,0,0,0,0,0,2,0,1,4,9,2,0,0,0,0,34,67,74,53,9,0,49,567,1282,102,1,10,42,279,288,26,1,268,7188,32,64,22,0,0,0,0,0,0,0,0,0,0,0,0,0,0,0,0,0,0,0,0,0,0,0,0,0,0,0,0,0,0,0,0,0,0,0,0,0,16,2,1,8,7,1,10,0,0,0,135,1,0,0,5,0,0,1,0,1,1,1,2,0,0,191,13,109,48,28,3,1,0,11,350
Pt_8A_Post,5,1,1,8,0,0,1,7,2,116,11,1,0,0,0,0,16,77,34,55,12,1,53,489,733,87,5,11,66,174,509,30,0,233,5916,121,105,20,0,0,0,0,0,0,0,0,0,0,0,0,0,0,0,0,0,0,0,0,0,0,0,0,0,0,0,0,0,0,0,0,0,0,0,1,5,11,8,0,2,4,0,8,0,0,0,154,2,0,0,2,1,0,1,0,1,0,0,0,0,0,153,17,200,46,28,5,8,1,21,504
Pt_8B_Post,1,0,0,7,0,0,2,9,3,89,11,1,0,0,0,1,11,69,47,59,8,0,34,437,726,90,5,13,63,166,481,36,0,214,5421,122,92,19,0,0,0,0,0,0,0,0,0,0,0,0,0,0,0,0,0,0,0,0,0,0,0,0,0,0,0,0,0,0,0,0,0,0,0,1,2,11,6,0,4,6,1,10,0,0,1,138,0,0,0,0,0,0,0,1,0,0,0,1,0,0,133,20,211,45,32,3,5,0,18,494
S02_P01_LCP21_Pre,0,0,0,0,0,0,1,1,2,0,0,0,4,2,0,0,0,0,0,0,0,0,2,4,9,3,0,0,56,1,0,2,0,12,68,5,1,0,6,15,54,1,9,1,12,4,54,8,0,4,11,11,0,2,0,7,4,2,0,0,0,1,1,2,0,129,0,149,3,0,5,0,0,0,0,0,0,0,0,0,0,0,0,0,0,0,0,0,0,0,0,0,0,1,0,0,0,2,0,0,0,0,0,0,0,0,2,0,0,20
S07_P02_LCP28_Pre,0,0,0,0,0,0,0,0,0,0,0,0,0,0,0,0,2,0,3,0,1,0,0,3,1,1,0,1,29,4,2,6,0,12,8,3,2,1,0,0,0,0,0,0,0,1,1,0,0,0,1,0,7,0,0,0,0,0,0,0,0,0,0,0,0,2,0,2,1,0,0,0,0,0,0,0,0,0,0,0,0,0,0,0,0,0,0,0,0,0,0,0,0,0,0,0,0,0,0,0,0,0,0,0,0,0,0,0,0,21
S09_P04_LCP25_Pre,0,0,0,0,0,0,0,0,0,0,0,0,2,0,0,0,0,0,0,0,0,0,0,0,1,2,0,0,0,1,2,0,0,0,2,0,1,0,0,0,0,0,0,0,3,0,0,0,0,0,0,0,86,0,0,0,0,0,0,0,0,0,0,10,0,10,0,4,0,0,0,0,0,0,0,0,0,0,0,0,0,0,0,0,0,0,0,0,0,0,0,0,0,0,0,0,0,0,0,0,1,0,0,0,0,0,0,0,0,5
S10_P05_LCP23_Pre,0,0,0,0,0,0,0,0,0,0,0,0,0,0,0,0,0,0,0,0,0,0,0,0,1,1,0,0,0,0,1,0,0,2,2,0,0,1,2,2,7,5,0,0,3,2,9,2,0,0,0,1,47,0,0,0,2,1,0,0,0,0,0,0,0,16,0,15,0,0,0,0,0,0,0,0,0,0,0,0,0,0,0,0,0,0,0,0,0,0,0,0,0,0,0,0,0,0,0,0,0,0,0,0,0,0,0,0,0,17
S12_P07_LCP30_Pre,0,5,0,0,0,0,1,5,1,1,0,1,157,291,49,0,0,0,1,0,0,1,1,3,3,0,1,1,2,6,0,9,0,2,27,49,0,0,1,0,0,0,0,0,2,1,0,1,1,1,3,0,22,0,0,0,2,0,0,0,0,0,0,3,0,2,0,7,0,0,1,0,1,0,0,0,0,0,0,0,0,0,0,0,0,0,0,0,0,0,2,0,0,2,0,0,2,0,0,0,0,2,1,0,10,0,7,0,1,101
S15_P09_LCP38_Pre,0,2,0,0,0,0,0,4,0,1,0,0,1,2,0,0,0,0,1,0,0,0,0,0,0,0,1,0,3,1,1,0,0,1,4,5,1,0,12,2,85,6,6,0,5,7,143,11,10,5,7,29,181,0,0,0,1,0,0,0,0,0,0,5,0,130,0,111,1,0,1,0,0,0,0,0,0,0,0,0,0,0,0,0,0,0,0,0,0,5,1,6,0,7,0,2,21,1,1,0,3,8,12,0,11,1,10,0,0,66
S16_P10_LCP18_Post,0,1,3,0,0,0,0,0,1,1,0,1,2,13,0,2,0,0,0,0,1,2,0,0,3,0,0,2,1,13,0,16,0,7,7,12,0,0,0,0,0,0,0,0,0,0,0,0,0,0,0,0,0,0,0,0,0,0,0,0,0,0,0,0,0,0,0,0,0,0,0,0,0,0,0,0,0,0,0,0,0,0,0,0,0,0,0,0,0,0,0,0,0,0,0,0,0,0,0,0,0,0,0,0,0,0,0,0,0,33
S19_P11_LCP39_Pre,0,4,5,2,0,0,0,3,1,10,5,0,2,6,0,0,2,3,2,0,0,0,0,2,12,8,3,5,19,4,1,14,0,11,133,6,4,1,0,0,0,0,0,0,0,0,0,1,0,0,2,0,23,0,0,5,1,0,0,0,0,0,1,3,0,1,0,1,1,0,0,0,0,0,0,0,0,0,0,0,0,0,0,0,0,0,0,0,0,0,6,0,1,3,1,1,1,0,1,0,0,2,1,0,1,0,2,2,0,75
S300_P02_LCP60_Pre,0,2,10,0,0,0,1,35,1,9,2,0,0,1,0,0,0,2,0,1,0,0,0,2,21,2,16,7,23,13,1,40,0,46,712,40,15,2,0,0,0,0,0,0,0,0,0,0,1,0,0,1,46,0,0,0,0,1,0,0,0,0,0,1,0,0,0,0,0,0,0,0,0,0,0,0,0,0,0,0,0,0,0,0,0,0,0,0,0,0,0,0,0,2,0,1,0,0,0,0,1,1,0,0,5,1,1,0,6,340
S305_P06_LCP56_Pre,0,0,0,0,0,0,0,0,0,0,0,0,0,0,0,0,0,0,0,0,0,0,0,2,0,0,1,0,6,3,3,2,0,5,8,1,4,0,0,0,0,0,1,0,0,0,0,0,0,0,0,0,92,0,0,0,0,0,0,0,0,0,0,0,0,0,0,1,0,0,0,0,0,0,0,0,0,0,0,0,0,0,0,0,0,0,0,0,0,0,0,0,0,0,0,0,1,0,0,0,0,0,0,0,1,0,0,0,0,6
S351_P10_LCP34_Pre,0,0,0,0,0,0,0,1,0,0,0,0,2,3,0,0,0,0,0,0,0,0,0,3,1,1,1,0,15,0,0,1,0,7,17,4,2,0,0,3,0,6,2,0,7,17,1,1,1,3,1,1,49,0,1,0,1,0,0,0,0,1,0,0,0,0,0,37,3,0,0,0,1,0,0,0,0,0,0,0,0,0,0,0,0,0,0,0,0,0,0,1,0,4,1,1,1,0,0,0,0,1,1,0,2,0,0,0,0,24
S364_P21_LCP65_Pre,0,0,0,0,0,0,0,0,0,0,0,0,2,9,0,0,0,0,0,0,0,0,0,0,0,0,0,0,0,0,0,1,0,0,0,4,0,0,0,0,0,0,0,0,1,3,0,0,0,0,0,0,503,0,0,0,0,0,0,0,0,0,0,1,0,0,0,0,0,0,0,0,0,0,0,0,0,0,0,0,0,0,0,0,0,0,0,0,0,2,0,0,0,0,3,5,0,0,2,0,0,0,0,0,0,0,0,0,0,52
S365_P22_LCP66_Pre,0,1,0,0,0,0,0,0,0,0,0,0,10,11,0,0,0,1,0,0,0,1,0,0,0,1,2,0,2,0,0,1,0,8,3,39,0,0,0,10,1,0,2,8,11,3,1,15,16,57,7,3,876,2,17,2,14,83,1,0,0,1,11,8,1,7,0,35,0,0,0,1,4,0,0,0,0,0,0,0,0,0,0,0,0,0,0,0,0,2,0,0,0,2,0,2,0,1,0,0,0,0,0,0,0,1,1,0,0,68
su001_Post,1,326,307,110,0,1,37,4299,5,432,3,6,1,9,1,18,34,41,42,3,299,52,2,43,110,271,16,101,146,901,35,716,0,88,739,33,87,76,0,0,1,0,1,1,0,0,1,0,0,0,4,0,9,0,0,1,5,0,0,0,1,0,27,2,2,3,0,15,0,0,1,0,0,1,0,0,0,0,0,0,1,209,0,0,0,0,0,0,0,0,0,0,0,17,0,3,6,0,5,0,0,41,2,1,66,0,44,17,89,462
su001_Pre,0,0,0,0,0,0,0,2,0,0,0,0,0,1,1,0,3,14,3,0,4,13,9,52,73,46,1,11,103,72,9,42,0,46,405,1,14,8,0,0,1,0,0,1,0,0,0,0,0,1,1,0,19,0,0,0,0,0,0,1,0,1,0,2,0,0,0,5,0,0,0,0,0,4,0,0,1,0,0,0,0,12,0,0,0,0,0,0,0,1,0,0,0,0,0,0,2,0,5,0,0,0,0,0,5,1,8,1,23,121
su002_Post,0,1,0,0,0,0,0,1,1,0,0,0,0,6,1,0,1,0,2,1,3,1,8,3,1,7,1,2,26,20,1,38,0,12,12,2,14,2,0,0,0,0,0,1,0,0,1,0,0,0,1,1,0,0,0,0,0,0,0,0,0,0,0,0,0,0,0,3,0,0,0,0,0,0,0,0,0,0,0,0,0,0,0,0,0,0,0,0,0,0,0,0,0,0,0,0,0,0,0,0,0,0,0,0,0,0,1,0,0,30
su002_Pre,0,0,0,0,0,0,0,0,0,0,0,0,0,1,0,0,2,1,0,0,1,4,4,16,1,1,0,1,15,11,1,2,0,13,6,1,6,1,0,0,0,0,1,0,0,0,0,0,0,0,0,0,12,0,0,0,1,0,0,0,0,0,0,0,0,5,0,0,0,0,0,0,0,0,0,0,2,0,0,0,0,0,0,0,0,0,0,0,0,0,0,2,0,0,0,0,4,0,4,0,1,5,0,0,0,0,0,1,0,17
su003_Post,0,2,0,0,0,0,0,6,0,0,0,0,0,1,0,0,1,0,2,0,4,0,15,6,3,8,0,4,25,20,5,7,0,4,11,0,1,4,0,0,0,0,0,0,0,0,0,0,0,0,1,0,614,0,1,0,0,0,0,0,0,0,0,1,0,2,0,4,0,0,0,0,0,1,0,0,0,0,0,0,1,2,0,0,0,0,0,0,0,0,0,1,0,2,0,0,5,0,8,0,0,3,0,0,6,1,0,2,2,38
su003_Pre,0,0,0,0,0,0,0,0,0,0,0,0,0,0,0,0,0,0,0,0,1,0,1,0,0,3,1,0,7,8,1,12,0,13,23,0,1,4,0,1,4,3,2,3,1,0,6,0,1,0,0,12,25,0,19,0,2,1,0,0,0,0,0,4,0,4,0,2,0,1,1,0,0,0,0,0,0,0,0,0,0,5,0,0,0,0,0,0,0,0,0,0,0,0,0,1,12,0,0,0,0,0,0,0,1,0,2,0,3,44
su004_Post,0,1,0,0,0,0,0,10,0,0,0,0,0,0,0,0,1,6,0,2,48,2,5,4,7,5,5,6,51,14,1,37,0,13,64,6,6,2,0,0,1,0,0,0,0,0,0,1,0,0,1,0,60,0,0,0,0,1,0,0,0,0,64,6,4,0,0,2,0,0,4,0,0,6,0,0,1,0,0,0,0,27,0,0,0,0,0,0,0,0,1,0,2,27,0,1,27,0,28,0,7,52,0,0,14,5,5,1,22,147
su004_Pre,0,4,1,0,0,0,0,5,0,0,0,0,0,1,0,0,1,1,3,1,17,1,11,36,8,35,1,1,157,79,4,21,0,66,84,0,8,2,0,0,3,0,0,1,2,0,2,0,0,1,1,4,4,0,2,9,0,2,0,0,0,0,0,1,1,6,0,3,0,0,0,0,0,5,0,0,0,0,0,0,1,15,0,0,0,0,0,0,0,0,0,0,0,0,0,0,4,0,0,0,2,7,0,0,8,0,3,0,2,69
su005_Post,0,3,4,7,0,0,3,116,0,13,2,4,0,4,0,17,21,371,19,11,84,57,151,199,117,109,0,94,150,87,23,150,0,44,399,200,40,5,0,2,0,0,0,0,4,0,0,1,0,3,2,0,10,0,0,0,8,3,0,0,1,0,147,18,1,2,0,7,0,0,1,0,2,10,0,0,1,0,0,0,0,11,2,0,0,0,0,0,0,0,3,0,5,48,0,7,8,1,51,0,3,71,0,1,52,1,13,90,294,409
su005_Pre,0,0,0,0,0,0,0,3,0,6,1,2,0,6,4,0,3,16,3,14,10,15,48,38,14,40,11,18,89,74,169,92,0,70,160,11,70,17,0,2,8,6,4,5,3,0,7,3,19,1,1,8,272,1,18,1,38,1,0,11,0,0,132,63,2,5,1,17,1,0,21,0,2,0,0,0,1,0,0,0,0,2,0,0,0,0,0,0,0,0,8,2,3,13,0,6,24,2,243,0,7,83,3,1,25,3,1,25,84,519
su006_Post,1,3,8,0,0,0,1,1,1,0,0,5,62,604,2,25,6,23,21,8,44,12,141,105,61,87,6,11,416,499,56,48,0,99,205,11,15,21,0,2,33,1,19,6,9,0,30,1,0,3,12,20,374,9,9,4,5,4,1,2,0,6,28,22,0,40,1,48,2,0,3,0,1,0,0,0,0,0,0,0,2,3,0,0,0,0,0,0,0,11,3,4,0,44,1,12,46,1,33,0,10,44,0,0,156,38,33,16,25,266
su006_Pre,0,5,1,5,0,0,1,27,0,0,0,38,219,1075,73,31,1,63,13,5,101,21,176,94,79,157,2,4,385,191,49,63,0,31,295,48,32,11,0,0,0,0,0,1,1,0,0,0,0,0,2,0,1411,0,0,0,1,1,0,0,0,0,142,0,17,3,0,18,0,0,0,0,3,0,0,0,0,0,0,0,0,2,0,0,0,0,0,0,0,0,2,0,0,2,0,3,2,1,24,1,0,6,1,0,10,5,2,18,20,212
su007_Post,0,0,1,0,0,0,0,6,0,2,0,0,1,1,2,0,0,0,1,0,3,1,3,2,2,3,1,1,18,41,3,15,0,17,18,0,3,1,0,0,0,0,0,0,0,0,0,0,0,0,0,0,13,0,0,0,0,0,0,4,0,0,0,0,0,3,0,0,0,0,0,0,0,0,0,0,0,0,0,0,0,15,1,0,0,0,0,0,0,0,0,0,0,2,0,0,0,0,1,0,0,1,0,0,1,0,1,0,0,61
su007_Pre,0,0,0,0,0,0,0,4,0,1,0,0,20,52,5,0,1,3,8,0,14,10,53,75,14,48,8,0,263,345,8,60,0,112,222,0,36,44,0,0,12,0,11,0,1,0,1,0,4,0,3,19,75,3,29,4,2,3,0,42,2,0,0,8,0,16,3,10,3,8,1,0,0,0,0,0,0,0,0,0,0,7,1,0,0,0,0,0,0,0,0,2,0,1,0,0,11,0,0,0,0,1,0,0,12,3,18,0,0,203
su008_Post,4,89,15,0,0,0,2,77,0,7,0,0,8,52,0,5,6,12,58,42,39,41,1,205,34,176,6,51,39,1003,304,362,0,632,240,29,210,48,0,0,1,2,1,11,1,0,3,2,2,8,15,15,24,0,2,0,0,2,0,0,0,0,1,10,0,15,0,63,1,0,14,0,0,1,0,0,13,0,0,0,11,35,30,0,0,0,1,1,0,9,3,5,1,9,0,6,52,0,0,0,1,46,4,0,90,9,206,2,37,470
su008_Pre,0,10,2,0,0,0,1,27,0,6,0,2,8,9,4,7,3,9,11,1,30,11,75,22,11,37,6,49,207,231,67,101,0,41,87,14,82,19,0,0,1,2,3,6,19,0,6,4,5,10,8,4,832,2,5,1,1,1,0,0,0,0,8,3,1,7,0,63,0,1,0,0,0,3,0,0,4,0,0,0,3,31,2,0,0,0,0,0,0,0,0,9,0,1,1,3,37,1,4,0,0,33,0,0,15,5,17,3,16,169
su009_Post,0,0,0,0,0,0,0,0,0,0,0,0,0,0,0,0,1,16,123,50,205,451,13,252,13,396,70,18,99,935,64,742,0,623,262,53,400,140,0,0,0,0,0,0,0,0,0,0,0,0,1,0,0,0,0,0,0,0,0,0,0,0,0,0,0,0,0,0,0,0,0,0,0,0,0,0,0,0,0,0,0,0,0,0,0,0,0,0,0,0,0,0,0,0,0,0,1,0,0,0,0,0,0,0,0,0,0,0,0,63
su009_Pre,0,0,0,0,0,0,0,0,0,0,0,0,0,0,0,0,1,0,58,34,177,193,4,168,5,237,47,14,63,864,84,716,0,569,195,55,274,136,0,0,0,0,0,0,0,0,0,0,0,0,0,0,0,0,0,0,0,0,0,0,0,0,0,0,0,0,0,0,0,0,0,0,0,0,0,0,0,0,0,0,0,0,0,0,0,0,0,0,0,0,0,0,0,0,0,0,0,0,0,0,0,0,0,0,0,0,0,0,0,169
su010_Post,0,0,0,0,0,0,0,0,0,0,0,0,0,0,0,0,3,4,7,8,3,3,14,27,0,17,1,10,63,89,69,50,0,31,7,3,72,20,0,0,0,0,0,0,0,0,0,0,0,0,0,0,2,0,0,0,0,0,0,0,0,0,1,0,0,0,0,0,0,0,0,0,0,0,0,0,0,0,0,0,0,0,0,0,0,0,0,0,0,0,0,0,0,0,0,0,0,0,0,0,0,0,0,0,0,0,0,0,0,24
su010_Pre,0,0,0,0,0,0,0,0,0,0,0,0,0,1,1,0,0,0,1,2,1,0,2,1,0,0,2,9,10,34,4,3,0,8,4,0,7,5,0,0,0,0,0,0,0,0,0,0,0,0,0,0,1,0,0,0,0,0,0,0,0,0,0,0,0,0,0,0,0,0,0,0,0,0,0,0,0,0,0,0,0,0,0,0,0,0,0,0,0,0,0,0,0,0,0,0,0,0,0,0,0,0,0,0,0,0,0,0,0,12
su012_Post,0,0,0,0,0,0,0,0,0,0,0,0,0,2,0,0,0,5,4,1,20,23,64,9,4,24,0,0,268,75,3,101,0,28,68,5,14,1,0,0,0,0,0,0,0,0,0,0,0,0,0,0,0,0,0,0,0,0,0,0,0,0,0,0,0,0,0,0,0,0,0,0,0,0,0,0,0,0,0,0,0,0,0,0,0,0,0,0,0,0,0,0,0,0,0,0,0,0,0,0,0,0,0,0,0,0,0,0,0,64
su012_Pre,0,0,0,0,0,0,0,0,0,0,0,0,3,7,4,0,1,5,12,3,64,24,392,42,64,145,4,5,603,335,4,171,0,112,324,3,77,37,0,0,0,0,0,0,0,0,0,0,0,0,0,0,0,0,0,0,0,0,0,0,0,0,1,0,0,0,0,0,0,0,0,0,0,0,0,0,0,0,0,0,0,0,0,0,0,0,0,0,0,0,0,0,0,0,0,0,0,0,1,0,0,0,0,0,0,0,0,0,0,97
